# Lagrange radii [code units]
#1:t 2:r(0.0001) 3:r(0.0003) 4:r(0.0005) 5:r(0.0007) 6:r(0.0009) 7:r(0.001) 8:r(0.003) 9:r(0.005) 10:r(0.007) 11:r(0.009) 12:r(0.01) 13:r(0.03) 14:r(0.05) 15:r(0.07) 16:r(0.09) 17:r(0.1) 18:r(0.2) 19:r(0.3) 20:r(0.4) 21:r(0.5) 22:r(0.6) 23:r(0.7) 24:r(0.8) 25:r(0.9) 26:r(0.99)
0.000000000e+00 3.135099e-02 4.007720e-02 4.745182e-02 5.447245e-02 6.042985e-02 6.197469e-02 8.890494e-02 1.048792e-01 1.190342e-01 1.304900e-01 1.352091e-01 1.952212e-01 2.324333e-01 2.663818e-01 2.967089e-01 3.106748e-01 4.375220e-01 5.525189e-01 6.734363e-01 8.132073e-01 9.797359e-01 1.182232e+00 1.444557e+00 1.881042e+00 2.979906e+00 
1.454818974e-06 3.135702e-02 4.044700e-02 4.955687e-02 5.572482e-02 5.865339e-02 6.196999e-02 8.812738e-02 1.001482e-01 1.120908e-01 1.230192e-01 1.285909e-01 1.932668e-01 2.339827e-01 2.682861e-01 2.992408e-01 3.123106e-01 4.377106e-01 5.549741e-01 6.777281e-01 8.158249e-01 9.754751e-01 1.180524e+00 1.457981e+00 1.894685e+00 2.989501e+00 
4.432308835e-06 3.100837e-02 4.255828e-02 5.106010e-02 5.505541e-02 5.646229e-02 5.804179e-02 8.620127e-02 1.030499e-01 1.169434e-01 1.271080e-01 1.310888e-01 1.935881e-01 2.356745e-01 2.692923e-01 3.009521e-01 3.131832e-01 4.346836e-01 5.580074e-01 6.835006e-01 8.179170e-01 9.794933e-01 1.188165e+00 1.459953e+00 1.876727e+00 2.997480e+00 
7.152731612e-06 2.986159e-02 4.295713e-02 5.202851e-02 5.849559e-02 6.169731e-02 6.416605e-02 8.791067e-02 1.067511e-01 1.204091e-01 1.310671e-01 1.367912e-01 1.939335e-01 2.349346e-01 2.690120e-01 2.980241e-01 3.136583e-01 4.354032e-01 5.552815e-01 6.789615e-01 8.177150e-01 9.821542e-01 1.189670e+00 1.462172e+00 1.879618e+00 2.980070e+00 
9.864015320e-06 3.267776e-02 4.732912e-02 5.512656e-02 5.926946e-02 6.233330e-02 6.529612e-02 8.768069e-02 1.054110e-01 1.161759e-01 1.272602e-01 1.332031e-01 1.900763e-01 2.293555e-01 2.631475e-01 2.964301e-01 3.110304e-01 4.376653e-01 5.593932e-01 6.792754e-01 8.098947e-01 9.706232e-01 1.184397e+00 1.447998e+00 1.885522e+00 2.978484e+00 
1.191989296e-05 3.007020e-02 4.363111e-02 5.024076e-02 5.367920e-02 5.945693e-02 6.122543e-02 8.709281e-02 1.009207e-01 1.128919e-01 1.176682e-01 1.226462e-01 1.929949e-01 2.327238e-01 2.697636e-01 2.972352e-01 3.101578e-01 4.338716e-01 5.565916e-01 6.795673e-01 8.168415e-01 9.731808e-01 1.169291e+00 1.435349e+00 1.858705e+00 2.900855e+00 
1.453765760e-05 2.899823e-02 4.157756e-02 5.015516e-02 5.520956e-02 6.077444e-02 6.297163e-02 8.819847e-02 1.052623e-01 1.173217e-01 1.281986e-01 1.332983e-01 1.933419e-01 2.389597e-01 2.703695e-01 2.994057e-01 3.135065e-01 4.377612e-01 5.577045e-01 6.781820e-01 8.157626e-01 9.766603e-01 1.176661e+00 1.452190e+00 1.877659e+00 2.955759e+00 
1.692342724e-05 3.277070e-02 4.351090e-02 5.049087e-02 5.695968e-02 6.261215e-02 6.436102e-02 8.826445e-02 1.051270e-01 1.184264e-01 1.277424e-01 1.337562e-01 1.988586e-01 2.374932e-01 2.723574e-01 3.032417e-01 3.167764e-01 4.426419e-01 5.585984e-01 6.804359e-01 8.160933e-01 9.756005e-01 1.175077e+00 1.443958e+00 1.880956e+00 2.973281e+00 
1.763216593e-05 3.042363e-02 4.749949e-02 5.478329e-02 5.479652e-02 5.629331e-02 5.817820e-02 8.746969e-02 1.008271e-01 1.124432e-01 1.238631e-01 1.297606e-01 1.929526e-01 2.332942e-01 2.683329e-01 2.952820e-01 3.094580e-01 4.375609e-01 5.581221e-01 6.767047e-01 8.147382e-01 9.829699e-01 1.186280e+00 1.454324e+00 1.882829e+00 2.988538e+00 
2.072009864e-05 3.106472e-02 4.221939e-02 5.101784e-02 5.843050e-02 6.173629e-02 6.324581e-02 9.219914e-02 1.062187e-01 1.137700e-01 1.242067e-01 1.282107e-01 1.946903e-01 2.327858e-01 2.694000e-01 2.991303e-01 3.146412e-01 4.392615e-01 5.562317e-01 6.793648e-01 8.126513e-01 9.797428e-01 1.180468e+00 1.460572e+00 1.896384e+00 2.974888e+00 
2.247877954e-05 3.407187e-02 4.314336e-02 4.806166e-02 5.505885e-02 5.785062e-02 6.121072e-02 8.574909e-02 1.020578e-01 1.157509e-01 1.261879e-01 1.299716e-01 1.964222e-01 2.386344e-01 2.711166e-01 3.010400e-01 3.161121e-01 4.404892e-01 5.588153e-01 6.831459e-01 8.234160e-01 9.803979e-01 1.179887e+00 1.447405e+00 1.884479e+00 2.967989e+00 
2.501346303e-05 2.601986e-02 4.209539e-02 4.462355e-02 5.211031e-02 5.748573e-02 5.935823e-02 8.739051e-02 1.054268e-01 1.134276e-01 1.236002e-01 1.278379e-01 1.922736e-01 2.368411e-01 2.725300e-01 3.049763e-01 3.197133e-01 4.412652e-01 5.578316e-01 6.838178e-01 8.226504e-01 9.801521e-01 1.187935e+00 1.463646e+00 1.881366e+00 2.957830e+00 
2.654144085e-05 2.349155e-02 3.725442e-02 4.489831e-02 5.227144e-02 5.605082e-02 5.971876e-02 8.606238e-02 1.044072e-01 1.155437e-01 1.225887e-01 1.259822e-01 1.899239e-01 2.328094e-01 2.709338e-01 3.010123e-01 3.163755e-01 4.404286e-01 5.548679e-01 6.755495e-01 8.177022e-01 9.896684e-01 1.191108e+00 1.467003e+00 1.893375e+00 2.946394e+00 
2.931046604e-05 3.062173e-02 4.218092e-02 4.588993e-02 5.260933e-02 5.866803e-02 6.008677e-02 8.595184e-02 9.810462e-02 1.113499e-01 1.251337e-01 1.305671e-01 1.901830e-01 2.314836e-01 2.629340e-01 2.944227e-01 3.086305e-01 4.342110e-01 5.537278e-01 6.772855e-01 8.154789e-01 9.779508e-01 1.180481e+00 1.465909e+00 1.892135e+00 2.965656e+00 
3.128700257e-05 3.248771e-02 4.381706e-02 4.972677e-02 5.074481e-02 5.574050e-02 5.786941e-02 8.293900e-02 9.749852e-02 1.116508e-01 1.224507e-01 1.287949e-01 1.883302e-01 2.298886e-01 2.624503e-01 2.946166e-01 3.074358e-01 4.364651e-01 5.566940e-01 6.740783e-01 8.091762e-01 9.748601e-01 1.178458e+00 1.453487e+00 1.891648e+00 2.990652e+00 
3.248537400e-05 3.022749e-02 4.381468e-02 5.054683e-02 5.653589e-02 5.906587e-02 6.088813e-02 8.293429e-02 9.609126e-02 1.099102e-01 1.165488e-01 1.201498e-01 1.807172e-01 2.253938e-01 2.603909e-01 2.946957e-01 3.082829e-01 4.370042e-01 5.505079e-01 6.703087e-01 8.069915e-01 9.731427e-01 1.174294e+00 1.457317e+00 1.897227e+00 3.021891e+00 
3.636828291e-05 2.784867e-02 3.466828e-02 4.485177e-02 5.091478e-02 5.506033e-02 5.507182e-02 7.812380e-02 9.371734e-02 1.073547e-01 1.193682e-01 1.232235e-01 1.884345e-01 2.326158e-01 2.691675e-01 2.992784e-01 3.140346e-01 4.373358e-01 5.565870e-01 6.766019e-01 8.103256e-01 9.706046e-01 1.183626e+00 1.455001e+00 1.877982e+00 2.994332e+00 
3.915737630e-05 2.610806e-02 3.659797e-02 4.524656e-02 4.940726e-02 5.058746e-02 5.431354e-02 8.418214e-02 9.894717e-02 1.127214e-01 1.230756e-01 1.255604e-01 1.919244e-01 2.316761e-01 2.666581e-01 2.967799e-01 3.121547e-01 4.329251e-01 5.547459e-01 6.728147e-01 8.118006e-01 9.709908e-01 1.167319e+00 1.450789e+00 1.866506e+00 2.973171e+00 
4.021976618e-05 1.928410e-02 3.763417e-02 4.408050e-02 5.089908e-02 5.517155e-02 5.727577e-02 8.277550e-02 9.741888e-02 1.082364e-01 1.172299e-01 1.194420e-01 1.876822e-01 2.331418e-01 2.691765e-01 2.993247e-01 3.121693e-01 4.409488e-01 5.529649e-01 6.749727e-01 8.144942e-01 9.773400e-01 1.187774e+00 1.461266e+00 1.899199e+00 2.990259e+00 
4.276323699e-05 3.287855e-02 4.169654e-02 5.036249e-02 5.652880e-02 6.131374e-02 6.264110e-02 7.959500e-02 9.533107e-02 1.115524e-01 1.231926e-01 1.291814e-01 1.891395e-01 2.319907e-01 2.627873e-01 2.941592e-01 3.089212e-01 4.331724e-01 5.506258e-01 6.725361e-01 8.096592e-01 9.754331e-01 1.173126e+00 1.450007e+00 1.876351e+00 3.014628e+00 
4.421274823e-05 2.859659e-02 4.117211e-02 4.642837e-02 5.028744e-02 5.596924e-02 5.773631e-02 8.486737e-02 1.012738e-01 1.141963e-01 1.263010e-01 1.295633e-01 1.918242e-01 2.340890e-01 2.683020e-01 2.968226e-01 3.110483e-01 4.379922e-01 5.585611e-01 6.781362e-01 8.175422e-01 9.822499e-01 1.191461e+00 1.466607e+00 1.887303e+00 3.008003e+00 
4.589330966e-05 2.984682e-02 4.103516e-02 4.701526e-02 4.945890e-02 5.340858e-02 5.346797e-02 8.174296e-02 9.655091e-02 1.100129e-01 1.233001e-01 1.300155e-01 1.944848e-01 2.316749e-01 2.641834e-01 2.973673e-01 3.111668e-01 4.361940e-01 5.527162e-01 6.765863e-01 8.114332e-01 9.793580e-01 1.182366e+00 1.452182e+00 1.883036e+00 3.004520e+00 
4.782458919e-05 2.994523e-02 4.151229e-02 4.804168e-02 5.344675e-02 5.739240e-02 5.913140e-02 8.356933e-02 1.035142e-01 1.173073e-01 1.228746e-01 1.284958e-01 1.898329e-01 2.288555e-01 2.637760e-01 2.926755e-01 3.064506e-01 4.319312e-01 5.509447e-01 6.768769e-01 8.189896e-01 9.781078e-01 1.178434e+00 1.452036e+00 1.873809e+00 2.974171e+00 
5.035563986e-05 2.471077e-02 3.872786e-02 4.707843e-02 4.808252e-02 5.388582e-02 5.500761e-02 7.596144e-02 9.183036e-02 1.034662e-01 1.159421e-01 1.187948e-01 1.823872e-01 2.273381e-01 2.619491e-01 2.920749e-01 3.077196e-01 4.359239e-01 5.517383e-01 6.774965e-01 8.126976e-01 9.679819e-01 1.180878e+00 1.463527e+00 1.882593e+00 3.004968e+00 
5.299597443e-05 2.613405e-02 3.991431e-02 4.636923e-02 4.914948e-02 5.292168e-02 5.539780e-02 8.326409e-02 1.005125e-01 1.086303e-01 1.200033e-01 1.248415e-01 1.872415e-01 2.295381e-01 2.656085e-01 2.946341e-01 3.079256e-01 4.372596e-01 5.575666e-01 6.767191e-01 8.143720e-01 9.813443e-01 1.179350e+00 1.454645e+00 1.878958e+00 3.017220e+00 
5.581667234e-05 2.527290e-02 3.815103e-02 4.561937e-02 4.822116e-02 5.445887e-02 5.764931e-02 8.622215e-02 9.828187e-02 1.106453e-01 1.221080e-01 1.278156e-01 1.920340e-01 2.320132e-01 2.648417e-01 2.985087e-01 3.115606e-01 4.386947e-01 5.579069e-01 6.826048e-01 8.166954e-01 9.785461e-01 1.181841e+00 1.460492e+00 1.889077e+00 3.004526e+00 
5.799163607e-05 3.225134e-02 4.327628e-02 5.055093e-02 5.572835e-02 6.034210e-02 6.176321e-02 8.315214e-02 9.856675e-02 1.119185e-01 1.204487e-01 1.246925e-01 1.901325e-01 2.331474e-01 2.664417e-01 2.968023e-01 3.105348e-01 4.383245e-01 5.526385e-01 6.771067e-01 8.138804e-01 9.809352e-01 1.187019e+00 1.450315e+00 1.887752e+00 2.989803e+00 
6.024681459e-05 2.918187e-02 4.381521e-02 5.123613e-02 5.771499e-02 6.039300e-02 6.058211e-02 8.461517e-02 1.013753e-01 1.150626e-01 1.238366e-01 1.289240e-01 1.906685e-01 2.310225e-01 2.665855e-01 2.988690e-01 3.133666e-01 4.346300e-01 5.557229e-01 6.783821e-01 8.161664e-01 9.735891e-01 1.184765e+00 1.460547e+00 1.891495e+00 3.004831e+00 
6.162232344e-05 2.678643e-02 4.145191e-02 4.984534e-02 5.458062e-02 5.888736e-02 6.082444e-02 8.032446e-02 9.093053e-02 1.084395e-01 1.182803e-01 1.227460e-01 1.911243e-01 2.317484e-01 2.673262e-01 2.964678e-01 3.101767e-01 4.345385e-01 5.484717e-01 6.729176e-01 8.089687e-01 9.720574e-01 1.182281e+00 1.455893e+00 1.888612e+00 3.017265e+00 
6.239666977e-05 2.853549e-02 4.009969e-02 4.704855e-02 5.291741e-02 5.622860e-02 5.632317e-02 7.732853e-02 9.596270e-02 1.091597e-01 1.184652e-01 1.245449e-01 1.876213e-01 2.327618e-01 2.668192e-01 2.993060e-01 3.128669e-01 4.402023e-01 5.550921e-01 6.779270e-01 8.095251e-01 9.748691e-01 1.179721e+00 1.453897e+00 1.864110e+00 3.014382e+00 
6.462496851e-05 2.756599e-02 4.114180e-02 5.003645e-02 5.439069e-02 5.516770e-02 5.774314e-02 8.427733e-02 9.618588e-02 1.087270e-01 1.214633e-01 1.276345e-01 1.901991e-01 2.348786e-01 2.685235e-01 2.997267e-01 3.131277e-01 4.381785e-01 5.546820e-01 6.801496e-01 8.113468e-01 9.764381e-01 1.178453e+00 1.451751e+00 1.876761e+00 2.977661e+00 
6.768346370e-05 2.736841e-02 3.731910e-02 4.683257e-02 5.270467e-02 5.661651e-02 5.917906e-02 8.409150e-02 9.645919e-02 1.100998e-01 1.205895e-01 1.254505e-01 1.909562e-01 2.343722e-01 2.650087e-01 2.963493e-01 3.103704e-01 4.354112e-01 5.581403e-01 6.759701e-01 8.124818e-01 9.792206e-01 1.179668e+00 1.459925e+00 1.903677e+00 3.008750e+00 
6.928368710e-05 2.716954e-02 3.783842e-02 4.722472e-02 5.471402e-02 5.921555e-02 6.012668e-02 8.330828e-02 9.664531e-02 1.127124e-01 1.263647e-01 1.311856e-01 1.878605e-01 2.261701e-01 2.616262e-01 2.951308e-01 3.089323e-01 4.322391e-01 5.530679e-01 6.805446e-01 8.197290e-01 9.788752e-01 1.181309e+00 1.452703e+00 1.891373e+00 3.010430e+00 
7.190500585e-05 1.984315e-02 4.022413e-02 4.503171e-02 5.254033e-02 5.755816e-02 5.895416e-02 7.614846e-02 9.273467e-02 1.054625e-01 1.154626e-01 1.208251e-01 1.838703e-01 2.278921e-01 2.649722e-01 2.964963e-01 3.121136e-01 4.386089e-01 5.572357e-01 6.806082e-01 8.143118e-01 9.824852e-01 1.180859e+00 1.454405e+00 1.880709e+00 2.985210e+00 
7.447867678e-05 2.446717e-02 3.663585e-02 4.614621e-02 5.302914e-02 5.847496e-02 6.014373e-02 8.422940e-02 9.537605e-02 1.112055e-01 1.215863e-01 1.248433e-01 1.945255e-01 2.367392e-01 2.693022e-01 2.992340e-01 3.144026e-01 4.419604e-01 5.606641e-01 6.801334e-01 8.196282e-01 9.746064e-01 1.176526e+00 1.447992e+00 1.888921e+00 3.023128e+00 
7.649871864e-05 2.448931e-02 3.932371e-02 4.769561e-02 5.175998e-02 5.745932e-02 5.967328e-02 8.566768e-02 1.014901e-01 1.130756e-01 1.217303e-01 1.283760e-01 1.928693e-01 2.361795e-01 2.733771e-01 3.014537e-01 3.163188e-01 4.407458e-01 5.572760e-01 6.799348e-01 8.208803e-01 9.923027e-01 1.190143e+00 1.457393e+00 1.882220e+00 2.988956e+00 
8.104220754e-05 2.537214e-02 3.877201e-02 4.758970e-02 5.525919e-02 6.058032e-02 6.236263e-02 8.488655e-02 1.021538e-01 1.162134e-01 1.259017e-01 1.316388e-01 1.959932e-01 2.355167e-01 2.746805e-01 3.050616e-01 3.182595e-01 4.385912e-01 5.569310e-01 6.824260e-01 8.226882e-01 9.853140e-01 1.195660e+00 1.467565e+00 1.891789e+00 3.024616e+00 
8.213729756e-05 2.921965e-02 4.315874e-02 4.968310e-02 5.490717e-02 6.050419e-02 6.055525e-02 8.518973e-02 1.036269e-01 1.170210e-01 1.273493e-01 1.333426e-01 1.907796e-01 2.340185e-01 2.687003e-01 3.002951e-01 3.152883e-01 4.371584e-01 5.607014e-01 6.822256e-01 8.180488e-01 9.811689e-01 1.188993e+00 1.466244e+00 1.896959e+00 3.005683e+00 
8.430227046e-05 1.790823e-02 3.581525e-02 4.251749e-02 4.415959e-02 5.029809e-02 5.417788e-02 8.362188e-02 9.717597e-02 1.099384e-01 1.220287e-01 1.274039e-01 1.904083e-01 2.324670e-01 2.661736e-01 2.978074e-01 3.116107e-01 4.362014e-01 5.561867e-01 6.798916e-01 8.144863e-01 9.766308e-01 1.180169e+00 1.454192e+00 1.901339e+00 3.020381e+00 
8.765389975e-05 2.876321e-02 4.393700e-02 5.079147e-02 5.340356e-02 5.823320e-02 6.087396e-02 8.260257e-02 9.934901e-02 1.084268e-01 1.206782e-01 1.242751e-01 1.912244e-01 2.296399e-01 2.636596e-01 2.964641e-01 3.114462e-01 4.376154e-01 5.555046e-01 6.823088e-01 8.168894e-01 9.809987e-01 1.185559e+00 1.460509e+00 1.898614e+00 2.998599e+00 
8.869469055e-05 2.534322e-02 3.896942e-02 4.802685e-02 5.322642e-02 5.619711e-02 5.620279e-02 7.648707e-02 9.936175e-02 1.072149e-01 1.135713e-01 1.196063e-01 1.892979e-01 2.326298e-01 2.677805e-01 2.988712e-01 3.112722e-01 4.391794e-01 5.604218e-01 6.824091e-01 8.208429e-01 9.860220e-01 1.191616e+00 1.449263e+00 1.888497e+00 2.999167e+00 
9.250190295e-05 2.838921e-02 4.127706e-02 4.886976e-02 5.677825e-02 6.069210e-02 6.252773e-02 9.008208e-02 1.063323e-01 1.162723e-01 1.269216e-01 1.316586e-01 1.912236e-01 2.322173e-01 2.677428e-01 2.975456e-01 3.110542e-01 4.377008e-01 5.553136e-01 6.797382e-01 8.167253e-01 9.830891e-01 1.185670e+00 1.461985e+00 1.885381e+00 2.977501e+00 
9.553261356e-05 2.563299e-02 3.916695e-02 4.684924e-02 5.131225e-02 5.437259e-02 5.607233e-02 7.741614e-02 9.224775e-02 1.056899e-01 1.186244e-01 1.203029e-01 1.890077e-01 2.337240e-01 2.671109e-01 2.969342e-01 3.114309e-01 4.341891e-01 5.555985e-01 6.779674e-01 8.106738e-01 9.786818e-01 1.187461e+00 1.467335e+00 1.906916e+00 3.012068e+00 
9.873919595e-05 2.632751e-02 3.922011e-02 4.667195e-02 5.283544e-02 5.752489e-02 5.888893e-02 8.081080e-02 9.683853e-02 1.078068e-01 1.168685e-01 1.189333e-01 1.821342e-01 2.287465e-01 2.630838e-01 2.959012e-01 3.114029e-01 4.354402e-01 5.545321e-01 6.774583e-01 8.155098e-01 9.795898e-01 1.183221e+00 1.456420e+00 1.880462e+00 3.017228e+00 
1.004494211e-04 2.570584e-02 3.524596e-02 4.265101e-02 4.899253e-02 5.178243e-02 5.183394e-02 7.381931e-02 9.315969e-02 1.085798e-01 1.203833e-01 1.247581e-01 1.881017e-01 2.309594e-01 2.669303e-01 2.964788e-01 3.112384e-01 4.384026e-01 5.555014e-01 6.800980e-01 8.142661e-01 9.836817e-01 1.184000e+00 1.466546e+00 1.877737e+00 2.960854e+00 
1.033175654e-04 1.824584e-02 1.857849e-02 2.770534e-02 3.930719e-02 4.460618e-02 4.554576e-02 7.438959e-02 9.190758e-02 1.030102e-01 1.121122e-01 1.188786e-01 1.893741e-01 2.317434e-01 2.648898e-01 2.983447e-01 3.133995e-01 4.427174e-01 5.593656e-01 6.857317e-01 8.256915e-01 9.790744e-01 1.185058e+00 1.460414e+00 1.892551e+00 2.991068e+00 
1.068708522e-04 2.711295e-02 3.757235e-02 4.802521e-02 4.946288e-02 5.445726e-02 5.682248e-02 7.950317e-02 9.845929e-02 1.141960e-01 1.239268e-01 1.299181e-01 1.935269e-01 2.383199e-01 2.666422e-01 2.956896e-01 3.108090e-01 4.390630e-01 5.593210e-01 6.853364e-01 8.243365e-01 9.877965e-01 1.193456e+00 1.479399e+00 1.909668e+00 3.059797e+00 
1.101760380e-04 2.757782e-02 3.536796e-02 3.955390e-02 4.699377e-02 5.121376e-02 5.620070e-02 8.361454e-02 9.736103e-02 1.109643e-01 1.218647e-01 1.267586e-01 1.954985e-01 2.398178e-01 2.742971e-01 3.036418e-01 3.170217e-01 4.407602e-01 5.607646e-01 6.832539e-01 8.184997e-01 9.862943e-01 1.189088e+00 1.475088e+00 1.909085e+00 3.033423e+00 
1.138813196e-04 3.365724e-02 4.495371e-02 5.170024e-02 5.825964e-02 5.914733e-02 5.939373e-02 9.015567e-02 1.044531e-01 1.155553e-01 1.250105e-01 1.302062e-01 1.988008e-01 2.390447e-01 2.728126e-01 3.012649e-01 3.144942e-01 4.427030e-01 5.640682e-01 6.893526e-01 8.249741e-01 9.946367e-01 1.201596e+00 1.482945e+00 1.913374e+00 3.016072e+00 
1.164751285e-04 2.941091e-02 3.782802e-02 5.001421e-02 5.512193e-02 5.731827e-02 6.044603e-02 8.993338e-02 1.074781e-01 1.211982e-01 1.299294e-01 1.345547e-01 1.931880e-01 2.371517e-01 2.722056e-01 3.040729e-01 3.184156e-01 4.460940e-01 5.681414e-01 6.922202e-01 8.306102e-01 9.994344e-01 1.207018e+00 1.486228e+00 1.927565e+00 3.041672e+00 
1.178233246e-04 3.213504e-02 4.484800e-02 5.246110e-02 5.935921e-02 6.356611e-02 6.519618e-02 9.078022e-02 1.073451e-01 1.185969e-01 1.314309e-01 1.368050e-01 1.991287e-01 2.411297e-01 2.770072e-01 3.056330e-01 3.198517e-01 4.472732e-01 5.693907e-01 6.945623e-01 8.301070e-01 1.000594e+00 1.207796e+00 1.488504e+00 1.928636e+00 3.073129e+00 
1.204616731e-04 3.158031e-02 3.933589e-02 4.564169e-02 4.971429e-02 5.766065e-02 5.988508e-02 8.611298e-02 1.049404e-01 1.172701e-01 1.288301e-01 1.316279e-01 1.963043e-01 2.417981e-01 2.743898e-01 3.053986e-01 3.199269e-01 4.486385e-01 5.698895e-01 6.936825e-01 8.321416e-01 1.001149e+00 1.203264e+00 1.481547e+00 1.917840e+00 3.074756e+00 
1.227712590e-04 2.953545e-02 4.541203e-02 5.153720e-02 5.373197e-02 6.107739e-02 6.271917e-02 8.334952e-02 1.024271e-01 1.165394e-01 1.278071e-01 1.332960e-01 1.972703e-01 2.374137e-01 2.730703e-01 3.059898e-01 3.202121e-01 4.460603e-01 5.725911e-01 6.963396e-01 8.398839e-01 1.007646e+00 1.206520e+00 1.481278e+00 1.912983e+00 3.053386e+00 
1.249698949e-04 3.306335e-02 4.554956e-02 4.991829e-02 5.688333e-02 6.352682e-02 6.537041e-02 8.773576e-02 1.015268e-01 1.148554e-01 1.257694e-01 1.322959e-01 1.961758e-01 2.365726e-01 2.753738e-01 3.045629e-01 3.185070e-01 4.505745e-01 5.693259e-01 6.956712e-01 8.354958e-01 1.003318e+00 1.208637e+00 1.478312e+00 1.913512e+00 3.047564e+00 
1.296102276e-04 2.704310e-02 3.482613e-02 3.998463e-02 4.638669e-02 5.193539e-02 5.527568e-02 8.289683e-02 1.041371e-01 1.152653e-01 1.279812e-01 1.319376e-01 1.965285e-01 2.434775e-01 2.771464e-01 3.064486e-01 3.226719e-01 4.501018e-01 5.745904e-01 6.972204e-01 8.330480e-01 9.959517e-01 1.205390e+00 1.478584e+00 1.926908e+00 3.094038e+00 
1.323063969e-04 2.820119e-02 4.301853e-02 4.531120e-02 5.225822e-02 5.676504e-02 5.804508e-02 7.715547e-02 9.664174e-02 1.164409e-01 1.275818e-01 1.322964e-01 1.962463e-01 2.408585e-01 2.765895e-01 3.076767e-01 3.209648e-01 4.506319e-01 5.745219e-01 7.003390e-01 8.390006e-01 1.001632e+00 1.207047e+00 1.478954e+00 1.919806e+00 3.081858e+00 
1.363247834e-04 2.871121e-02 4.037885e-02 4.465331e-02 4.609483e-02 4.747792e-02 5.062731e-02 8.400206e-02 1.003664e-01 1.157699e-01 1.271996e-01 1.336499e-01 1.961381e-01 2.391435e-01 2.746056e-01 3.078695e-01 3.212527e-01 4.513454e-01 5.781413e-01 7.052960e-01 8.417485e-01 1.008469e+00 1.217880e+00 1.498265e+00 1.920811e+00 3.071947e+00 
1.398847782e-04 3.181199e-02 4.594185e-02 5.388384e-02 5.897976e-02 6.299258e-02 6.301110e-02 8.616930e-02 1.041137e-01 1.170513e-01 1.286026e-01 1.342186e-01 1.982854e-01 2.440145e-01 2.803659e-01 3.103244e-01 3.241107e-01 4.555740e-01 5.759354e-01 7.010252e-01 8.404601e-01 1.012238e+00 1.227057e+00 1.507425e+00 1.937605e+00 3.079767e+00 
1.427501996e-04 3.159768e-02 4.355424e-02 5.038860e-02 5.637832e-02 6.168419e-02 6.437955e-02 8.909567e-02 1.075488e-01 1.207633e-01 1.304871e-01 1.338121e-01 2.008035e-01 2.466253e-01 2.814022e-01 3.131220e-01 3.278735e-01 4.576165e-01 5.797585e-01 7.055837e-01 8.429354e-01 1.011903e+00 1.217875e+00 1.494469e+00 1.942384e+00 3.105004e+00 
1.443629700e-04 3.747109e-02 4.802717e-02 5.567778e-02 6.161087e-02 6.801441e-02 7.048481e-02 8.792505e-02 1.060511e-01 1.193822e-01 1.291837e-01 1.344448e-01 1.981483e-01 2.412679e-01 2.777417e-01 3.091390e-01 3.229476e-01 4.551887e-01 5.758524e-01 7.037482e-01 8.462892e-01 1.013260e+00 1.220291e+00 1.504003e+00 1.947364e+00 3.093512e+00 
1.470593805e-04 3.291481e-02 4.423867e-02 5.445987e-02 6.243167e-02 6.733383e-02 7.008615e-02 8.989099e-02 1.021816e-01 1.181151e-01 1.295818e-01 1.347914e-01 1.999740e-01 2.427042e-01 2.798704e-01 3.120024e-01 3.252311e-01 4.543645e-01 5.793323e-01 7.099264e-01 8.514960e-01 1.018847e+00 1.224435e+00 1.502362e+00 1.951597e+00 3.114567e+00 
1.489361639e-04 2.777121e-02 4.450519e-02 5.413144e-02 5.705043e-02 5.980260e-02 6.218579e-02 8.848206e-02 1.031412e-01 1.183624e-01 1.309833e-01 1.362674e-01 1.997344e-01 2.429314e-01 2.795031e-01 3.121319e-01 3.267768e-01 4.545274e-01 5.782012e-01 7.070454e-01 8.497893e-01 1.013998e+00 1.226533e+00 1.509403e+00 1.963648e+00 3.101812e+00 
1.539527859e-04 2.496998e-02 2.513991e-02 3.956784e-02 4.995353e-02 5.659601e-02 5.850552e-02 8.533176e-02 1.011504e-01 1.123524e-01 1.247708e-01 1.314912e-01 1.986110e-01 2.424312e-01 2.796234e-01 3.124317e-01 3.269761e-01 4.564803e-01 5.805433e-01 7.062114e-01 8.481141e-01 1.017101e+00 1.234399e+00 1.517816e+00 1.955665e+00 3.099639e+00 
1.620547459e-04 2.867696e-02 3.994271e-02 5.092677e-02 5.292394e-02 5.710056e-02 5.976100e-02 9.034105e-02 1.060498e-01 1.183827e-01 1.283677e-01 1.330828e-01 1.989606e-01 2.439157e-01 2.820517e-01 3.130668e-01 3.278843e-01 4.577451e-01 5.833478e-01 7.120555e-01 8.568915e-01 1.024326e+00 1.240093e+00 1.517168e+00 1.963297e+00 3.119584e+00 
1.700206274e-04 3.309241e-02 4.128254e-02 4.577240e-02 5.452946e-02 5.722323e-02 6.049111e-02 8.740020e-02 1.046229e-01 1.209549e-01 1.325235e-01 1.365892e-01 2.059220e-01 2.463561e-01 2.851379e-01 3.146819e-01 3.304926e-01 4.641535e-01 5.890000e-01 7.174401e-01 8.606039e-01 1.028913e+00 1.250155e+00 1.534810e+00 1.972757e+00 3.129273e+00 
1.758272759e-04 2.913644e-02 4.459847e-02 5.567544e-02 6.329574e-02 7.042609e-02 7.056621e-02 9.381620e-02 1.092518e-01 1.245606e-01 1.347948e-01 1.400830e-01 2.043251e-01 2.484348e-01 2.859069e-01 3.176354e-01 3.319656e-01 4.608889e-01 5.869964e-01 7.174694e-01 8.607317e-01 1.032993e+00 1.251310e+00 1.537116e+00 1.975139e+00 3.148410e+00 
1.898076014e-04 2.578737e-02 4.490154e-02 5.364292e-02 5.499645e-02 6.132222e-02 6.146264e-02 8.926902e-02 1.095624e-01 1.230242e-01 1.350810e-01 1.397878e-01 2.092037e-01 2.534931e-01 2.893255e-01 3.202584e-01 3.364479e-01 4.657910e-01 5.906113e-01 7.194595e-01 8.671020e-01 1.038437e+00 1.249484e+00 1.532128e+00 1.988352e+00 3.181826e+00 
2.116845231e-04 2.804488e-02 4.516953e-02 5.542284e-02 6.362365e-02 7.070455e-02 7.381329e-02 9.367786e-02 1.114392e-01 1.258304e-01 1.348339e-01 1.413056e-01 2.106145e-01 2.524491e-01 2.917489e-01 3.237666e-01 3.385976e-01 4.713946e-01 5.950698e-01 7.254484e-01 8.738211e-01 1.041086e+00 1.257330e+00 1.550899e+00 2.008014e+00 3.188233e+00 
2.299502962e-04 3.690850e-02 4.408623e-02 5.250586e-02 6.193598e-02 6.850950e-02 6.854393e-02 9.373508e-02 1.093165e-01 1.226217e-01 1.368073e-01 1.415620e-01 2.122585e-01 2.574167e-01 2.946631e-01 3.261651e-01 3.416990e-01 4.760490e-01 6.026427e-01 7.353575e-01 8.798647e-01 1.056158e+00 1.282090e+00 1.580448e+00 2.036663e+00 3.242737e+00 
2.709169947e-04 3.734145e-02 5.175854e-02 6.095219e-02 6.724513e-02 7.231659e-02 7.483405e-02 9.926700e-02 1.179602e-01 1.292604e-01 1.413330e-01 1.471380e-01 2.175714e-01 2.626595e-01 3.000670e-01 3.320423e-01 3.471010e-01 4.812733e-01 6.094927e-01 7.389167e-01 8.871464e-01 1.065901e+00 1.287912e+00 1.588326e+00 2.055688e+00 3.284753e+00 
3.036903536e-04 3.705032e-02 5.145937e-02 5.879077e-02 6.561840e-02 7.367924e-02 7.457106e-02 1.057535e-01 1.264504e-01 1.386542e-01 1.486973e-01 1.552596e-01 2.207242e-01 2.650119e-01 3.029504e-01 3.344301e-01 3.500977e-01 4.872248e-01 6.134400e-01 7.442923e-01 8.965404e-01 1.074908e+00 1.305399e+00 1.598850e+00 2.078699e+00 3.341215e+00 
3.321206912e-04 3.582894e-02 5.425242e-02 6.105458e-02 6.899880e-02 7.328046e-02 7.530915e-02 1.035927e-01 1.249032e-01 1.371537e-01 1.502674e-01 1.550731e-01 2.246666e-01 2.705074e-01 3.073803e-01 3.399809e-01 3.548014e-01 4.916517e-01 6.205035e-01 7.587379e-01 9.089736e-01 1.088018e+00 1.310729e+00 1.608591e+00 2.102184e+00 3.388239e+00 
3.440158280e-04 3.850815e-02 6.072636e-02 6.796184e-02 7.591706e-02 8.100920e-02 8.469529e-02 1.100631e-01 1.268013e-01 1.417442e-01 1.517106e-01 1.567368e-01 2.264000e-01 2.755627e-01 3.139455e-01 3.481386e-01 3.628308e-01 4.993699e-01 6.306853e-01 7.646616e-01 9.190898e-01 1.097892e+00 1.329911e+00 1.635491e+00 2.127806e+00 3.421578e+00 
3.631165156e-04 4.527102e-02 5.788311e-02 6.990658e-02 7.335652e-02 8.140501e-02 8.602211e-02 1.130329e-01 1.317494e-01 1.451393e-01 1.547875e-01 1.609706e-01 2.336334e-01 2.789401e-01 3.176394e-01 3.515704e-01 3.669227e-01 5.052936e-01 6.381475e-01 7.715304e-01 9.235106e-01 1.105508e+00 1.338797e+00 1.641421e+00 2.139756e+00 3.425216e+00 
3.767255657e-04 3.732594e-02 5.351049e-02 6.342089e-02 7.200179e-02 7.663776e-02 7.817377e-02 1.142319e-01 1.346950e-01 1.447570e-01 1.577586e-01 1.619747e-01 2.363289e-01 2.829676e-01 3.216649e-01 3.573679e-01 3.724016e-01 5.111251e-01 6.456921e-01 7.790516e-01 9.299604e-01 1.112216e+00 1.344778e+00 1.652607e+00 2.142582e+00 3.440575e+00 
3.947974886e-04 4.154117e-02 5.099000e-02 6.321254e-02 7.368435e-02 8.120181e-02 8.215574e-02 1.140165e-01 1.335759e-01 1.473804e-01 1.602241e-01 1.662273e-01 2.399467e-01 2.866302e-01 3.254968e-01 3.580698e-01 3.734867e-01 5.167069e-01 6.482249e-01 7.868384e-01 9.394816e-01 1.121828e+00 1.352016e+00 1.669601e+00 2.157143e+00 3.474548e+00 
4.031881555e-04 4.461559e-02 6.361996e-02 7.342323e-02 7.934727e-02 8.501875e-02 8.801578e-02 1.167498e-01 1.381117e-01 1.497945e-01 1.636149e-01 1.704475e-01 2.419067e-01 2.909089e-01 3.291194e-01 3.625868e-01 3.777488e-01 5.184955e-01 6.522471e-01 7.927550e-01 9.460389e-01 1.124100e+00 1.352814e+00 1.672806e+00 2.171766e+00 3.501392e+00 
4.179881806e-04 4.371225e-02 6.302112e-02 7.183193e-02 7.979289e-02 8.720962e-02 9.186370e-02 1.241409e-01 1.457913e-01 1.562229e-01 1.672965e-01 1.730878e-01 2.471991e-01 2.927331e-01 3.292691e-01 3.612463e-01 3.775535e-01 5.235033e-01 6.582140e-01 7.958332e-01 9.488853e-01 1.132267e+00 1.367910e+00 1.677785e+00 2.172656e+00 3.471063e+00 
4.378621202e-04 4.456102e-02 6.864928e-02 8.140152e-02 9.063332e-02 9.518653e-02 9.567954e-02 1.221732e-01 1.422265e-01 1.564251e-01 1.673190e-01 1.729930e-01 2.449604e-01 2.932384e-01 3.337678e-01 3.680225e-01 3.846569e-01 5.273118e-01 6.588698e-01 7.972288e-01 9.531863e-01 1.137171e+00 1.371931e+00 1.681772e+00 2.181437e+00 3.506727e+00 
4.563043498e-04 4.019629e-02 6.041072e-02 7.147290e-02 7.873149e-02 8.366986e-02 8.936919e-02 1.234404e-01 1.430280e-01 1.594407e-01 1.677918e-01 1.719163e-01 2.496710e-01 2.981319e-01 3.378545e-01 3.735375e-01 3.906107e-01 5.318159e-01 6.653732e-01 8.041747e-01 9.571179e-01 1.142520e+00 1.381849e+00 1.694530e+00 2.199482e+00 3.549974e+00 
4.711145519e-04 4.089102e-02 5.609722e-02 7.206275e-02 7.696784e-02 8.195960e-02 8.198850e-02 1.170714e-01 1.393304e-01 1.535815e-01 1.651947e-01 1.712367e-01 2.486894e-01 2.970162e-01 3.371943e-01 3.713599e-01 3.858133e-01 5.298395e-01 6.649968e-01 8.052297e-01 9.620005e-01 1.151340e+00 1.385248e+00 1.700359e+00 2.209376e+00 3.528835e+00 
4.948322928e-04 4.870289e-02 6.842370e-02 7.668921e-02 8.361279e-02 8.890894e-02 9.252723e-02 1.213777e-01 1.423307e-01 1.570511e-01 1.708508e-01 1.765423e-01 2.500937e-01 2.993627e-01 3.368717e-01 3.711911e-01 3.878865e-01 5.328848e-01 6.676194e-01 8.079552e-01 9.656411e-01 1.154495e+00 1.391352e+00 1.703539e+00 2.217072e+00 3.546960e+00 
5.193669384e-04 5.433965e-02 6.754863e-02 8.311560e-02 8.761319e-02 9.331155e-02 9.497271e-02 1.284359e-01 1.470730e-01 1.612563e-01 1.756002e-01 1.805890e-01 2.523308e-01 3.010824e-01 3.404261e-01 3.773875e-01 3.931249e-01 5.336122e-01 6.691331e-01 8.093443e-01 9.683020e-01 1.155130e+00 1.392502e+00 1.710229e+00 2.221165e+00 3.525304e+00 
5.381137228e-04 3.595468e-02 6.245720e-02 7.304782e-02 7.684499e-02 8.211192e-02 8.220293e-02 1.238911e-01 1.408512e-01 1.603435e-01 1.718235e-01 1.764770e-01 2.577046e-01 3.025630e-01 3.458184e-01 3.793767e-01 3.967867e-01 5.372308e-01 6.731019e-01 8.144451e-01 9.732573e-01 1.163700e+00 1.399655e+00 1.716051e+00 2.223092e+00 3.549278e+00 
5.456473329e-04 4.682907e-02 6.909499e-02 8.266517e-02 9.183615e-02 9.934794e-02 1.011049e-01 1.332297e-01 1.537147e-01 1.662108e-01 1.790454e-01 1.850151e-01 2.596968e-01 3.095029e-01 3.493250e-01 3.824117e-01 3.975530e-01 5.438388e-01 6.786787e-01 8.187197e-01 9.737165e-01 1.162243e+00 1.401441e+00 1.722424e+00 2.235756e+00 3.547711e+00 
5.861727259e-04 5.121898e-02 7.335212e-02 8.262124e-02 9.049770e-02 9.071853e-02 9.089599e-02 1.280443e-01 1.541588e-01 1.688490e-01 1.830285e-01 1.884983e-01 2.655866e-01 3.144273e-01 3.537979e-01 3.860528e-01 4.006617e-01 5.425413e-01 6.779778e-01 8.218345e-01 9.798045e-01 1.172029e+00 1.408386e+00 1.726226e+00 2.243503e+00 3.583831e+00 
6.111339418e-04 5.298020e-02 7.234710e-02 8.590751e-02 9.632340e-02 1.014718e-01 1.040083e-01 1.340238e-01 1.533830e-01 1.683345e-01 1.810385e-01 1.877601e-01 2.599893e-01 3.106129e-01 3.516348e-01 3.844856e-01 3.995847e-01 5.455913e-01 6.794460e-01 8.219462e-01 9.822138e-01 1.171750e+00 1.411936e+00 1.732068e+00 2.250508e+00 3.586844e+00 
6.372538857e-04 4.905510e-02 6.825101e-02 8.109709e-02 8.709719e-02 9.610533e-02 9.771202e-02 1.309716e-01 1.529703e-01 1.694211e-01 1.802755e-01 1.864021e-01 2.605050e-01 3.108526e-01 3.494102e-01 3.834568e-01 4.000805e-01 5.466238e-01 6.821641e-01 8.258649e-01 9.866871e-01 1.174654e+00 1.413780e+00 1.742060e+00 2.252331e+00 3.628505e+00 
6.508542439e-04 5.851630e-02 7.636013e-02 8.768106e-02 9.516143e-02 1.001613e-01 1.031211e-01 1.335857e-01 1.559350e-01 1.710760e-01 1.839639e-01 1.899025e-01 2.634347e-01 3.123305e-01 3.535674e-01 3.892319e-01 4.045622e-01 5.520712e-01 6.838773e-01 8.315305e-01 9.900064e-01 1.181024e+00 1.418297e+00 1.741512e+00 2.262435e+00 3.644802e+00 
6.586728736e-04 4.084614e-02 7.109361e-02 8.093555e-02 9.228206e-02 9.658211e-02 1.003288e-01 1.351933e-01 1.578645e-01 1.714410e-01 1.845013e-01 1.881503e-01 2.656253e-01 3.165736e-01 3.572301e-01 3.910275e-01 4.073146e-01 5.527536e-01 6.862439e-01 8.300280e-01 9.954233e-01 1.187908e+00 1.429555e+00 1.747556e+00 2.272649e+00 3.631843e+00 
6.683362962e-04 5.323429e-02 7.506369e-02 8.850226e-02 9.748495e-02 1.038130e-01 1.072232e-01 1.396551e-01 1.588784e-01 1.754215e-01 1.888484e-01 1.945683e-01 2.713267e-01 3.177449e-01 3.573355e-01 3.927068e-01 4.083051e-01 5.533346e-01 6.901728e-01 8.355152e-01 9.986547e-01 1.190264e+00 1.435014e+00 1.754459e+00 2.283252e+00 3.644707e+00 
6.810113946e-04 5.376540e-02 7.922716e-02 8.963793e-02 9.126525e-02 9.282401e-02 9.379355e-02 1.355368e-01 1.599824e-01 1.747151e-01 1.877974e-01 1.955455e-01 2.703254e-01 3.194524e-01 3.590162e-01 3.924098e-01 4.087271e-01 5.565592e-01 6.932374e-01 8.379420e-01 9.983796e-01 1.192505e+00 1.439358e+00 1.763121e+00 2.280802e+00 3.655582e+00 
7.201311409e-04 5.202101e-02 8.002518e-02 9.252249e-02 9.996644e-02 1.049780e-01 1.072916e-01 1.445132e-01 1.659620e-01 1.806865e-01 1.918958e-01 1.972390e-01 2.717654e-01 3.187127e-01 3.597776e-01 3.923946e-01 4.092882e-01 5.590038e-01 6.959819e-01 8.413074e-01 1.001991e+00 1.194117e+00 1.434198e+00 1.762544e+00 2.291784e+00 3.674921e+00 
7.408505595e-04 5.266460e-02 7.436793e-02 8.271518e-02 8.953369e-02 9.737252e-02 1.024986e-01 1.406917e-01 1.616158e-01 1.785519e-01 1.906180e-01 1.947730e-01 2.689368e-01 3.199550e-01 3.590480e-01 3.937723e-01 4.105652e-01 5.578680e-01 6.948513e-01 8.431030e-01 1.000675e+00 1.193572e+00 1.437088e+00 1.765169e+00 2.285768e+00 3.676151e+00 
7.605871520e-04 5.524191e-02 7.822752e-02 8.608318e-02 9.665947e-02 1.037728e-01 1.066210e-01 1.398381e-01 1.616927e-01 1.756709e-01 1.877122e-01 1.944273e-01 2.710149e-01 3.207518e-01 3.592404e-01 3.954811e-01 4.120221e-01 5.609136e-01 7.003469e-01 8.446870e-01 1.005521e+00 1.200520e+00 1.442925e+00 1.769066e+00 2.296594e+00 3.674604e+00 
7.727540584e-04 5.869988e-02 7.757116e-02 8.826761e-02 9.962786e-02 1.040939e-01 1.064114e-01 1.412093e-01 1.639993e-01 1.821464e-01 1.940732e-01 1.989755e-01 2.728218e-01 3.238096e-01 3.623782e-01 3.972791e-01 4.138920e-01 5.623281e-01 7.018079e-01 8.505000e-01 1.009475e+00 1.204625e+00 1.450610e+00 1.780294e+00 2.300215e+00 3.679847e+00 
7.828677280e-04 5.273209e-02 7.318633e-02 8.609390e-02 9.303739e-02 9.998057e-02 1.025649e-01 1.405319e-01 1.633173e-01 1.803629e-01 1.935375e-01 1.985661e-01 2.769832e-01 3.254175e-01 3.661610e-01 4.006186e-01 4.177990e-01 5.644547e-01 7.045740e-01 8.485356e-01 1.010867e+00 1.208569e+00 1.453929e+00 1.785144e+00 2.309625e+00 3.678840e+00 
7.922270081e-04 5.535168e-02 7.853919e-02 8.817709e-02 9.473844e-02 1.018623e-01 1.045308e-01 1.440642e-01 1.627099e-01 1.798607e-01 1.924172e-01 1.986936e-01 2.764559e-01 3.273892e-01 3.692943e-01 4.035213e-01 4.200136e-01 5.686416e-01 7.029081e-01 8.507635e-01 1.012572e+00 1.208759e+00 1.453546e+00 1.780093e+00 2.305061e+00 3.684551e+00 
8.122231522e-04 6.394693e-02 8.411416e-02 9.485617e-02 1.029882e-01 1.080290e-01 1.106077e-01 1.414043e-01 1.662184e-01 1.834000e-01 1.948125e-01 2.023644e-01 2.805118e-01 3.291233e-01 3.675460e-01 4.041678e-01 4.209411e-01 5.662632e-01 7.048716e-01 8.510388e-01 1.013230e+00 1.206622e+00 1.449435e+00 1.775738e+00 2.299310e+00 3.702054e+00 
8.310832259e-04 6.108469e-02 8.333086e-02 9.258277e-02 1.017097e-01 1.098820e-01 1.116565e-01 1.414439e-01 1.606991e-01 1.801857e-01 1.951617e-01 2.014148e-01 2.776471e-01 3.271008e-01 3.687241e-01 4.027053e-01 4.187514e-01 5.649486e-01 7.047293e-01 8.509360e-01 1.013236e+00 1.204907e+00 1.450435e+00 1.782841e+00 2.302305e+00 3.703193e+00 
8.445508142e-04 5.703908e-02 7.833453e-02 8.749187e-02 1.000309e-01 1.067071e-01 1.117227e-01 1.427677e-01 1.668830e-01 1.840626e-01 1.976500e-01 2.030152e-01 2.764075e-01 3.270374e-01 3.658401e-01 4.011715e-01 4.182676e-01 5.706453e-01 7.063745e-01 8.514742e-01 1.012404e+00 1.209787e+00 1.457929e+00 1.790674e+00 2.316430e+00 3.698262e+00 
8.665803001e-04 6.289538e-02 8.383674e-02 9.490087e-02 9.805622e-02 1.065662e-01 1.098277e-01 1.431187e-01 1.680767e-01 1.850828e-01 1.999179e-01 2.058894e-01 2.806258e-01 3.308847e-01 3.698446e-01 4.042196e-01 4.213345e-01 5.684667e-01 7.074818e-01 8.545301e-01 1.020235e+00 1.214851e+00 1.458596e+00 1.788841e+00 2.323968e+00 3.702630e+00 
8.851583060e-04 5.659416e-02 8.130859e-02 9.279430e-02 9.790780e-02 9.822425e-02 9.822691e-02 1.419583e-01 1.659958e-01 1.821599e-01 1.968442e-01 2.022695e-01 2.777056e-01 3.307133e-01 3.710536e-01 4.052991e-01 4.222914e-01 5.708424e-01 7.093949e-01 8.539991e-01 1.021584e+00 1.214580e+00 1.463619e+00 1.795239e+00 2.325936e+00 3.723763e+00 
9.102771472e-04 5.042124e-02 7.581720e-02 8.783707e-02 1.018799e-01 1.079790e-01 1.118163e-01 1.475115e-01 1.676188e-01 1.837980e-01 1.947888e-01 2.010890e-01 2.780102e-01 3.286480e-01 3.706733e-01 4.058423e-01 4.224667e-01 5.722154e-01 7.086065e-01 8.572086e-01 1.022710e+00 1.216474e+00 1.464754e+00 1.792765e+00 2.327139e+00 3.685008e+00 
9.175217815e-04 5.011089e-02 7.864442e-02 8.867197e-02 9.629044e-02 1.027999e-01 1.057116e-01 1.421307e-01 1.641870e-01 1.836581e-01 1.989458e-01 2.047176e-01 2.779950e-01 3.299647e-01 3.719911e-01 4.065248e-01 4.238612e-01 5.706944e-01 7.109394e-01 8.582663e-01 1.023488e+00 1.223643e+00 1.472031e+00 1.805439e+00 2.338520e+00 3.736799e+00 
9.328602484e-04 5.842363e-02 7.146263e-02 8.744867e-02 9.539903e-02 1.040019e-01 1.085790e-01 1.467573e-01 1.655997e-01 1.819350e-01 1.941371e-01 2.016437e-01 2.828725e-01 3.341044e-01 3.749954e-01 4.092861e-01 4.260016e-01 5.734606e-01 7.112916e-01 8.585200e-01 1.024278e+00 1.222514e+00 1.467169e+00 1.800146e+00 2.323936e+00 3.710605e+00 
9.531628702e-04 5.925942e-02 7.398290e-02 8.246508e-02 9.039955e-02 1.020809e-01 1.055130e-01 1.505450e-01 1.731861e-01 1.870581e-01 1.997637e-01 2.059346e-01 2.837447e-01 3.337660e-01 3.726472e-01 4.086351e-01 4.253404e-01 5.733006e-01 7.127618e-01 8.606732e-01 1.025569e+00 1.225614e+00 1.473587e+00 1.803651e+00 2.335650e+00 3.716119e+00 
9.601246751e-04 6.195965e-02 7.698006e-02 8.852102e-02 9.150791e-02 9.987809e-02 1.025792e-01 1.453369e-01 1.700550e-01 1.860936e-01 1.994130e-01 2.063569e-01 2.827404e-01 3.334185e-01 3.734888e-01 4.083424e-01 4.248220e-01 5.769248e-01 7.162145e-01 8.663752e-01 1.028538e+00 1.228242e+00 1.474061e+00 1.803534e+00 2.340875e+00 3.721958e+00 
9.714203414e-04 6.316337e-02 7.881149e-02 8.971815e-02 8.983871e-02 9.459515e-02 9.735635e-02 1.403483e-01 1.631098e-01 1.803280e-01 1.974017e-01 2.031325e-01 2.834429e-01 3.346609e-01 3.737417e-01 4.104518e-01 4.266229e-01 5.778171e-01 7.179898e-01 8.639601e-01 1.032576e+00 1.229535e+00 1.474949e+00 1.803864e+00 2.350088e+00 3.739314e+00 
1.003664184e-03 5.816758e-02 7.914299e-02 9.126872e-02 1.013271e-01 1.095007e-01 1.124763e-01 1.458573e-01 1.719141e-01 1.892308e-01 1.966765e-01 2.025885e-01 2.812446e-01 3.319705e-01 3.720576e-01 4.100997e-01 4.274075e-01 5.793478e-01 7.172347e-01 8.684986e-01 1.029150e+00 1.226822e+00 1.473188e+00 1.802920e+00 2.330760e+00 3.739671e+00 
1.032650707e-03 5.818539e-02 7.596478e-02 8.535460e-02 9.498981e-02 1.053611e-01 1.088408e-01 1.465084e-01 1.664771e-01 1.837875e-01 1.968061e-01 2.026721e-01 2.808988e-01 3.324984e-01 3.749450e-01 4.121444e-01 4.298805e-01 5.779094e-01 7.175983e-01 8.658758e-01 1.032040e+00 1.227369e+00 1.473040e+00 1.807976e+00 2.341610e+00 3.745622e+00 
1.050728284e-03 4.929668e-02 7.413487e-02 8.775590e-02 9.970375e-02 1.085984e-01 1.125873e-01 1.518230e-01 1.732896e-01 1.907127e-01 2.040049e-01 2.098895e-01 2.864363e-01 3.370406e-01 3.776422e-01 4.133341e-01 4.299480e-01 5.786261e-01 7.188610e-01 8.661069e-01 1.028020e+00 1.223382e+00 1.473529e+00 1.807717e+00 2.347541e+00 3.763078e+00 
1.068234119e-03 3.948687e-02 7.137925e-02 8.108134e-02 8.680623e-02 9.817035e-02 1.036345e-01 1.478113e-01 1.679527e-01 1.867956e-01 2.023518e-01 2.081091e-01 2.848616e-01 3.351435e-01 3.765978e-01 4.126686e-01 4.291803e-01 5.802778e-01 7.175299e-01 8.651167e-01 1.034798e+00 1.231971e+00 1.481545e+00 1.812940e+00 2.349463e+00 3.761428e+00 
1.074319075e-03 6.053980e-02 7.909189e-02 9.169322e-02 1.004604e-01 1.091888e-01 1.109785e-01 1.446295e-01 1.681725e-01 1.850804e-01 1.989384e-01 2.055688e-01 2.849510e-01 3.371423e-01 3.772045e-01 4.136714e-01 4.309701e-01 5.802790e-01 7.199251e-01 8.688771e-01 1.033965e+00 1.233078e+00 1.484714e+00 1.817160e+00 2.357663e+00 3.737616e+00 
1.095919400e-03 4.921904e-02 7.448683e-02 7.479385e-02 8.782364e-02 9.771835e-02 1.030602e-01 1.487435e-01 1.699289e-01 1.868960e-01 2.022937e-01 2.072044e-01 2.872567e-01 3.385088e-01 3.785612e-01 4.125233e-01 4.274934e-01 5.807182e-01 7.230865e-01 8.723177e-01 1.035221e+00 1.234455e+00 1.483154e+00 1.820237e+00 2.352676e+00 3.765294e+00 
1.121178267e-03 4.651370e-02 7.271639e-02 8.241975e-02 9.389190e-02 1.000006e-01 1.061700e-01 1.465820e-01 1.657816e-01 1.816261e-01 1.958648e-01 2.031620e-01 2.870159e-01 3.377801e-01 3.748599e-01 4.110226e-01 4.293848e-01 5.857547e-01 7.244911e-01 8.737582e-01 1.039350e+00 1.237405e+00 1.488351e+00 1.824580e+00 2.359445e+00 3.781601e+00 
1.143381949e-03 5.698206e-02 8.069343e-02 9.209216e-02 9.989667e-02 9.998692e-02 1.004150e-01 1.460416e-01 1.705225e-01 1.875543e-01 2.012283e-01 2.076531e-01 2.871687e-01 3.367972e-01 3.784460e-01 4.177141e-01 4.351750e-01 5.835215e-01 7.262378e-01 8.718477e-01 1.039869e+00 1.236770e+00 1.485434e+00 1.819659e+00 2.370383e+00 3.764999e+00 
1.162328378e-03 5.361331e-02 7.719848e-02 8.807534e-02 9.512176e-02 9.608986e-02 9.763853e-02 1.407474e-01 1.673500e-01 1.849194e-01 1.997596e-01 2.078224e-01 2.862017e-01 3.379927e-01 3.790167e-01 4.151089e-01 4.324187e-01 5.817689e-01 7.231658e-01 8.704651e-01 1.036254e+00 1.233041e+00 1.484019e+00 1.823503e+00 2.373978e+00 3.795209e+00 
1.176773389e-03 4.979079e-02 7.445065e-02 8.464853e-02 9.249363e-02 1.013634e-01 1.056471e-01 1.461695e-01 1.705686e-01 1.848498e-01 1.978117e-01 2.023296e-01 2.846640e-01 3.364887e-01 3.785288e-01 4.150136e-01 4.308979e-01 5.848576e-01 7.249566e-01 8.750233e-01 1.043433e+00 1.243092e+00 1.490526e+00 1.822405e+00 2.363994e+00 3.806885e+00 
1.193307926e-03 6.556118e-02 7.706003e-02 8.949372e-02 1.007143e-01 1.102262e-01 1.107044e-01 1.510866e-01 1.710035e-01 1.864629e-01 2.007807e-01 2.078951e-01 2.880242e-01 3.377762e-01 3.801318e-01 4.180783e-01 4.349016e-01 5.829878e-01 7.240590e-01 8.757852e-01 1.041912e+00 1.238518e+00 1.489110e+00 1.823673e+00 2.370814e+00 3.791557e+00 
1.208650655e-03 5.916769e-02 8.228066e-02 9.273219e-02 9.863665e-02 1.089714e-01 1.111421e-01 1.515854e-01 1.771175e-01 1.929016e-01 2.058383e-01 2.114114e-01 2.898472e-01 3.389568e-01 3.805829e-01 4.158212e-01 4.337133e-01 5.850785e-01 7.268482e-01 8.765137e-01 1.043142e+00 1.246433e+00 1.493125e+00 1.830864e+00 2.364378e+00 3.773933e+00 
1.218516336e-03 5.470455e-02 7.209507e-02 8.813670e-02 9.967375e-02 1.084712e-01 1.087623e-01 1.507520e-01 1.750946e-01 1.898145e-01 2.033229e-01 2.101950e-01 2.893995e-01 3.404456e-01 3.803173e-01 4.180266e-01 4.359705e-01 5.882637e-01 7.281075e-01 8.782434e-01 1.045830e+00 1.246057e+00 1.497606e+00 1.828765e+00 2.370043e+00 3.816511e+00 
1.232720279e-03 5.452503e-02 8.011855e-02 9.711717e-02 1.064000e-01 1.132061e-01 1.147697e-01 1.478420e-01 1.681090e-01 1.875541e-01 2.018036e-01 2.098624e-01 2.903467e-01 3.431531e-01 3.830320e-01 4.215021e-01 4.378119e-01 5.873912e-01 7.294840e-01 8.788834e-01 1.048453e+00 1.245681e+00 1.498076e+00 1.832511e+00 2.376398e+00 3.795674e+00 
1.249857226e-03 5.163012e-02 8.288228e-02 9.673355e-02 1.056620e-01 1.136002e-01 1.173545e-01 1.547192e-01 1.740108e-01 1.922167e-01 2.063716e-01 2.138124e-01 2.902075e-01 3.426090e-01 3.825199e-01 4.179616e-01 4.349012e-01 5.897957e-01 7.301083e-01 8.788462e-01 1.047702e+00 1.250014e+00 1.502970e+00 1.839234e+00 2.377891e+00 3.823144e+00 
1.264566716e-03 7.129255e-02 8.888280e-02 9.821311e-02 1.067063e-01 1.111985e-01 1.143946e-01 1.551426e-01 1.762691e-01 1.940656e-01 2.065307e-01 2.128257e-01 2.897640e-01 3.415823e-01 3.830142e-01 4.210266e-01 4.381550e-01 5.918244e-01 7.308715e-01 8.794563e-01 1.046567e+00 1.245536e+00 1.499255e+00 1.837723e+00 2.385596e+00 3.815050e+00 
1.273806002e-03 6.402610e-02 8.555526e-02 9.866522e-02 1.105808e-01 1.145915e-01 1.174685e-01 1.487075e-01 1.767540e-01 1.939641e-01 2.072072e-01 2.140869e-01 2.922000e-01 3.428836e-01 3.837584e-01 4.210644e-01 4.379455e-01 5.913056e-01 7.335221e-01 8.817857e-01 1.046162e+00 1.246412e+00 1.498244e+00 1.836625e+00 2.375342e+00 3.795124e+00 
1.294047662e-03 6.287948e-02 8.408118e-02 9.761646e-02 1.060945e-01 1.131519e-01 1.162219e-01 1.556642e-01 1.754257e-01 1.922139e-01 2.083188e-01 2.143220e-01 2.942015e-01 3.455056e-01 3.851987e-01 4.209437e-01 4.389332e-01 5.940772e-01 7.356694e-01 8.852702e-01 1.053537e+00 1.255146e+00 1.501998e+00 1.838574e+00 2.384751e+00 3.824833e+00 
1.311852348e-03 6.478700e-02 7.484058e-02 9.075844e-02 1.034443e-01 1.108088e-01 1.110339e-01 1.504243e-01 1.756342e-01 1.904920e-01 2.040521e-01 2.093744e-01 2.938980e-01 3.475032e-01 3.874574e-01 4.225887e-01 4.392095e-01 5.897489e-01 7.331998e-01 8.832769e-01 1.052384e+00 1.252438e+00 1.505188e+00 1.842504e+00 2.387390e+00 3.815266e+00 
1.330687225e-03 6.257525e-02 8.301502e-02 9.197110e-02 1.001877e-01 1.083191e-01 1.114578e-01 1.423806e-01 1.670230e-01 1.870866e-01 2.015238e-01 2.096139e-01 2.889099e-01 3.437605e-01 3.867013e-01 4.245721e-01 4.424946e-01 5.933158e-01 7.358564e-01 8.867355e-01 1.053093e+00 1.254009e+00 1.507122e+00 1.843844e+00 2.394563e+00 3.838858e+00 
1.353629807e-03 5.749611e-02 7.819840e-02 8.234902e-02 8.829794e-02 9.908427e-02 1.048643e-01 1.474673e-01 1.713289e-01 1.896913e-01 2.036614e-01 2.099344e-01 2.920570e-01 3.448588e-01 3.882865e-01 4.253230e-01 4.426243e-01 5.935406e-01 7.355058e-01 8.892665e-01 1.058962e+00 1.256975e+00 1.509547e+00 1.841750e+00 2.389699e+00 3.794690e+00 
1.360825729e-03 5.278134e-02 7.919699e-02 8.499729e-02 9.247880e-02 1.005759e-01 1.035899e-01 1.465381e-01 1.706588e-01 1.901219e-01 2.052211e-01 2.108501e-01 2.921792e-01 3.422015e-01 3.858531e-01 4.232348e-01 4.418144e-01 5.958928e-01 7.386602e-01 8.910980e-01 1.057341e+00 1.258334e+00 1.510025e+00 1.843617e+00 2.392833e+00 3.806704e+00 
1.375136083e-03 6.648838e-02 7.986980e-02 9.205432e-02 1.005450e-01 1.045613e-01 1.075775e-01 1.479551e-01 1.719386e-01 1.926164e-01 2.062781e-01 2.123799e-01 2.940257e-01 3.447972e-01 3.878548e-01 4.257688e-01 4.439903e-01 5.963904e-01 7.396174e-01 8.875288e-01 1.060491e+00 1.259086e+00 1.511854e+00 1.845745e+00 2.392866e+00 3.831673e+00 
1.384761438e-03 6.751887e-02 7.082435e-02 7.094759e-02 8.382604e-02 9.304926e-02 9.406938e-02 1.489348e-01 1.710697e-01 1.916621e-01 2.043456e-01 2.114370e-01 2.962986e-01 3.468521e-01 3.885017e-01 4.235729e-01 4.415557e-01 5.957938e-01 7.402104e-01 8.883225e-01 1.057155e+00 1.259244e+00 1.511353e+00 1.852446e+00 2.402001e+00 3.856028e+00 
1.410958363e-03 6.134395e-02 8.205047e-02 9.287006e-02 9.796707e-02 1.048118e-01 1.072434e-01 1.481300e-01 1.709655e-01 1.889331e-01 2.070110e-01 2.135379e-01 2.919869e-01 3.464225e-01 3.885196e-01 4.259608e-01 4.434984e-01 5.973544e-01 7.408234e-01 8.901192e-01 1.058777e+00 1.262800e+00 1.514221e+00 1.844110e+00 2.398430e+00 3.836535e+00 
1.422827755e-03 6.745165e-02 8.714877e-02 9.696244e-02 1.056978e-01 1.140973e-01 1.184894e-01 1.545154e-01 1.774826e-01 1.918176e-01 2.089723e-01 2.159429e-01 2.952483e-01 3.504297e-01 3.915249e-01 4.267092e-01 4.438517e-01 5.969950e-01 7.404042e-01 8.920450e-01 1.060888e+00 1.266298e+00 1.518018e+00 1.858666e+00 2.397408e+00 3.832590e+00 
1.428927594e-03 6.685651e-02 8.938916e-02 9.791418e-02 1.055509e-01 1.127357e-01 1.182560e-01 1.562676e-01 1.804014e-01 1.970567e-01 2.112767e-01 2.186880e-01 2.959825e-01 3.484841e-01 3.905152e-01 4.276579e-01 4.444932e-01 5.981461e-01 7.449068e-01 8.947548e-01 1.063951e+00 1.265374e+00 1.518669e+00 1.858558e+00 2.400542e+00 3.837215e+00 
1.437524601e-03 5.446861e-02 8.183804e-02 9.427832e-02 1.041633e-01 1.143288e-01 1.176465e-01 1.539861e-01 1.780488e-01 1.948666e-01 2.100044e-01 2.158978e-01 2.955787e-01 3.469755e-01 3.902616e-01 4.255618e-01 4.433964e-01 5.955974e-01 7.403792e-01 8.932095e-01 1.065410e+00 1.269571e+00 1.520776e+00 1.856465e+00 2.416053e+00 3.855646e+00 
1.451765064e-03 5.663351e-02 7.997597e-02 8.001210e-02 8.867053e-02 9.956658e-02 1.048174e-01 1.542906e-01 1.787849e-01 1.941032e-01 2.079007e-01 2.148252e-01 2.988150e-01 3.497987e-01 3.936047e-01 4.286094e-01 4.459166e-01 5.971841e-01 7.442309e-01 8.949504e-01 1.066590e+00 1.266910e+00 1.520438e+00 1.858240e+00 2.406663e+00 3.830906e+00 
1.459565592e-03 6.672040e-02 7.057461e-02 8.956608e-02 1.031697e-01 1.089966e-01 1.121527e-01 1.556363e-01 1.778361e-01 1.947586e-01 2.104444e-01 2.169923e-01 2.942032e-01 3.485152e-01 3.900958e-01 4.276052e-01 4.440850e-01 5.957668e-01 7.406674e-01 8.914684e-01 1.060073e+00 1.262715e+00 1.513885e+00 1.855575e+00 2.409968e+00 3.889655e+00 
1.470829487e-03 5.747424e-02 6.225283e-02 7.013119e-02 8.720264e-02 9.666914e-02 9.670786e-02 1.414520e-01 1.651157e-01 1.874952e-01 2.029042e-01 2.102588e-01 2.957079e-01 3.466797e-01 3.878615e-01 4.277305e-01 4.443401e-01 5.998000e-01 7.437619e-01 8.954284e-01 1.065179e+00 1.260959e+00 1.518161e+00 1.853669e+00 2.405826e+00 3.873624e+00 
1.492931587e-03 6.592368e-02 8.528421e-02 8.994641e-02 9.928239e-02 1.083933e-01 1.104853e-01 1.481384e-01 1.690783e-01 1.874907e-01 2.037269e-01 2.101907e-01 2.917651e-01 3.467965e-01 3.889545e-01 4.265220e-01 4.450307e-01 6.005558e-01 7.448478e-01 8.934289e-01 1.067602e+00 1.265458e+00 1.520366e+00 1.858733e+00 2.409414e+00 3.843668e+00 
1.500751492e-03 6.741432e-02 8.889722e-02 1.011437e-01 1.066390e-01 1.085791e-01 1.113197e-01 1.536665e-01 1.784296e-01 1.979030e-01 2.066713e-01 2.136118e-01 2.981708e-01 3.508104e-01 3.924603e-01 4.308846e-01 4.472683e-01 6.020920e-01 7.459859e-01 8.978032e-01 1.066437e+00 1.264122e+00 1.516284e+00 1.854566e+00 2.404179e+00 3.850804e+00 
1.526833783e-03 6.463714e-02 7.601921e-02 9.425150e-02 1.042131e-01 1.117905e-01 1.160473e-01 1.570668e-01 1.788903e-01 1.940512e-01 2.099886e-01 2.162757e-01 2.976118e-01 3.515158e-01 3.946815e-01 4.310879e-01 4.482839e-01 6.029363e-01 7.478178e-01 8.982762e-01 1.065034e+00 1.264790e+00 1.514266e+00 1.863970e+00 2.408428e+00 3.881193e+00 
1.539636371e-03 6.545547e-02 8.454510e-02 9.428359e-02 1.012543e-01 1.104015e-01 1.149664e-01 1.560825e-01 1.762282e-01 1.972134e-01 2.116573e-01 2.145045e-01 3.016095e-01 3.521662e-01 3.922900e-01 4.292642e-01 4.470373e-01 6.024820e-01 7.442056e-01 8.960791e-01 1.062402e+00 1.266954e+00 1.518823e+00 1.861463e+00 2.414692e+00 3.851059e+00 
1.551064503e-03 5.615656e-02 8.053383e-02 8.583761e-02 9.493666e-02 1.040231e-01 1.092302e-01 1.491102e-01 1.731293e-01 1.941488e-01 2.093674e-01 2.147534e-01 2.966691e-01 3.474890e-01 3.885984e-01 4.261210e-01 4.448929e-01 6.024704e-01 7.446556e-01 8.954141e-01 1.069292e+00 1.269899e+00 1.519573e+00 1.861138e+00 2.404397e+00 3.869112e+00 
1.566158696e-03 6.628704e-02 8.897149e-02 1.000859e-01 1.066290e-01 1.143594e-01 1.165749e-01 1.589845e-01 1.772841e-01 1.943472e-01 2.112385e-01 2.163037e-01 2.976080e-01 3.473399e-01 3.896911e-01 4.293493e-01 4.462346e-01 5.990280e-01 7.444035e-01 8.963213e-01 1.065880e+00 1.267308e+00 1.518610e+00 1.865844e+00 2.412146e+00 3.870315e+00 
1.586516599e-03 4.576851e-02 8.013737e-02 9.992031e-02 1.076828e-01 1.113226e-01 1.172388e-01 1.563914e-01 1.794832e-01 1.937973e-01 2.089919e-01 2.152954e-01 2.955798e-01 3.481271e-01 3.911763e-01 4.290453e-01 4.453281e-01 6.029861e-01 7.461764e-01 8.965912e-01 1.069198e+00 1.274430e+00 1.521521e+00 1.857278e+00 2.414315e+00 3.874204e+00 
1.597295763e-03 5.579777e-02 8.791467e-02 9.828781e-02 1.071766e-01 1.150386e-01 1.187293e-01 1.555382e-01 1.767307e-01 1.922821e-01 2.057495e-01 2.105610e-01 2.965692e-01 3.505638e-01 3.923059e-01 4.285215e-01 4.463442e-01 6.024483e-01 7.490751e-01 9.020842e-01 1.075894e+00 1.277004e+00 1.528956e+00 1.875102e+00 2.414778e+00 3.875510e+00 
1.606376627e-03 5.589456e-02 7.683284e-02 8.934362e-02 1.018536e-01 1.094004e-01 1.123719e-01 1.515433e-01 1.778161e-01 1.935622e-01 2.076863e-01 2.145932e-01 2.999009e-01 3.505962e-01 3.916773e-01 4.299359e-01 4.460534e-01 6.028750e-01 7.480722e-01 8.999575e-01 1.070074e+00 1.277381e+00 1.526240e+00 1.868348e+00 2.418258e+00 3.869142e+00 
1.616420698e-03 2.472619e-02 5.329586e-02 8.116375e-02 9.616124e-02 1.047955e-01 1.096716e-01 1.535543e-01 1.807221e-01 1.915792e-01 2.084927e-01 2.143450e-01 3.007258e-01 3.522848e-01 3.944992e-01 4.314453e-01 4.484203e-01 6.015546e-01 7.476621e-01 8.989943e-01 1.070782e+00 1.275849e+00 1.530047e+00 1.875189e+00 2.424068e+00 3.852280e+00 
1.630435025e-03 5.779873e-02 8.146564e-02 9.808758e-02 1.074470e-01 1.129729e-01 1.154168e-01 1.567011e-01 1.806231e-01 1.973571e-01 2.110020e-01 2.169275e-01 2.979297e-01 3.519947e-01 3.938547e-01 4.314665e-01 4.489743e-01 6.032498e-01 7.474287e-01 8.996603e-01 1.070930e+00 1.271614e+00 1.524266e+00 1.865463e+00 2.420340e+00 3.885647e+00 
1.640704151e-03 6.044583e-02 8.499640e-02 9.289319e-02 1.001848e-01 1.067919e-01 1.070715e-01 1.492964e-01 1.758500e-01 1.920644e-01 2.056166e-01 2.119806e-01 2.994314e-01 3.506158e-01 3.935156e-01 4.316737e-01 4.498423e-01 6.042200e-01 7.482304e-01 8.976719e-01 1.071399e+00 1.272797e+00 1.526331e+00 1.871586e+00 2.418292e+00 3.865917e+00 
1.660351569e-03 5.637591e-02 8.286661e-02 9.813612e-02 1.009129e-01 1.124926e-01 1.153045e-01 1.462836e-01 1.686847e-01 1.895230e-01 2.040010e-01 2.110248e-01 2.990784e-01 3.532982e-01 3.940658e-01 4.331431e-01 4.495203e-01 6.050735e-01 7.530608e-01 9.036563e-01 1.075082e+00 1.277664e+00 1.532882e+00 1.870459e+00 2.425979e+00 3.886500e+00 
1.682550422e-03 5.453294e-02 8.680697e-02 9.507240e-02 1.034752e-01 1.076509e-01 1.101018e-01 1.480821e-01 1.743518e-01 1.910990e-01 2.064869e-01 2.096463e-01 2.994798e-01 3.554954e-01 3.970140e-01 4.340434e-01 4.497804e-01 6.052075e-01 7.506201e-01 9.001056e-01 1.074760e+00 1.279766e+00 1.522948e+00 1.868462e+00 2.424271e+00 3.897133e+00 
1.702311744e-03 4.464654e-02 7.430137e-02 7.705494e-02 7.983143e-02 8.779458e-02 9.361845e-02 1.495406e-01 1.712549e-01 1.899276e-01 2.054428e-01 2.116988e-01 2.985976e-01 3.512556e-01 3.938599e-01 4.320588e-01 4.494848e-01 6.052610e-01 7.524165e-01 9.030594e-01 1.070705e+00 1.278765e+00 1.531733e+00 1.874382e+00 2.420612e+00 3.856979e+00 
1.721233119e-03 4.463802e-02 7.400739e-02 9.123158e-02 9.699279e-02 1.069072e-01 1.098750e-01 1.526249e-01 1.714123e-01 1.869284e-01 2.019339e-01 2.105221e-01 2.957754e-01 3.517420e-01 3.951179e-01 4.320374e-01 4.500669e-01 6.075869e-01 7.528815e-01 9.040229e-01 1.076046e+00 1.281230e+00 1.534149e+00 1.876375e+00 2.425959e+00 3.914198e+00 
1.736535060e-03 5.320317e-02 7.279436e-02 7.338177e-02 8.099129e-02 9.330644e-02 9.826388e-02 1.534369e-01 1.791099e-01 1.971280e-01 2.101363e-01 2.182756e-01 2.965017e-01 3.536019e-01 3.963523e-01 4.342041e-01 4.508975e-01 6.081988e-01 7.546320e-01 9.069177e-01 1.079210e+00 1.283794e+00 1.536170e+00 1.880274e+00 2.435523e+00 3.875830e+00 
1.750370996e-03 6.349484e-02 6.995269e-02 8.301712e-02 9.435579e-02 1.041697e-01 1.118282e-01 1.473013e-01 1.679528e-01 1.899651e-01 2.080522e-01 2.156524e-01 3.039314e-01 3.535797e-01 3.958368e-01 4.347989e-01 4.525982e-01 6.093284e-01 7.543329e-01 9.069123e-01 1.078586e+00 1.282659e+00 1.537828e+00 1.881748e+00 2.429767e+00 3.903309e+00 
1.761903716e-03 5.353478e-02 6.553724e-02 9.034437e-02 1.056554e-01 1.131375e-01 1.145989e-01 1.562376e-01 1.788397e-01 1.934592e-01 2.072932e-01 2.132806e-01 2.978473e-01 3.522850e-01 3.952061e-01 4.329796e-01 4.518177e-01 6.089177e-01 7.539139e-01 9.080185e-01 1.080229e+00 1.281772e+00 1.535575e+00 1.879190e+00 2.439761e+00 3.911022e+00 
1.774492565e-03 6.832979e-02 9.131630e-02 9.966780e-02 1.087782e-01 1.162559e-01 1.174266e-01 1.563731e-01 1.756278e-01 1.899440e-01 2.079250e-01 2.131046e-01 2.987297e-01 3.523095e-01 3.977012e-01 4.345523e-01 4.510116e-01 6.065815e-01 7.514010e-01 9.025681e-01 1.078431e+00 1.284543e+00 1.535030e+00 1.884880e+00 2.432377e+00 3.913111e+00 
1.785269639e-03 5.883439e-02 8.089047e-02 9.860032e-02 1.054689e-01 1.063773e-01 1.066115e-01 1.486950e-01 1.739749e-01 1.960728e-01 2.104811e-01 2.177704e-01 3.011674e-01 3.528136e-01 3.946405e-01 4.335365e-01 4.511865e-01 6.062889e-01 7.528489e-01 9.083533e-01 1.083105e+00 1.288626e+00 1.541885e+00 1.886292e+00 2.438498e+00 3.913337e+00 
1.803874430e-03 5.316350e-02 6.030219e-02 6.101167e-02 7.629249e-02 8.294910e-02 8.815333e-02 1.397302e-01 1.715846e-01 1.927569e-01 2.060804e-01 2.132138e-01 2.982419e-01 3.523259e-01 3.954924e-01 4.352451e-01 4.523130e-01 6.084814e-01 7.557423e-01 9.095214e-01 1.078810e+00 1.285580e+00 1.544009e+00 1.884669e+00 2.440374e+00 3.910102e+00 
1.827403531e-03 4.684297e-02 7.886360e-02 9.349109e-02 9.721686e-02 1.065938e-01 1.105988e-01 1.544377e-01 1.772685e-01 1.927623e-01 2.078563e-01 2.141595e-01 3.000690e-01 3.520394e-01 3.958809e-01 4.332755e-01 4.509187e-01 6.080088e-01 7.536750e-01 9.070800e-01 1.077513e+00 1.281827e+00 1.538181e+00 1.888631e+00 2.443549e+00 3.898029e+00 
1.833516306e-03 5.927392e-02 6.576957e-02 6.721876e-02 8.499500e-02 9.818610e-02 1.041254e-01 1.550929e-01 1.806479e-01 1.987761e-01 2.103878e-01 2.158242e-01 3.008893e-01 3.545993e-01 3.962542e-01 4.358917e-01 4.530310e-01 6.095557e-01 7.564617e-01 9.076665e-01 1.081998e+00 1.285498e+00 1.540358e+00 1.883159e+00 2.439944e+00 3.923845e+00 
1.856266820e-03 5.340481e-02 5.379582e-02 7.353932e-02 9.200489e-02 1.023300e-01 1.078981e-01 1.442318e-01 1.746879e-01 1.913897e-01 2.052979e-01 2.119036e-01 2.969916e-01 3.533563e-01 3.970965e-01 4.371775e-01 4.551061e-01 6.109654e-01 7.574348e-01 9.082975e-01 1.083129e+00 1.291564e+00 1.546856e+00 1.892058e+00 2.448522e+00 3.932744e+00 
1.877685398e-03 5.890048e-02 8.082913e-02 8.751631e-02 9.107182e-02 9.180252e-02 9.180412e-02 1.389202e-01 1.613517e-01 1.828869e-01 1.989703e-01 2.073209e-01 2.987486e-01 3.530271e-01 3.971375e-01 4.376863e-01 4.549837e-01 6.099779e-01 7.560525e-01 9.133820e-01 1.086734e+00 1.288759e+00 1.542576e+00 1.877112e+00 2.439806e+00 3.923152e+00 
1.895822223e-03 4.459542e-02 4.461520e-02 6.552030e-02 6.555140e-02 7.881811e-02 8.219477e-02 1.358201e-01 1.682649e-01 1.858461e-01 2.001068e-01 2.092136e-01 3.005846e-01 3.525474e-01 3.960622e-01 4.353005e-01 4.531241e-01 6.115831e-01 7.569152e-01 9.123356e-01 1.085479e+00 1.289122e+00 1.538033e+00 1.880301e+00 2.444932e+00 3.911727e+00 
1.919199254e-03 6.295025e-02 8.418759e-02 9.003608e-02 9.019844e-02 9.456494e-02 1.001263e-01 1.464769e-01 1.664955e-01 1.849227e-01 2.044393e-01 2.106835e-01 3.005917e-01 3.544562e-01 4.000487e-01 4.379686e-01 4.557122e-01 6.104932e-01 7.548340e-01 9.109702e-01 1.084768e+00 1.292546e+00 1.548225e+00 1.892278e+00 2.452392e+00 3.952753e+00 
1.939032752e-03 5.848453e-02 8.095594e-02 9.630374e-02 1.056914e-01 1.110538e-01 1.161551e-01 1.588713e-01 1.828417e-01 1.984937e-01 2.114374e-01 2.163113e-01 3.008704e-01 3.545519e-01 3.976733e-01 4.340167e-01 4.519685e-01 6.124672e-01 7.572999e-01 9.130845e-01 1.083877e+00 1.292817e+00 1.551298e+00 1.894521e+00 2.452926e+00 3.950885e+00 
1.946852694e-03 6.256121e-02 8.606511e-02 8.610121e-02 9.283341e-02 1.038711e-01 1.083046e-01 1.531955e-01 1.731985e-01 1.925109e-01 2.081526e-01 2.154373e-01 3.020075e-01 3.557664e-01 3.975540e-01 4.364469e-01 4.537350e-01 6.115412e-01 7.560069e-01 9.107902e-01 1.089248e+00 1.292717e+00 1.550946e+00 1.896649e+00 2.455486e+00 3.941811e+00 
1.967150224e-03 5.352498e-02 8.367182e-02 9.230387e-02 1.053688e-01 1.109678e-01 1.136646e-01 1.574448e-01 1.816443e-01 1.960724e-01 2.103377e-01 2.176680e-01 3.052464e-01 3.569917e-01 3.981304e-01 4.346156e-01 4.527346e-01 6.120303e-01 7.574764e-01 9.147219e-01 1.090534e+00 1.297010e+00 1.552676e+00 1.893862e+00 2.447218e+00 3.942026e+00 
1.981012092e-03 5.892407e-02 8.440249e-02 9.679496e-02 9.902685e-02 1.112387e-01 1.156536e-01 1.513816e-01 1.766323e-01 1.917971e-01 2.094497e-01 2.148292e-01 2.978815e-01 3.553050e-01 3.998927e-01 4.383790e-01 4.551018e-01 6.142863e-01 7.621314e-01 9.158422e-01 1.089340e+00 1.297157e+00 1.551795e+00 1.903883e+00 2.461546e+00 3.938612e+00 
1.992691940e-03 6.031910e-02 7.751242e-02 9.359941e-02 1.024504e-01 1.045478e-01 1.046153e-01 1.432457e-01 1.724395e-01 1.940235e-01 2.081479e-01 2.145762e-01 3.045259e-01 3.579528e-01 4.015344e-01 4.399166e-01 4.589283e-01 6.140743e-01 7.626865e-01 9.142016e-01 1.088162e+00 1.295140e+00 1.550472e+00 1.904393e+00 2.447064e+00 3.922603e+00 
2.009145057e-03 5.749807e-02 8.119741e-02 9.091778e-02 1.026484e-01 1.108886e-01 1.119078e-01 1.425264e-01 1.740196e-01 1.952997e-01 2.117927e-01 2.176747e-01 3.023290e-01 3.548997e-01 3.983320e-01 4.361450e-01 4.543653e-01 6.140842e-01 7.602808e-01 9.163850e-01 1.091056e+00 1.294410e+00 1.552790e+00 1.899217e+00 2.454921e+00 3.938846e+00 
2.017135937e-03 5.461006e-02 6.133072e-02 6.155512e-02 7.220974e-02 8.975115e-02 9.387847e-02 1.508655e-01 1.776133e-01 1.959773e-01 2.128119e-01 2.200053e-01 3.031259e-01 3.546339e-01 3.992136e-01 4.378217e-01 4.563132e-01 6.160600e-01 7.641887e-01 9.189495e-01 1.091782e+00 1.294510e+00 1.550376e+00 1.899699e+00 2.458264e+00 3.951910e+00 
2.038709471e-03 5.862854e-02 7.809357e-02 9.139030e-02 1.007922e-01 1.124732e-01 1.154061e-01 1.574814e-01 1.849463e-01 1.970307e-01 2.157118e-01 2.203824e-01 3.050538e-01 3.532849e-01 3.976698e-01 4.362550e-01 4.550288e-01 6.130301e-01 7.627115e-01 9.205503e-01 1.094553e+00 1.297550e+00 1.552147e+00 1.895719e+00 2.459264e+00 3.932305e+00 
2.054370763e-03 6.071430e-02 8.286778e-02 9.481478e-02 1.035868e-01 1.103747e-01 1.132692e-01 1.564818e-01 1.767519e-01 1.951362e-01 2.094717e-01 2.145054e-01 3.028124e-01 3.584294e-01 4.013374e-01 4.399478e-01 4.574781e-01 6.138793e-01 7.645268e-01 9.146016e-01 1.090519e+00 1.296969e+00 1.555616e+00 1.907693e+00 2.462046e+00 3.937792e+00 
2.063142395e-03 6.194227e-02 8.003122e-02 9.691340e-02 1.057772e-01 1.146001e-01 1.160464e-01 1.476666e-01 1.761116e-01 1.899320e-01 2.044127e-01 2.116307e-01 3.011830e-01 3.558476e-01 3.977440e-01 4.379916e-01 4.561319e-01 6.143744e-01 7.651099e-01 9.173151e-01 1.093887e+00 1.300766e+00 1.554054e+00 1.901385e+00 2.458937e+00 3.974618e+00 
2.080836713e-03 6.125265e-02 7.480906e-02 8.402518e-02 9.491442e-02 1.030606e-01 1.061736e-01 1.452155e-01 1.700290e-01 1.925810e-01 2.068085e-01 2.134841e-01 3.016741e-01 3.554817e-01 4.003087e-01 4.358608e-01 4.546795e-01 6.120690e-01 7.639445e-01 9.167816e-01 1.088975e+00 1.297157e+00 1.548768e+00 1.889826e+00 2.462277e+00 3.927084e+00 
2.093347296e-03 5.449022e-02 5.457519e-02 6.660238e-02 7.497816e-02 7.543998e-02 8.334848e-02 1.429304e-01 1.734908e-01 1.955348e-01 2.109314e-01 2.181034e-01 3.034150e-01 3.572446e-01 3.994654e-01 4.372072e-01 4.549177e-01 6.131763e-01 7.651284e-01 9.182490e-01 1.092810e+00 1.297703e+00 1.555117e+00 1.910080e+00 2.460962e+00 3.937228e+00 
2.112833068e-03 5.239990e-02 8.377704e-02 9.611345e-02 9.616705e-02 1.009782e-01 1.014904e-01 1.440185e-01 1.754887e-01 1.935423e-01 2.102455e-01 2.176844e-01 3.019562e-01 3.543218e-01 3.989191e-01 4.375780e-01 4.564182e-01 6.133677e-01 7.626965e-01 9.211041e-01 1.096778e+00 1.301918e+00 1.559934e+00 1.908927e+00 2.472797e+00 3.952391e+00 
2.130417055e-03 4.592199e-02 7.958389e-02 9.253466e-02 1.024296e-01 1.097211e-01 1.127673e-01 1.572275e-01 1.786263e-01 1.924113e-01 2.089368e-01 2.162346e-01 3.047419e-01 3.568422e-01 3.991299e-01 4.388360e-01 4.564067e-01 6.150855e-01 7.631895e-01 9.180112e-01 1.093728e+00 1.301478e+00 1.558782e+00 1.909279e+00 2.458503e+00 3.979538e+00 
2.142173329e-03 5.343892e-02 7.813720e-02 7.832290e-02 8.733479e-02 1.004529e-01 1.038607e-01 1.527610e-01 1.741667e-01 1.914672e-01 2.068615e-01 2.141240e-01 3.008435e-01 3.572130e-01 4.017391e-01 4.409506e-01 4.604890e-01 6.153136e-01 7.658402e-01 9.174219e-01 1.092659e+00 1.302300e+00 1.561580e+00 1.913319e+00 2.462753e+00 3.945615e+00 
2.158044995e-03 5.021854e-02 7.521266e-02 8.717086e-02 9.912014e-02 1.092963e-01 1.141706e-01 1.581153e-01 1.851184e-01 1.987844e-01 2.126238e-01 2.178738e-01 3.023696e-01 3.578490e-01 4.017014e-01 4.405161e-01 4.583766e-01 6.136938e-01 7.656005e-01 9.175125e-01 1.092496e+00 1.298291e+00 1.554847e+00 1.911407e+00 2.464976e+00 3.956836e+00 
2.166948312e-03 5.856529e-02 8.426057e-02 8.554775e-02 8.656818e-02 9.194706e-02 9.821017e-02 1.539740e-01 1.802959e-01 1.958517e-01 2.102433e-01 2.175450e-01 3.048936e-01 3.605726e-01 4.006201e-01 4.391059e-01 4.585383e-01 6.151434e-01 7.645925e-01 9.224623e-01 1.097898e+00 1.297792e+00 1.555546e+00 1.903612e+00 2.453787e+00 3.944307e+00 
2.177940021e-03 5.284441e-02 7.632714e-02 9.346297e-02 1.055181e-01 1.135116e-01 1.169167e-01 1.478907e-01 1.753382e-01 1.953045e-01 2.099299e-01 2.169178e-01 3.034730e-01 3.575758e-01 4.004971e-01 4.392251e-01 4.564130e-01 6.160445e-01 7.659632e-01 9.227847e-01 1.099183e+00 1.306643e+00 1.562472e+00 1.913724e+00 2.466254e+00 3.945938e+00 
2.195186805e-03 4.995244e-02 7.725958e-02 9.362501e-02 9.680671e-02 9.826639e-02 1.037848e-01 1.532894e-01 1.774619e-01 1.939716e-01 2.064099e-01 2.145929e-01 3.041136e-01 3.600268e-01 4.004939e-01 4.379866e-01 4.558650e-01 6.153779e-01 7.646442e-01 9.217305e-01 1.097431e+00 1.303255e+00 1.558810e+00 1.905360e+00 2.463688e+00 3.958894e+00 
2.201982883e-03 5.034012e-02 6.847610e-02 6.856799e-02 8.445278e-02 9.456286e-02 1.010621e-01 1.499317e-01 1.746587e-01 1.921173e-01 2.078756e-01 2.157950e-01 3.001089e-01 3.556590e-01 4.013316e-01 4.420439e-01 4.599455e-01 6.203969e-01 7.690964e-01 9.249532e-01 1.100195e+00 1.304345e+00 1.560900e+00 1.907317e+00 2.471569e+00 3.943359e+00 
2.215111502e-03 4.594680e-02 6.989466e-02 7.043930e-02 8.836482e-02 9.827414e-02 1.014392e-01 1.511726e-01 1.764485e-01 1.981148e-01 2.085354e-01 2.165024e-01 3.035386e-01 3.587682e-01 4.029437e-01 4.426441e-01 4.606040e-01 6.210732e-01 7.662969e-01 9.208010e-01 1.096778e+00 1.298885e+00 1.563135e+00 1.908458e+00 2.463128e+00 3.956286e+00 
2.222201579e-03 6.093086e-02 6.148385e-02 7.605305e-02 8.566285e-02 9.559075e-02 9.996530e-02 1.527584e-01 1.745307e-01 1.905795e-01 2.066179e-01 2.118032e-01 3.060053e-01 3.601540e-01 4.039004e-01 4.431008e-01 4.604664e-01 6.197546e-01 7.671534e-01 9.224061e-01 1.096711e+00 1.303018e+00 1.555171e+00 1.908188e+00 2.469765e+00 3.954869e+00 
2.232891135e-03 4.639413e-02 6.849010e-02 7.036706e-02 8.525198e-02 9.609994e-02 1.002826e-01 1.418805e-01 1.688643e-01 1.888616e-01 2.075493e-01 2.151882e-01 3.055275e-01 3.585247e-01 4.042894e-01 4.440107e-01 4.616661e-01 6.177588e-01 7.675586e-01 9.219106e-01 1.094705e+00 1.300886e+00 1.561360e+00 1.911536e+00 2.466220e+00 3.954698e+00 
2.239874533e-03 5.002965e-02 6.482621e-02 8.538397e-02 9.810987e-02 1.103831e-01 1.121975e-01 1.584802e-01 1.779976e-01 1.996490e-01 2.109284e-01 2.161171e-01 3.054632e-01 3.611998e-01 4.056844e-01 4.437984e-01 4.616308e-01 6.208909e-01 7.691565e-01 9.264439e-01 1.101936e+00 1.304089e+00 1.561179e+00 1.912116e+00 2.481301e+00 3.962656e+00 
2.260492857e-03 5.417892e-02 8.357989e-02 9.469429e-02 9.490448e-02 1.007978e-01 1.061686e-01 1.522041e-01 1.787754e-01 2.003881e-01 2.177622e-01 2.224184e-01 3.091100e-01 3.665207e-01 4.110662e-01 4.496637e-01 4.672027e-01 6.214473e-01 7.678566e-01 9.264454e-01 1.097621e+00 1.309819e+00 1.565235e+00 1.911749e+00 2.476740e+00 3.948026e+00 
2.282111577e-03 5.943683e-02 7.520256e-02 8.294345e-02 8.295065e-02 9.415573e-02 9.745314e-02 1.576284e-01 1.854557e-01 2.016950e-01 2.186666e-01 2.268350e-01 3.139598e-01 3.679103e-01 4.120195e-01 4.509696e-01 4.679663e-01 6.240797e-01 7.719465e-01 9.284620e-01 1.105127e+00 1.307003e+00 1.563975e+00 1.916537e+00 2.475931e+00 3.973557e+00 
2.296715625e-03 5.668266e-02 8.159226e-02 9.723819e-02 1.008525e-01 1.070683e-01 1.121697e-01 1.606261e-01 1.848346e-01 1.996026e-01 2.164840e-01 2.241742e-01 3.092030e-01 3.649372e-01 4.074704e-01 4.463969e-01 4.633421e-01 6.213706e-01 7.708982e-01 9.274739e-01 1.103647e+00 1.310954e+00 1.567765e+00 1.926780e+00 2.482142e+00 3.984533e+00 
2.309902967e-03 4.962436e-02 6.446839e-02 8.245687e-02 9.541738e-02 1.075407e-01 1.122554e-01 1.578189e-01 1.790111e-01 1.950655e-01 2.118274e-01 2.178257e-01 3.064816e-01 3.588528e-01 4.018930e-01 4.402708e-01 4.587069e-01 6.172993e-01 7.703002e-01 9.276746e-01 1.102202e+00 1.309801e+00 1.568019e+00 1.911019e+00 2.477864e+00 3.973970e+00 
2.321829008e-03 6.097455e-02 8.157865e-02 8.745760e-02 9.933156e-02 1.086070e-01 1.125601e-01 1.513456e-01 1.762319e-01 1.963373e-01 2.115649e-01 2.195223e-01 3.058755e-01 3.602349e-01 4.052396e-01 4.433260e-01 4.612277e-01 6.245215e-01 7.741743e-01 9.306427e-01 1.099631e+00 1.303946e+00 1.561213e+00 1.910519e+00 2.477019e+00 3.961482e+00 
2.335228770e-03 5.319409e-02 7.961769e-02 9.366718e-02 1.038126e-01 1.119823e-01 1.142822e-01 1.544031e-01 1.824249e-01 1.971324e-01 2.135665e-01 2.192791e-01 3.029737e-01 3.576341e-01 4.016495e-01 4.422849e-01 4.598234e-01 6.193603e-01 7.669054e-01 9.266166e-01 1.102609e+00 1.304150e+00 1.565060e+00 1.916354e+00 2.475009e+00 3.938387e+00 
2.340583526e-03 5.318684e-02 7.702611e-02 8.686008e-02 9.979604e-02 1.088611e-01 1.134316e-01 1.589068e-01 1.801170e-01 1.987195e-01 2.109631e-01 2.158789e-01 3.026585e-01 3.558332e-01 3.999370e-01 4.401707e-01 4.582564e-01 6.193653e-01 7.674590e-01 9.274143e-01 1.104046e+00 1.309109e+00 1.564969e+00 1.921932e+00 2.488259e+00 3.966779e+00 
2.347617192e-03 6.165218e-02 8.096081e-02 8.786854e-02 9.831445e-02 1.087042e-01 1.108863e-01 1.464343e-01 1.700910e-01 1.857952e-01 2.042574e-01 2.108327e-01 3.009472e-01 3.586154e-01 4.042102e-01 4.429026e-01 4.606602e-01 6.221573e-01 7.718715e-01 9.262737e-01 1.097409e+00 1.306220e+00 1.561585e+00 1.916350e+00 2.483310e+00 3.969011e+00 
2.361142449e-03 5.201308e-02 6.926504e-02 6.938287e-02 7.029672e-02 8.522212e-02 9.019601e-02 1.482330e-01 1.758072e-01 1.939494e-01 2.088883e-01 2.173008e-01 3.032337e-01 3.580327e-01 4.044286e-01 4.443149e-01 4.619819e-01 6.221488e-01 7.695211e-01 9.243398e-01 1.095071e+00 1.303553e+00 1.560960e+00 1.912314e+00 2.473564e+00 3.969984e+00 
2.376226977e-03 4.658451e-02 7.298944e-02 8.782395e-02 9.307620e-02 9.318372e-02 9.517709e-02 1.469659e-01 1.752465e-01 1.927237e-01 2.127601e-01 2.197635e-01 3.053785e-01 3.593735e-01 4.018661e-01 4.422906e-01 4.604070e-01 6.250870e-01 7.733117e-01 9.258287e-01 1.101137e+00 1.310613e+00 1.561907e+00 1.915605e+00 2.478373e+00 3.978703e+00 
2.392588713e-03 5.217810e-02 6.580883e-02 6.791438e-02 8.691666e-02 9.726871e-02 1.025821e-01 1.520898e-01 1.687465e-01 1.920854e-01 2.099320e-01 2.179885e-01 3.093065e-01 3.623318e-01 4.045760e-01 4.434019e-01 4.620388e-01 6.216337e-01 7.698112e-01 9.251983e-01 1.098257e+00 1.307389e+00 1.567035e+00 1.922554e+00 2.489529e+00 3.980498e+00 
2.402789320e-03 6.607402e-02 6.622698e-02 7.308502e-02 8.641751e-02 9.489246e-02 9.855307e-02 1.444020e-01 1.718578e-01 1.900545e-01 2.089304e-01 2.153732e-01 3.039668e-01 3.609462e-01 4.058320e-01 4.443901e-01 4.632497e-01 6.210885e-01 7.714686e-01 9.279588e-01 1.106012e+00 1.312352e+00 1.573279e+00 1.915121e+00 2.484812e+00 3.988069e+00 
2.416931994e-03 6.543173e-02 7.565594e-02 8.850030e-02 9.873687e-02 1.067006e-01 1.106609e-01 1.501001e-01 1.789476e-01 1.947332e-01 2.092374e-01 2.173746e-01 3.063952e-01 3.607856e-01 4.060097e-01 4.420293e-01 4.609003e-01 6.208835e-01 7.714310e-01 9.289977e-01 1.106159e+00 1.312790e+00 1.570436e+00 1.924912e+00 2.479455e+00 3.961998e+00 
2.432249791e-03 5.888790e-02 7.703058e-02 8.353584e-02 9.313344e-02 1.001408e-01 1.034654e-01 1.541835e-01 1.802598e-01 1.924885e-01 2.093181e-01 2.170355e-01 3.067748e-01 3.611266e-01 4.043762e-01 4.444102e-01 4.633275e-01 6.253267e-01 7.710772e-01 9.276226e-01 1.105897e+00 1.314750e+00 1.567550e+00 1.926080e+00 2.493693e+00 3.989780e+00 
2.440246864e-03 6.004881e-02 7.781508e-02 8.257295e-02 9.712208e-02 1.068484e-01 1.122201e-01 1.472104e-01 1.719658e-01 1.894148e-01 2.072988e-01 2.145753e-01 3.024380e-01 3.617106e-01 4.064980e-01 4.449727e-01 4.636689e-01 6.250401e-01 7.741529e-01 9.296380e-01 1.103347e+00 1.310176e+00 1.570808e+00 1.924490e+00 2.487836e+00 3.989547e+00 
2.454332202e-03 4.501261e-02 7.373135e-02 7.432974e-02 7.884016e-02 9.170020e-02 9.582390e-02 1.361094e-01 1.703011e-01 1.906129e-01 2.075246e-01 2.130243e-01 3.032603e-01 3.604092e-01 4.036188e-01 4.444190e-01 4.617650e-01 6.226916e-01 7.693236e-01 9.292048e-01 1.104979e+00 1.313248e+00 1.569515e+00 1.921367e+00 2.488167e+00 3.977869e+00 
2.470812982e-03 5.319368e-02 7.954844e-02 8.929514e-02 9.442386e-02 9.458760e-02 9.624470e-02 1.558792e-01 1.747984e-01 1.934133e-01 2.097609e-01 2.135836e-01 3.070399e-01 3.628733e-01 4.047186e-01 4.450292e-01 4.628903e-01 6.236250e-01 7.711444e-01 9.290438e-01 1.106639e+00 1.312895e+00 1.572563e+00 1.922520e+00 2.487235e+00 3.993265e+00 
2.481341093e-03 5.588149e-02 7.800286e-02 9.544217e-02 1.050520e-01 1.121981e-01 1.126285e-01 1.586811e-01 1.792848e-01 2.024811e-01 2.139893e-01 2.195178e-01 3.082260e-01 3.641978e-01 4.077229e-01 4.453650e-01 4.639510e-01 6.219115e-01 7.735652e-01 9.346903e-01 1.109203e+00 1.314527e+00 1.569420e+00 1.919986e+00 2.491012e+00 3.975664e+00 
2.491120439e-03 5.549842e-02 7.002055e-02 8.923267e-02 1.002479e-01 1.082750e-01 1.083864e-01 1.518259e-01 1.750808e-01 1.959114e-01 2.115853e-01 2.184917e-01 3.052298e-01 3.598148e-01 4.056498e-01 4.445278e-01 4.619488e-01 6.243533e-01 7.728419e-01 9.279999e-01 1.101650e+00 1.307421e+00 1.573249e+00 1.924764e+00 2.481269e+00 3.977867e+00 
2.502445623e-03 5.951069e-02 7.517654e-02 7.929427e-02 9.446644e-02 1.039629e-01 1.087317e-01 1.488821e-01 1.732528e-01 1.929278e-01 2.106542e-01 2.164608e-01 3.039535e-01 3.582219e-01 4.029370e-01 4.417736e-01 4.615918e-01 6.200079e-01 7.716416e-01 9.289307e-01 1.102654e+00 1.310237e+00 1.565357e+00 1.923010e+00 2.490114e+00 3.981042e+00 
2.515694066e-03 5.400579e-02 6.443958e-02 8.657078e-02 9.329993e-02 9.632628e-02 9.830188e-02 1.470908e-01 1.754976e-01 1.955679e-01 2.079143e-01 2.134250e-01 2.981609e-01 3.562931e-01 4.013725e-01 4.393274e-01 4.580533e-01 6.219340e-01 7.701993e-01 9.302106e-01 1.102658e+00 1.309331e+00 1.567778e+00 1.921610e+00 2.488200e+00 3.986334e+00 
2.522112682e-03 5.371408e-02 7.864553e-02 9.060769e-02 1.014692e-01 1.097918e-01 1.147949e-01 1.539338e-01 1.801084e-01 1.939637e-01 2.101451e-01 2.174801e-01 3.044630e-01 3.594688e-01 4.032084e-01 4.439039e-01 4.606211e-01 6.236029e-01 7.738845e-01 9.291835e-01 1.108624e+00 1.313092e+00 1.574220e+00 1.927132e+00 2.498125e+00 3.971298e+00 
2.531096274e-03 5.689295e-02 8.057815e-02 9.506700e-02 9.626189e-02 1.055784e-01 1.112572e-01 1.474642e-01 1.725441e-01 1.882122e-01 2.016286e-01 2.112283e-01 3.027699e-01 3.553528e-01 4.035391e-01 4.426688e-01 4.619693e-01 6.246293e-01 7.732440e-01 9.311681e-01 1.107717e+00 1.315926e+00 1.573728e+00 1.933725e+00 2.505756e+00 3.988285e+00 
2.544056194e-03 5.524098e-02 7.548284e-02 8.711377e-02 9.498229e-02 1.064657e-01 1.104858e-01 1.432650e-01 1.688061e-01 1.951374e-01 2.081056e-01 2.126506e-01 3.015010e-01 3.579427e-01 4.045411e-01 4.449726e-01 4.616098e-01 6.221081e-01 7.717960e-01 9.305015e-01 1.109214e+00 1.317170e+00 1.575090e+00 1.921936e+00 2.497138e+00 3.984380e+00 
2.551712822e-03 5.343591e-02 7.463479e-02 8.147817e-02 8.165509e-02 8.556037e-02 9.116160e-02 1.371686e-01 1.643126e-01 1.870668e-01 2.057660e-01 2.139336e-01 3.031423e-01 3.590536e-01 4.059342e-01 4.434042e-01 4.627606e-01 6.219172e-01 7.724904e-01 9.281112e-01 1.106758e+00 1.309456e+00 1.569619e+00 1.922162e+00 2.489473e+00 3.988644e+00 
2.559328496e-03 3.633629e-02 7.690755e-02 9.238162e-02 1.024699e-01 1.125977e-01 1.153063e-01 1.546647e-01 1.727511e-01 1.927776e-01 2.089442e-01 2.150238e-01 3.005646e-01 3.579253e-01 4.039233e-01 4.429073e-01 4.612277e-01 6.237350e-01 7.744099e-01 9.305864e-01 1.106917e+00 1.313538e+00 1.572887e+00 1.927140e+00 2.492735e+00 4.007145e+00 
2.576396978e-03 5.300548e-02 8.270172e-02 8.404069e-02 8.451098e-02 9.238252e-02 1.000066e-01 1.439802e-01 1.670946e-01 1.872007e-01 1.999635e-01 2.076524e-01 3.034368e-01 3.608106e-01 4.052443e-01 4.454902e-01 4.625354e-01 6.228199e-01 7.693590e-01 9.273868e-01 1.105411e+00 1.314309e+00 1.572239e+00 1.924264e+00 2.496046e+00 3.990647e+00 
2.593568467e-03 5.272176e-02 7.758900e-02 9.130803e-02 1.044243e-01 1.142253e-01 1.174922e-01 1.547578e-01 1.773992e-01 1.975615e-01 2.140484e-01 2.216196e-01 3.031853e-01 3.621063e-01 4.069428e-01 4.476882e-01 4.656240e-01 6.283244e-01 7.785861e-01 9.306634e-01 1.106469e+00 1.316090e+00 1.574269e+00 1.923713e+00 2.493823e+00 3.976853e+00 
2.612634818e-03 5.621446e-02 8.009450e-02 9.890907e-02 1.099914e-01 1.181310e-01 1.218877e-01 1.605859e-01 1.834559e-01 2.027125e-01 2.193819e-01 2.276247e-01 3.093152e-01 3.655180e-01 4.103613e-01 4.478495e-01 4.658294e-01 6.273913e-01 7.761585e-01 9.301020e-01 1.106245e+00 1.315447e+00 1.575561e+00 1.932521e+00 2.495119e+00 3.985068e+00 
2.616708963e-03 5.513511e-02 8.435309e-02 1.003935e-01 1.099528e-01 1.174113e-01 1.217371e-01 1.503769e-01 1.778269e-01 1.971842e-01 2.133871e-01 2.193837e-01 3.098628e-01 3.661916e-01 4.103408e-01 4.497778e-01 4.677959e-01 6.279773e-01 7.807289e-01 9.362611e-01 1.109235e+00 1.318011e+00 1.576833e+00 1.924167e+00 2.495978e+00 4.009490e+00 
2.625337658e-03 5.904262e-02 8.778445e-02 9.989350e-02 1.098689e-01 1.163705e-01 1.189441e-01 1.508116e-01 1.777454e-01 1.961009e-01 2.112364e-01 2.181638e-01 3.098383e-01 3.648800e-01 4.082507e-01 4.442543e-01 4.631071e-01 6.253281e-01 7.792301e-01 9.378834e-01 1.111295e+00 1.315950e+00 1.577429e+00 1.933778e+00 2.499966e+00 4.009301e+00 
2.636027438e-03 6.073357e-02 8.716110e-02 9.253958e-02 1.068427e-01 1.176393e-01 1.209789e-01 1.616710e-01 1.807345e-01 1.979055e-01 2.102408e-01 2.167772e-01 3.041283e-01 3.622441e-01 4.055141e-01 4.459686e-01 4.635017e-01 6.239774e-01 7.753002e-01 9.324686e-01 1.111230e+00 1.316816e+00 1.578591e+00 1.933796e+00 2.497445e+00 4.018074e+00 
2.645194017e-03 4.716095e-02 8.256121e-02 9.452917e-02 1.073741e-01 1.139235e-01 1.140694e-01 1.520987e-01 1.788251e-01 1.962395e-01 2.096314e-01 2.177546e-01 3.088955e-01 3.604082e-01 4.068313e-01 4.443053e-01 4.637816e-01 6.251563e-01 7.755892e-01 9.357695e-01 1.112705e+00 1.314861e+00 1.573284e+00 1.922260e+00 2.484049e+00 4.023174e+00 
2.659733860e-03 4.781825e-02 7.504193e-02 8.529329e-02 9.445836e-02 9.964438e-02 9.980633e-02 1.470950e-01 1.719662e-01 1.946325e-01 2.111271e-01 2.176668e-01 3.051758e-01 3.636003e-01 4.062577e-01 4.463166e-01 4.638758e-01 6.233827e-01 7.765236e-01 9.380951e-01 1.111218e+00 1.317744e+00 1.576451e+00 1.927811e+00 2.489508e+00 4.011662e+00 
2.666680083e-03 5.603844e-02 7.089679e-02 8.367705e-02 9.232991e-02 9.235339e-02 9.386389e-02 1.485101e-01 1.734204e-01 1.876885e-01 2.075612e-01 2.145858e-01 3.073343e-01 3.614626e-01 4.062972e-01 4.428817e-01 4.610476e-01 6.266664e-01 7.769774e-01 9.303758e-01 1.110906e+00 1.318653e+00 1.578753e+00 1.939245e+00 2.507206e+00 4.006503e+00 
2.682695477e-03 6.427967e-02 8.776716e-02 9.594708e-02 1.045702e-01 1.047069e-01 1.047456e-01 1.465802e-01 1.704116e-01 1.917196e-01 2.086308e-01 2.145050e-01 3.060403e-01 3.592715e-01 4.060018e-01 4.457984e-01 4.651394e-01 6.245185e-01 7.759477e-01 9.327165e-01 1.110997e+00 1.315133e+00 1.579234e+00 1.934722e+00 2.495264e+00 4.014091e+00 
2.704625689e-03 5.820124e-02 7.250266e-02 8.681944e-02 8.686245e-02 9.618527e-02 1.027092e-01 1.530631e-01 1.770109e-01 1.962878e-01 2.128003e-01 2.174460e-01 3.051650e-01 3.632817e-01 4.096417e-01 4.468049e-01 4.644333e-01 6.317893e-01 7.792110e-01 9.346985e-01 1.110119e+00 1.314496e+00 1.580528e+00 1.932322e+00 2.501937e+00 4.008249e+00 
2.716436538e-03 5.691728e-02 7.129598e-02 7.154803e-02 8.699688e-02 9.789470e-02 1.041466e-01 1.578345e-01 1.762196e-01 1.976907e-01 2.113281e-01 2.180739e-01 3.083717e-01 3.612810e-01 4.051799e-01 4.454708e-01 4.659796e-01 6.282135e-01 7.772377e-01 9.361461e-01 1.114834e+00 1.321232e+00 1.581397e+00 1.933166e+00 2.498430e+00 3.996224e+00 
2.724905336e-03 5.096040e-02 7.962500e-02 9.482596e-02 1.074289e-01 1.151178e-01 1.164358e-01 1.498456e-01 1.776539e-01 1.958722e-01 2.092603e-01 2.162863e-01 3.092491e-01 3.604604e-01 4.044597e-01 4.453678e-01 4.635143e-01 6.250231e-01 7.744004e-01 9.348527e-01 1.110832e+00 1.319953e+00 1.576580e+00 1.925314e+00 2.495763e+00 4.012669e+00 
2.738212987e-03 5.324972e-02 8.150333e-02 9.427257e-02 1.073880e-01 1.144410e-01 1.162256e-01 1.589058e-01 1.753955e-01 1.944087e-01 2.125162e-01 2.196183e-01 3.048715e-01 3.596643e-01 4.059106e-01 4.470851e-01 4.646072e-01 6.289707e-01 7.767554e-01 9.347278e-01 1.110071e+00 1.320191e+00 1.577123e+00 1.940085e+00 2.512472e+00 4.018816e+00 
2.745357726e-03 4.716048e-02 7.378018e-02 7.390590e-02 8.071291e-02 9.157115e-02 9.164805e-02 1.497502e-01 1.753528e-01 1.987535e-01 2.164185e-01 2.234396e-01 3.108155e-01 3.637147e-01 4.075585e-01 4.459730e-01 4.634545e-01 6.271558e-01 7.780765e-01 9.349106e-01 1.111510e+00 1.319890e+00 1.583155e+00 1.938838e+00 2.511836e+00 4.015448e+00 
2.755714092e-03 6.209106e-02 8.030619e-02 8.251900e-02 8.650786e-02 1.005297e-01 1.052586e-01 1.545010e-01 1.787430e-01 1.959658e-01 2.152243e-01 2.225386e-01 3.065114e-01 3.628066e-01 4.077400e-01 4.462037e-01 4.652567e-01 6.269152e-01 7.771914e-01 9.341442e-01 1.111801e+00 1.320915e+00 1.579477e+00 1.935609e+00 2.502702e+00 4.014063e+00 
2.767996036e-03 5.135155e-02 6.647291e-02 6.693305e-02 7.587970e-02 7.913071e-02 7.915357e-02 1.369377e-01 1.606561e-01 1.838264e-01 2.043019e-01 2.118917e-01 3.036906e-01 3.608291e-01 4.063738e-01 4.440173e-01 4.632491e-01 6.269940e-01 7.753911e-01 9.332122e-01 1.110283e+00 1.316564e+00 1.570320e+00 1.926668e+00 2.498908e+00 4.021230e+00 
2.781467852e-03 3.517916e-02 6.909324e-02 7.864014e-02 9.168482e-02 1.035584e-01 1.064615e-01 1.546089e-01 1.782317e-01 1.965343e-01 2.123555e-01 2.152014e-01 3.058652e-01 3.618166e-01 4.051010e-01 4.439902e-01 4.609052e-01 6.251989e-01 7.789207e-01 9.370013e-01 1.112924e+00 1.318547e+00 1.575532e+00 1.928577e+00 2.501340e+00 4.004319e+00 
2.793955495e-03 5.900478e-02 8.643085e-02 9.838026e-02 1.085377e-01 1.149967e-01 1.170822e-01 1.601035e-01 1.793317e-01 1.957743e-01 2.094074e-01 2.152284e-01 3.027586e-01 3.597604e-01 4.026370e-01 4.426619e-01 4.617617e-01 6.281531e-01 7.765694e-01 9.363875e-01 1.113741e+00 1.323634e+00 1.581428e+00 1.931633e+00 2.508860e+00 4.020393e+00 
2.807881071e-03 4.674113e-02 7.425826e-02 8.961185e-02 9.868684e-02 1.081683e-01 1.128133e-01 1.386293e-01 1.653384e-01 1.877002e-01 2.058192e-01 2.118991e-01 3.045582e-01 3.613520e-01 4.040213e-01 4.441869e-01 4.635538e-01 6.242008e-01 7.740114e-01 9.336496e-01 1.110136e+00 1.320342e+00 1.583013e+00 1.935608e+00 2.506673e+00 4.019860e+00 
2.828615537e-03 5.296180e-02 7.077473e-02 8.711347e-02 9.133243e-02 9.616771e-02 1.036278e-01 1.402680e-01 1.731259e-01 1.959751e-01 2.137699e-01 2.194183e-01 3.048419e-01 3.620771e-01 4.067086e-01 4.461708e-01 4.631599e-01 6.243913e-01 7.731440e-01 9.340002e-01 1.112389e+00 1.321966e+00 1.577196e+00 1.936227e+00 2.513294e+00 4.032093e+00 
2.850249309e-03 4.769022e-02 7.866444e-02 7.965666e-02 8.141771e-02 8.668125e-02 8.708098e-02 1.508656e-01 1.779176e-01 1.946193e-01 2.091265e-01 2.178615e-01 3.057911e-01 3.630104e-01 4.043730e-01 4.451424e-01 4.641080e-01 6.277482e-01 7.795546e-01 9.371782e-01 1.111928e+00 1.322662e+00 1.581313e+00 1.935695e+00 2.503447e+00 4.017977e+00 
2.867561300e-03 5.034579e-02 7.926042e-02 9.530904e-02 1.036643e-01 1.069784e-01 1.070639e-01 1.531795e-01 1.751530e-01 1.973718e-01 2.138239e-01 2.185299e-01 3.019951e-01 3.623585e-01 4.055346e-01 4.455192e-01 4.651831e-01 6.262554e-01 7.790614e-01 9.399335e-01 1.117484e+00 1.328394e+00 1.587697e+00 1.938780e+00 2.507843e+00 4.012946e+00 
2.881336845e-03 3.822862e-02 4.387192e-02 6.920522e-02 8.255928e-02 9.717287e-02 1.008010e-01 1.526144e-01 1.822812e-01 1.990744e-01 2.160650e-01 2.221705e-01 3.065511e-01 3.644220e-01 4.100734e-01 4.481046e-01 4.662394e-01 6.304970e-01 7.825438e-01 9.441301e-01 1.122307e+00 1.328203e+00 1.586242e+00 1.942298e+00 2.510999e+00 4.047860e+00 
2.891494793e-03 5.918783e-02 6.691853e-02 7.206359e-02 9.025069e-02 1.050594e-01 1.110030e-01 1.602139e-01 1.835433e-01 2.050309e-01 2.192852e-01 2.218967e-01 3.052830e-01 3.617598e-01 4.068739e-01 4.456712e-01 4.642957e-01 6.296160e-01 7.824363e-01 9.429326e-01 1.123013e+00 1.328833e+00 1.593200e+00 1.941570e+00 2.515527e+00 4.023848e+00 
2.903550935e-03 5.279813e-02 7.681773e-02 8.610103e-02 9.207180e-02 9.262358e-02 9.563205e-02 1.552905e-01 1.851987e-01 2.015552e-01 2.172365e-01 2.236805e-01 3.086322e-01 3.647982e-01 4.102766e-01 4.481843e-01 4.666577e-01 6.317259e-01 7.812893e-01 9.402446e-01 1.116871e+00 1.327743e+00 1.592636e+00 1.952018e+00 2.523690e+00 4.031140e+00 
2.918924545e-03 5.008121e-02 6.672241e-02 7.063506e-02 8.998299e-02 9.953276e-02 1.053659e-01 1.488940e-01 1.670739e-01 1.889279e-01 2.105503e-01 2.143482e-01 3.085481e-01 3.630819e-01 4.094160e-01 4.476740e-01 4.658107e-01 6.308076e-01 7.810374e-01 9.391738e-01 1.114491e+00 1.322981e+00 1.582593e+00 1.941286e+00 2.507902e+00 4.026635e+00 
2.939820039e-03 5.742630e-02 7.879577e-02 8.976375e-02 1.005215e-01 1.099476e-01 1.143103e-01 1.504086e-01 1.796584e-01 1.972121e-01 2.141339e-01 2.212944e-01 3.113917e-01 3.654047e-01 4.077391e-01 4.464222e-01 4.638513e-01 6.299246e-01 7.818024e-01 9.406961e-01 1.120558e+00 1.329537e+00 1.588383e+00 1.950234e+00 2.509191e+00 4.035042e+00 
2.951680039e-03 5.219565e-02 8.292401e-02 8.326844e-02 9.031304e-02 1.011429e-01 1.060624e-01 1.511715e-01 1.774844e-01 1.973089e-01 2.138084e-01 2.204855e-01 3.095316e-01 3.651322e-01 4.090255e-01 4.469232e-01 4.667290e-01 6.309523e-01 7.789505e-01 9.366578e-01 1.114165e+00 1.327263e+00 1.582439e+00 1.941520e+00 2.523196e+00 4.030321e+00 
2.961313337e-03 5.342643e-02 7.502987e-02 7.510539e-02 8.468547e-02 8.492677e-02 8.663784e-02 1.500272e-01 1.785861e-01 1.971712e-01 2.126547e-01 2.207934e-01 3.027420e-01 3.615430e-01 4.081265e-01 4.480005e-01 4.646829e-01 6.335784e-01 7.816549e-01 9.426953e-01 1.119737e+00 1.329029e+00 1.589778e+00 1.942625e+00 2.513438e+00 4.020654e+00 
2.973441342e-03 5.448283e-02 7.995711e-02 9.424302e-02 1.066655e-01 1.107032e-01 1.107547e-01 1.569754e-01 1.839040e-01 2.022664e-01 2.168507e-01 2.223935e-01 3.036332e-01 3.591941e-01 4.060253e-01 4.474838e-01 4.661388e-01 6.313537e-01 7.807694e-01 9.401019e-01 1.121711e+00 1.326961e+00 1.589222e+00 1.943766e+00 2.508117e+00 4.029276e+00 
2.986052695e-03 5.745096e-02 7.689504e-02 9.103396e-02 1.053558e-01 1.157659e-01 1.191039e-01 1.534815e-01 1.805746e-01 2.007412e-01 2.173483e-01 2.227772e-01 3.089593e-01 3.653969e-01 4.085711e-01 4.476166e-01 4.667206e-01 6.282942e-01 7.847279e-01 9.427612e-01 1.119441e+00 1.329226e+00 1.594824e+00 1.953438e+00 2.508561e+00 4.031695e+00 
2.997213053e-03 6.032210e-02 8.338749e-02 8.378553e-02 9.331180e-02 1.017950e-01 1.019250e-01 1.502397e-01 1.760824e-01 1.980157e-01 2.084592e-01 2.154487e-01 3.087837e-01 3.637602e-01 4.079779e-01 4.495857e-01 4.681433e-01 6.295931e-01 7.834883e-01 9.420402e-01 1.117480e+00 1.326286e+00 1.587321e+00 1.943790e+00 2.517427e+00 4.014971e+00 
3.005213666e-03 4.823151e-02 7.171057e-02 8.861856e-02 9.905138e-02 1.058190e-01 1.100184e-01 1.443994e-01 1.637551e-01 1.875745e-01 2.034820e-01 2.122894e-01 3.065930e-01 3.620011e-01 4.087093e-01 4.486881e-01 4.682098e-01 6.316994e-01 7.857325e-01 9.441549e-01 1.119472e+00 1.332499e+00 1.591399e+00 1.948206e+00 2.524439e+00 4.046836e+00 
3.019150660e-03 5.151848e-02 7.983642e-02 9.932685e-02 1.012317e-01 1.088658e-01 1.140351e-01 1.574910e-01 1.791437e-01 1.945153e-01 2.091566e-01 2.143580e-01 3.029430e-01 3.619067e-01 4.059734e-01 4.464992e-01 4.656230e-01 6.321361e-01 7.833921e-01 9.430070e-01 1.120333e+00 1.329251e+00 1.591497e+00 1.940933e+00 2.518270e+00 4.037145e+00 
3.034573521e-03 5.047124e-02 5.510767e-02 7.554332e-02 9.087290e-02 1.005076e-01 1.043409e-01 1.345029e-01 1.686765e-01 1.879874e-01 2.051361e-01 2.120712e-01 3.060606e-01 3.582340e-01 4.032791e-01 4.455532e-01 4.643079e-01 6.288687e-01 7.828805e-01 9.423382e-01 1.120242e+00 1.333418e+00 1.590943e+00 1.944428e+00 2.519675e+00 4.055305e+00 
3.046835682e-03 4.776302e-02 7.008704e-02 8.613247e-02 9.485402e-02 9.627688e-02 1.001109e-01 1.394603e-01 1.665585e-01 1.851881e-01 2.026122e-01 2.074040e-01 3.002180e-01 3.591091e-01 4.025480e-01 4.433616e-01 4.629522e-01 6.279246e-01 7.819398e-01 9.392389e-01 1.117134e+00 1.326473e+00 1.589312e+00 1.946902e+00 2.512958e+00 4.026170e+00 
3.047456780e-03 4.653237e-02 7.228966e-02 8.956538e-02 9.849833e-02 1.054205e-01 1.096790e-01 1.418575e-01 1.629788e-01 1.882540e-01 2.045791e-01 2.138831e-01 3.023495e-01 3.599422e-01 4.028547e-01 4.438162e-01 4.630821e-01 6.269288e-01 7.805465e-01 9.386296e-01 1.118693e+00 1.328010e+00 1.588906e+00 1.939260e+00 2.512227e+00 4.028220e+00 
3.063220349e-03 5.483046e-02 6.646573e-02 7.948042e-02 9.334594e-02 1.066751e-01 1.090501e-01 1.544035e-01 1.724111e-01 1.869271e-01 2.052302e-01 2.141432e-01 3.015084e-01 3.572769e-01 4.043130e-01 4.442976e-01 4.629735e-01 6.291802e-01 7.803462e-01 9.399397e-01 1.121636e+00 1.329655e+00 1.591840e+00 1.947811e+00 2.520171e+00 4.052120e+00 
3.072675143e-03 5.221710e-02 6.174395e-02 7.242659e-02 8.924612e-02 1.025391e-01 1.062956e-01 1.491310e-01 1.746765e-01 1.945562e-01 2.101463e-01 2.177263e-01 3.038152e-01 3.614929e-01 4.038412e-01 4.442703e-01 4.632801e-01 6.325718e-01 7.835504e-01 9.421633e-01 1.118882e+00 1.334312e+00 1.597143e+00 1.944650e+00 2.525826e+00 4.037919e+00 
3.078776996e-03 5.195255e-02 6.969551e-02 8.704418e-02 9.809972e-02 1.009978e-01 1.022811e-01 1.425166e-01 1.762015e-01 1.977120e-01 2.114796e-01 2.177693e-01 3.042988e-01 3.615106e-01 4.031192e-01 4.437032e-01 4.624279e-01 6.264779e-01 7.833227e-01 9.432092e-01 1.122680e+00 1.329609e+00 1.599697e+00 1.949153e+00 2.525625e+00 4.037767e+00 
3.083741943e-03 6.157646e-02 8.281186e-02 9.467505e-02 1.044928e-01 1.131482e-01 1.178301e-01 1.500818e-01 1.717716e-01 1.919094e-01 2.070516e-01 2.161631e-01 3.077786e-01 3.598002e-01 4.049179e-01 4.454140e-01 4.634260e-01 6.291365e-01 7.825620e-01 9.415895e-01 1.116732e+00 1.329300e+00 1.591272e+00 1.947762e+00 2.517224e+00 4.057904e+00 
3.100975967e-03 5.197585e-02 7.378655e-02 8.680496e-02 1.032834e-01 1.116814e-01 1.144563e-01 1.594252e-01 1.852756e-01 2.003815e-01 2.120626e-01 2.191668e-01 3.044632e-01 3.575126e-01 4.062463e-01 4.453745e-01 4.641844e-01 6.307812e-01 7.838832e-01 9.433271e-01 1.121164e+00 1.332230e+00 1.591524e+00 1.946498e+00 2.520323e+00 4.054432e+00 
3.115821540e-03 4.773242e-02 6.544664e-02 8.369187e-02 8.993102e-02 9.772854e-02 1.036397e-01 1.549334e-01 1.741115e-01 1.966661e-01 2.111447e-01 2.182304e-01 3.026339e-01 3.616249e-01 4.076131e-01 4.490161e-01 4.671804e-01 6.312900e-01 7.856229e-01 9.417018e-01 1.120233e+00 1.332872e+00 1.593881e+00 1.945889e+00 2.520095e+00 4.028855e+00 
3.123863474e-03 5.008072e-02 7.437114e-02 8.975992e-02 9.908124e-02 1.022221e-01 1.059084e-01 1.331309e-01 1.650743e-01 1.856315e-01 2.048480e-01 2.135191e-01 3.050895e-01 3.639644e-01 4.062663e-01 4.454616e-01 4.642293e-01 6.313026e-01 7.850174e-01 9.458066e-01 1.124332e+00 1.335692e+00 1.592684e+00 1.950742e+00 2.527511e+00 4.034075e+00 
3.142541926e-03 4.208116e-02 6.955451e-02 8.760879e-02 9.994925e-02 1.104188e-01 1.133880e-01 1.501168e-01 1.770952e-01 1.921972e-01 2.085769e-01 2.164420e-01 3.053907e-01 3.596578e-01 4.065321e-01 4.467959e-01 4.673010e-01 6.284382e-01 7.825549e-01 9.442143e-01 1.122657e+00 1.330258e+00 1.591037e+00 1.948005e+00 2.527097e+00 4.031615e+00 
3.150995808e-03 3.939462e-02 7.083208e-02 8.575365e-02 8.763507e-02 9.668116e-02 9.674941e-02 1.294720e-01 1.664892e-01 1.840784e-01 1.984683e-01 2.058137e-01 3.038496e-01 3.574361e-01 4.054284e-01 4.463098e-01 4.650025e-01 6.350321e-01 7.854324e-01 9.451338e-01 1.123769e+00 1.331284e+00 1.589374e+00 1.948704e+00 2.526930e+00 4.035251e+00 
3.153521417e-03 4.404021e-02 6.337836e-02 8.237511e-02 9.470810e-02 1.014497e-01 1.065847e-01 1.416417e-01 1.676248e-01 1.929514e-01 2.049390e-01 2.138944e-01 3.049733e-01 3.611561e-01 4.068786e-01 4.493162e-01 4.692648e-01 6.336241e-01 7.856075e-01 9.456652e-01 1.122096e+00 1.333605e+00 1.592899e+00 1.949922e+00 2.517426e+00 4.046424e+00 
3.168704132e-03 5.791903e-02 8.187983e-02 9.613015e-02 9.720747e-02 9.728821e-02 1.024893e-01 1.429647e-01 1.727319e-01 1.951692e-01 2.090742e-01 2.157323e-01 3.047093e-01 3.624426e-01 4.072512e-01 4.476789e-01 4.664089e-01 6.304330e-01 7.835568e-01 9.424195e-01 1.120231e+00 1.330538e+00 1.589057e+00 1.949719e+00 2.530804e+00 4.065913e+00 
3.172097712e-03 5.616573e-02 8.008826e-02 9.601139e-02 1.018531e-01 1.018969e-01 1.023810e-01 1.435902e-01 1.688967e-01 1.909605e-01 2.078499e-01 2.173881e-01 3.032682e-01 3.591945e-01 4.042017e-01 4.429212e-01 4.627877e-01 6.300363e-01 7.837884e-01 9.440071e-01 1.121415e+00 1.331548e+00 1.594726e+00 1.949598e+00 2.533996e+00 4.058255e+00 
3.183965813e-03 4.879531e-02 5.215392e-02 6.735776e-02 8.596726e-02 9.692914e-02 1.005654e-01 1.347225e-01 1.719626e-01 1.863336e-01 2.026112e-01 2.112303e-01 3.079650e-01 3.640254e-01 4.059525e-01 4.449667e-01 4.638385e-01 6.309259e-01 7.841542e-01 9.459673e-01 1.122556e+00 1.331898e+00 1.594024e+00 1.944900e+00 2.524441e+00 4.055430e+00 
3.195107868e-03 4.536874e-02 7.203567e-02 8.919773e-02 1.013295e-01 1.123646e-01 1.157171e-01 1.400618e-01 1.729871e-01 1.898042e-01 2.091921e-01 2.155260e-01 3.007778e-01 3.621904e-01 4.078317e-01 4.489508e-01 4.660220e-01 6.320554e-01 7.845185e-01 9.438326e-01 1.121843e+00 1.330968e+00 1.591031e+00 1.946311e+00 2.529021e+00 4.038073e+00 
3.202028809e-03 5.039836e-02 8.062277e-02 9.627959e-02 9.981083e-02 1.093468e-01 1.116856e-01 1.513713e-01 1.729338e-01 1.947698e-01 2.064161e-01 2.119448e-01 3.004667e-01 3.588709e-01 4.086436e-01 4.490998e-01 4.670570e-01 6.317217e-01 7.840195e-01 9.477383e-01 1.127271e+00 1.337506e+00 1.598503e+00 1.955619e+00 2.531805e+00 4.063474e+00 
3.210861772e-03 5.413010e-02 6.637093e-02 7.590749e-02 7.971557e-02 8.005383e-02 8.032476e-02 1.435206e-01 1.718030e-01 1.961609e-01 2.073593e-01 2.127979e-01 3.049079e-01 3.605934e-01 4.070900e-01 4.465951e-01 4.653048e-01 6.340970e-01 7.838076e-01 9.421469e-01 1.123093e+00 1.332818e+00 1.595331e+00 1.949553e+00 2.540581e+00 4.061879e+00 
3.212394367e-03 5.656209e-02 7.668715e-02 8.708924e-02 9.417602e-02 1.003906e-01 1.004217e-01 1.506514e-01 1.704000e-01 1.934793e-01 2.114014e-01 2.157197e-01 3.022296e-01 3.600264e-01 4.090822e-01 4.482224e-01 4.669562e-01 6.330158e-01 7.819151e-01 9.429804e-01 1.120287e+00 1.330726e+00 1.590715e+00 1.950515e+00 2.527200e+00 4.050502e+00 
3.219559041e-03 3.605703e-02 5.125560e-02 6.335705e-02 7.958162e-02 8.658770e-02 9.399203e-02 1.442630e-01 1.692203e-01 1.879761e-01 2.078363e-01 2.145089e-01 3.011195e-01 3.588908e-01 4.074443e-01 4.473953e-01 4.664046e-01 6.332559e-01 7.834071e-01 9.435115e-01 1.121701e+00 1.333494e+00 1.592343e+00 1.948669e+00 2.521898e+00 4.048755e+00 
3.231100901e-03 5.118493e-02 7.433600e-02 7.589504e-02 8.778666e-02 1.002052e-01 1.042716e-01 1.441151e-01 1.617361e-01 1.871214e-01 2.039876e-01 2.102855e-01 3.038299e-01 3.610123e-01 4.055646e-01 4.465765e-01 4.643007e-01 6.266181e-01 7.819921e-01 9.415058e-01 1.118764e+00 1.330718e+00 1.589962e+00 1.949342e+00 2.527377e+00 4.047364e+00 
3.245200870e-03 5.485803e-02 7.846681e-02 9.295373e-02 1.044371e-01 1.118958e-01 1.144745e-01 1.531905e-01 1.790517e-01 1.984734e-01 2.091474e-01 2.157089e-01 3.035817e-01 3.581043e-01 4.049775e-01 4.454453e-01 4.644701e-01 6.294141e-01 7.812417e-01 9.423602e-01 1.124978e+00 1.338284e+00 1.598813e+00 1.951555e+00 2.538523e+00 4.064258e+00 
3.251313815e-03 4.675590e-02 7.184610e-02 8.988296e-02 9.893421e-02 9.897079e-02 1.007822e-01 1.421273e-01 1.727524e-01 1.954085e-01 2.058972e-01 2.116477e-01 3.033148e-01 3.605257e-01 4.054290e-01 4.454116e-01 4.645622e-01 6.301810e-01 7.825419e-01 9.438705e-01 1.123992e+00 1.333847e+00 1.594672e+00 1.948843e+00 2.528010e+00 4.068273e+00 
3.257016500e-03 5.355074e-02 7.099822e-02 8.750346e-02 9.875935e-02 1.074004e-01 1.108360e-01 1.518426e-01 1.704639e-01 1.973680e-01 2.064623e-01 2.154656e-01 3.032274e-01 3.643868e-01 4.096837e-01 4.494190e-01 4.680885e-01 6.335934e-01 7.866638e-01 9.470783e-01 1.123180e+00 1.336357e+00 1.601878e+00 1.956529e+00 2.526592e+00 4.055870e+00 
3.264221312e-03 3.764464e-02 7.911913e-02 8.009369e-02 8.030244e-02 9.900990e-02 1.021886e-01 1.443446e-01 1.740411e-01 1.926929e-01 2.106039e-01 2.176817e-01 3.072775e-01 3.642863e-01 4.086014e-01 4.491685e-01 4.686249e-01 6.296241e-01 7.843049e-01 9.441607e-01 1.125156e+00 1.335282e+00 1.594590e+00 1.955641e+00 2.541989e+00 4.075402e+00 
3.266109687e-03 5.620858e-02 7.725011e-02 8.707643e-02 9.796100e-02 1.083896e-01 1.102690e-01 1.531380e-01 1.813814e-01 1.975408e-01 2.127794e-01 2.202145e-01 3.089919e-01 3.647630e-01 4.098179e-01 4.498638e-01 4.682876e-01 6.334117e-01 7.875859e-01 9.441978e-01 1.126656e+00 1.337528e+00 1.597624e+00 1.958791e+00 2.536576e+00 4.050994e+00 
3.272779246e-03 5.096375e-02 7.615312e-02 7.624975e-02 8.100702e-02 9.710072e-02 9.718505e-02 1.375251e-01 1.688428e-01 1.877989e-01 2.063745e-01 2.104490e-01 3.094757e-01 3.651078e-01 4.069259e-01 4.467777e-01 4.656403e-01 6.324131e-01 7.827216e-01 9.448109e-01 1.123530e+00 1.332550e+00 1.593843e+00 1.961743e+00 2.538714e+00 4.081829e+00 
3.275283326e-03 4.820132e-02 7.292389e-02 8.952603e-02 9.801088e-02 9.801660e-02 9.809191e-02 1.475589e-01 1.762848e-01 1.936885e-01 2.114833e-01 2.174628e-01 3.014280e-01 3.588100e-01 4.062532e-01 4.473118e-01 4.665227e-01 6.343626e-01 7.868699e-01 9.457094e-01 1.121253e+00 1.335024e+00 1.598983e+00 1.954804e+00 2.535694e+00 4.069761e+00 
3.291973501e-03 4.980087e-02 6.181496e-02 6.794913e-02 8.293134e-02 9.822805e-02 1.041767e-01 1.519527e-01 1.764818e-01 1.994205e-01 2.116271e-01 2.161936e-01 3.059097e-01 3.632320e-01 4.088184e-01 4.483150e-01 4.670708e-01 6.319378e-01 7.839851e-01 9.447862e-01 1.123529e+00 1.334389e+00 1.596017e+00 1.955272e+00 2.522318e+00 4.070379e+00 
3.299948612e-03 4.082188e-02 4.778559e-02 6.946529e-02 8.782558e-02 9.965962e-02 1.047560e-01 1.464532e-01 1.750044e-01 1.993901e-01 2.113243e-01 2.179876e-01 3.087986e-01 3.622355e-01 4.079215e-01 4.477183e-01 4.638382e-01 6.296948e-01 7.873103e-01 9.488293e-01 1.121912e+00 1.334011e+00 1.598875e+00 1.956461e+00 2.527345e+00 4.051342e+00 
3.309646123e-03 5.577565e-02 7.513974e-02 9.216005e-02 9.236994e-02 9.500050e-02 9.518712e-02 1.374416e-01 1.665611e-01 1.873428e-01 2.017812e-01 2.074191e-01 3.025933e-01 3.583503e-01 4.080479e-01 4.498351e-01 4.686679e-01 6.317619e-01 7.881072e-01 9.501967e-01 1.129731e+00 1.339697e+00 1.603480e+00 1.957860e+00 2.524875e+00 4.057589e+00 
3.319389927e-03 5.143634e-02 7.649642e-02 9.295822e-02 9.424062e-02 1.005076e-01 1.046269e-01 1.508850e-01 1.716185e-01 1.879325e-01 2.017743e-01 2.079477e-01 3.051061e-01 3.630762e-01 4.087818e-01 4.491266e-01 4.670590e-01 6.340768e-01 7.875833e-01 9.495604e-01 1.131635e+00 1.344794e+00 1.603735e+00 1.962793e+00 2.539941e+00 4.072188e+00 
3.331146561e-03 5.334235e-02 7.579820e-02 9.251131e-02 1.030562e-01 1.062040e-01 1.063009e-01 1.473026e-01 1.716616e-01 1.831545e-01 2.024617e-01 2.104541e-01 3.042284e-01 3.615697e-01 4.123291e-01 4.521286e-01 4.685841e-01 6.346263e-01 7.846632e-01 9.472251e-01 1.128920e+00 1.336706e+00 1.597578e+00 1.961352e+00 2.537159e+00 4.048369e+00 
3.340407884e-03 4.555360e-02 6.759857e-02 7.655060e-02 9.145895e-02 1.017464e-01 1.050493e-01 1.327358e-01 1.654502e-01 1.846444e-01 1.985158e-01 2.058490e-01 2.996481e-01 3.571791e-01 4.043204e-01 4.473813e-01 4.649467e-01 6.318221e-01 7.849323e-01 9.471085e-01 1.123758e+00 1.335397e+00 1.595855e+00 1.950884e+00 2.529833e+00 4.070362e+00 
3.358050916e-03 4.755912e-02 6.966969e-02 8.148188e-02 8.160690e-02 8.286043e-02 8.885593e-02 1.394120e-01 1.655324e-01 1.893241e-01 2.075885e-01 2.126933e-01 2.988938e-01 3.565914e-01 4.037406e-01 4.430835e-01 4.623447e-01 6.302983e-01 7.846060e-01 9.483160e-01 1.126437e+00 1.338959e+00 1.599267e+00 1.957726e+00 2.530374e+00 4.062683e+00 
3.360658694e-03 3.805196e-02 5.067201e-02 7.656329e-02 9.024750e-02 9.681671e-02 9.706834e-02 1.430775e-01 1.734622e-01 1.900567e-01 2.024178e-01 2.111826e-01 2.984317e-01 3.571239e-01 4.059097e-01 4.477363e-01 4.674519e-01 6.320839e-01 7.870131e-01 9.482747e-01 1.128656e+00 1.343162e+00 1.605836e+00 1.961795e+00 2.533312e+00 4.065257e+00 
3.363093528e-03 5.631665e-02 6.312575e-02 7.235493e-02 7.600554e-02 7.637289e-02 7.900002e-02 1.354776e-01 1.575177e-01 1.796363e-01 2.002411e-01 2.091840e-01 3.043619e-01 3.596888e-01 4.073538e-01 4.482548e-01 4.676025e-01 6.341365e-01 7.878591e-01 9.508444e-01 1.130485e+00 1.343300e+00 1.601972e+00 1.962814e+00 2.544675e+00 4.072200e+00 
3.366091431e-03 5.507254e-02 7.537433e-02 9.092942e-02 1.006844e-01 1.097855e-01 1.130315e-01 1.481530e-01 1.622793e-01 1.783692e-01 1.966895e-01 2.061586e-01 2.996581e-01 3.608341e-01 4.096581e-01 4.504590e-01 4.695291e-01 6.356991e-01 7.892379e-01 9.511542e-01 1.131481e+00 1.343189e+00 1.606327e+00 1.963444e+00 2.534158e+00 4.086548e+00 
3.378353280e-03 3.170313e-02 4.499064e-02 7.020864e-02 8.585253e-02 9.072370e-02 9.778971e-02 1.389509e-01 1.741134e-01 1.905915e-01 2.056021e-01 2.113668e-01 2.999186e-01 3.565428e-01 4.048945e-01 4.476152e-01 4.669104e-01 6.339789e-01 7.892934e-01 9.508076e-01 1.128048e+00 1.341985e+00 1.601054e+00 1.954959e+00 2.534308e+00 4.072976e+00 
3.386587910e-03 5.133236e-02 7.979567e-02 8.472279e-02 9.116960e-02 1.005695e-01 1.035222e-01 1.428019e-01 1.762407e-01 1.934393e-01 2.076847e-01 2.130106e-01 3.074462e-01 3.597472e-01 4.055110e-01 4.468067e-01 4.662059e-01 6.322859e-01 7.841014e-01 9.476286e-01 1.127585e+00 1.336550e+00 1.600758e+00 1.956614e+00 2.535167e+00 4.062930e+00 
3.400625475e-03 5.886985e-02 7.797262e-02 8.705715e-02 9.814283e-02 1.025977e-01 1.044566e-01 1.447414e-01 1.659884e-01 1.835589e-01 1.980695e-01 2.074006e-01 3.037828e-01 3.618098e-01 4.099010e-01 4.485566e-01 4.678212e-01 6.352232e-01 7.865762e-01 9.470205e-01 1.126505e+00 1.340992e+00 1.596981e+00 1.955643e+00 2.546769e+00 4.080092e+00 
3.410718886e-03 4.293332e-02 4.347966e-02 4.651414e-02 6.939605e-02 8.291419e-02 8.834752e-02 1.316341e-01 1.611781e-01 1.820583e-01 2.039907e-01 2.109871e-01 3.049355e-01 3.591752e-01 4.056543e-01 4.473078e-01 4.682257e-01 6.338735e-01 7.879205e-01 9.479279e-01 1.123754e+00 1.332936e+00 1.596886e+00 1.956719e+00 2.537507e+00 4.073380e+00 
