#1:time #2:r #3.binary? #4:ID #5:zams_m #6:m_progenitor #7:bh mass #8:bh_spin #9:birth-kick(km/s) #10-28:kick_info array
0.000110176037995663362 0.294987 0 37169 143.227 45.696 42.4389 0 0 1 1 0 4.58215 141.496 0 -0 0 0 0 0 0 0 0 0 0 0 1234 3.55379
0.000110176037995663362 0.397227 0 66744 149.433 47.4168 43.2084 0 0 1 1 0 53.3336 279.462 0 0 -0 0 0 0 0 0 0 0 0 0 1234 3.52739
0.000110176037995663362 0.649003 0 153953 145.584 46.0012 42.5757 0 0 1 1 0 50.0545 343.758 0 0 -0 0 0 0 0 0 0 0 0 0 1234 3.54171
0.000110176037995663362 0.668812 0 124705 145.763 46.0822 42.6122 0 0 1 1 0 67.6993 80.3374 0 0 0 0 0 0 0 0 0 0 0 0 1234 3.54032
0.000110176037995663362 0.808579 0 227379 149.33 47.3739 43.1902 0 0 1 1 0 -24.1231 141.427 0 -0 0 -0 0 0 0 0 0 0 0 0 1234 3.52743
0.000113881319646337356 0.355668 0 31537 139.482 44.665 41.9952 0 0 1 1 0 -1.35862 231.373 0 -0 -0 -0 0 0 0 0 0 0 0 0 1234 3.57127
0.000113881319646337356 0.447316 0 24742 136.28 43.8615 41.6655 0 0 1 1 0 24.1048 10.9663 0 0 0 0 0 0 0 0 0 0 0 0 1234 3.58807
0.000113881319646337356 0.477613 0 373539 127.907 41.6396 40.6371 0 0 1 1 0 9.8194 141.053 0 -0 0 0 0 0 0 0 0 0 0 0 1234 3.63387
0.000113881319646337356 0.491512 1 197209 134.836 43.2226 41.4015 0 0.126108 1 0 0 51.7522 37.265 111.278 0.117511 0.0457644 0 0.126108 0 0 0 0 0 89.433 48.7242 1234 3.59386
0.000113881319646337356 0.571747 1 34059 120.985 39.1954 38.717 0 0.330814 1 0 0 -67.2582 40.4277 49.1764 0.250335 -0.216263 -0 0.330814 0 0 0 0 0 322.86 222.923 1234 3.67616
0.000113881319646337356 0.826284 1 237223 121.97 41.5013 40.5567 0 0.161994 1 0 0 -2.41037 228.554 21.2439 0.0586969 -0.150986 -0 0.161994 0 0 0 0 0 180.463 292.072 1234 3.67846
0.000113881319646337356 0.888604 0 178400 137.766 44.015 41.7281 0 0 1 1 0 -70.3405 44.3436 0 0 0 -0 0 0 0 0 0 0 0 0 1234 3.57832
0.000113881319646337356 0.928656 1 303342 132.966 43.0464 41.3264 0 0.736167 1 0 0 81.9629 126.517 70.1665 0.692499 -0.249773 0 0.736167 0 0 0 0 0 95.4304 90.3445 1234 3.60505
0.000113881319646337356 1.00887 1 106776 138.879 48.7122 43.7024 0 0.980239 1 0 0 10.3078 157.157 252.181 -0.933215 0.299963 0 0.980239 0 0 0 0 0 42.0419 359.155 1234 3.57328
0.000113881319646337356 1.21549 0 282872 134.472 43.1657 41.3774 0 0 1 1 0 40.0797 198.401 0 -0 -0 0 0 0 0 0 0 0 0 0 1234 3.59667
0.000113881319646337356 1.41754 0 148111 125.007 40.6756 40.0113 0 0 1 1 0 -54.0958 77.9467 0 0 0 -0 0 0 0 0 0 0 0 0 1234 3.65164
0.000113881319646337356 1.61905 1 332402 138.741 45.6983 42.44 0 0.972598 1 0 0 22.3686 267.796 36.9481 0.584621 -0.777281 0 0.972598 0 0 0 0 0 11.1919 95.4854 1234 3.58067
0.000113881319646337356 2.09846 0 367271 133.49 42.8996 41.2625 0 0 1 1 0 -10.6927 237.918 0 -0 -0 -0 0 0 0 0 0 0 0 0 1234 3.60097
0.000116475128482860905 0.408667 0 63382 115.518 38.4829 37.9605 0 0 1 1 0 32.887 337.019 0 0 -0 0 0 0 0 0 0 0 0 0 1234 3.71867
0.000116475128482860905 0.472816 1 161019 113.131 37.6332 36.9935 0 0.0153312 1 0 0 -26.666 283.722 117.353 0.0114103 0.0102396 -0 0.0153312 0 0 0 0 0 39.9037 -39.7774 1234 3.73698
0.000116475128482860905 0.489372 0 85280 112.951 37.7049 37.0762 0 0 1 1 0 -21.8665 315.641 0 0 -0 -0 0 0 0 0 0 0 0 0 1234 3.73841
0.000116475128482860905 0.600035 1 400306 114.301 42.464 41.0644 0 0.230057 2 0 0 -58.0185 212.282 275.229 -0.22932 -0.0184052 -0 0.230057 0 0 0 0 0 68.8416 -15.1673 1234 3.70824
0.000116475128482860905 0.786757 1 135356 110.379 36.0103 35.2246 0 0.51129 1 0 0 -43.1131 218.908 255.092 -0.494079 0.131541 -0 0.51129 0 0 0 0 0 335.253 115.387 1234 3.75647
0.000116475128482860905 1.36262 1 319199 119.881 39.4063 38.9262 0 0.0186853 1 0 0 -17.1771 183.054 217.923 -0.0109843 0.0151158 -0 0.0186853 0 0 0 0 0 101.839 -98.1959 1234 3.68584
0.000116475128482860905 1.38291 0 271200 113.115 37.6856 37.0539 0 0 1 1 0 -66.4904 39.5744 0 0 0 -0 0 0 0 0 0 0 0 0 1234 3.73694
0.000116475128482860905 1.56011 0 281898 110.732 36.8839 36.1391 0 0 1 1 0 -25.5289 81.5157 0 0 0 -0 0 0 0 0 0 0 0 0 1234 3.75699
0.000116475128482860905 3.32886 0 397439 110.873 36.9395 36.2012 0 0 1 1 0 -15.091 217.083 0 -0 -0 -0 0 0 0 0 0 0 0 0 1234 3.75544
0.000117823324576419195 0.566199 0 126208 108.619 36.3193 35.5328 0 0 1 1 0 56.5198 250.433 0 -0 -0 0 0 0 0 0 0 0 0 0 1234 3.77459
0.000117823324576419195 0.787273 0 52739 109.15 36.8061 36.0529 0 0 1 1 0 35.0961 62.0791 0 0 0 0 0 0 0 0 0 0 0 0 1234 3.77145
0.000117823324576419195 1.14175 1 275664 108.167 36.328 35.5417 0 0.348131 1 0 0 21.8289 124.291 355.411 -0.0278502 -0.347016 0 0.348131 0 0 0 0 0 62.7913 252.736 1234 3.77921
0.000117823324576419195 1.35271 0 333360 108.319 36.196 35.4075 0 0 1 1 0 43.9604 209.784 0 -0 -0 0 0 0 0 0 0 0 0 0 1234 3.7777
0.000117823324576419195 2.24595 1 345386 106.082 35.7558 34.9864 0 0.0721819 1 0 0 48.8973 189.824 57.645 0.0701022 -0.0172022 0 0.0721819 0 0 0 0 0 326.876 -325.482 1234 3.79787
0.000120461673113663099 0.572756 0 400168 99.3595 33.8006 33.6086 0 0 1 1 0 -31.2787 208.314 0 -0 -0 -0 0 0 0 0 0 0 0 0 1234 3.86456
0.000120461673113663099 0.575174 0 187159 99.6123 33.7626 33.5846 0 0 1 1 0 -20.0059 95.2078 0 -0 0 -0 0 0 0 0 0 0 0 0 1234 3.86302
0.000120461673113663099 0.989474 0 341956 104.083 35.1751 34.5014 0 0 1 1 0 22.495 0.502971 0 0 0 0 0 0 0 0 0 0 0 0 1234 3.81678
0.000120461673113663099 1.15062 1 400436 105.011 36.0264 35.2402 0 0.0320357 2 0 0 -13.7717 123.976 135.861 0.0214837 0.0237642 0 0.0320357 0 0 0 0 0 122.787 -114.391 1234 3.80734
0.000120461673113663099 1.65828 1 400134 101.66 40.0244 39.493 0 0.0961823 2 0 0 -11.4465 338.439 231.021 -0.0747704 0.0605014 0 0.0961823 0 0 0 0 0 243.646 137.275 1234 3.80873
0.000120461673113663099 2.04163 1 351072 101.389 34.3016 33.9208 0 0.0209907 1 0 0 40.7338 126.11 264.458 -0.020877 0.00218214 0 0.0209907 0 0 0 0 0 251.83 -223.665 1234 3.84377
0.000120461673113663099 3.56832 1 376787 101.2 34.041 33.7557 0 0.0859193 1 0 0 -3.15545 252.791 186.184 -0.00925501 0.0854194 -0 0.0859193 0 0 0 0 0 63.0558 6.33306 1234 3.84392
0.000122771258974679979 0.120303 0 25723 96.7141 33.2045 33.1801 0 0 1 1 0 16.4478 114.209 0 -0 0 0 0 0 0 0 0 0 0 0 1234 3.89749
0.000122771258974679979 0.210062 1 19958 95.0645 31.5537 31.0537 0 0.34121 1 0 0 37.72 157.183 357.733 -0.0134973 -0.340943 0 0.34121 0 0 0 0 0 98.4685 267.452 1234 3.91257
0.000122771258974679979 0.260835 0 18285 92.9948 31.7038 31.2038 0 0 1 1 0 7.85803 306.983 0 0 -0 0 0 0 0 0 0 0 0 0 1234 3.94039
0.000122771258974679979 0.373683 1 98566 94.5428 31.8234 31.3234 0 0.258053 1 0 0 -24.1814 335.75 173.222 0.0304567 0.256249 -0 0.258053 0 0 0 0 0 122.779 116.011 1234 3.92069
0.000122771258974679979 0.451117 0 60977 95.6663 32.7879 32.752 0 0 1 1 0 26.6869 79.8396 0 0 0 0 0 0 0 0 0 0 0 0 1234 3.9089
0.000122771258974679979 0.473747 1 18034 91.9225 30.5377 30.0377 0 0.347476 1 0 0 -25.0635 65.8369 132.086 0.257875 0.232895 -0 0.347476 0 0 0 0 0 102.57 34.9047 1234 3.95135
0.000122771258974679979 0.682008 0 161652 91.215 31.461 30.961 0 0 1 1 0 -9.99032 75.7852 0 0 0 -0 0 0 0 0 0 0 0 0 1234 3.96506
0.000122771258974679979 1.1387 1 314542 93.2792 30.8232 30.3232 0 0.447314 1 0 0 55.154 126.158 219.999 -0.287519 0.342669 0 0.447314 0 0 0 0 0 79.7494 204.487 1234 3.9345
0.000122771258974679979 1.56672 1 285736 91.8686 32.3604 32.1006 0 0.0860301 1 0 0 24.4063 170.809 260.132 -0.0847573 0.014744 0 0.0860301 0 0 0 0 0 319.827 75.303 1234 3.95916
0.000124969894872306277 0.307839 0 221973 87.1741 29.9469 29.4469 0 0 1 1 0 11.8975 318.676 0 0 -0 0 0 0 0 0 0 0 0 0 1234 4.02154
0.000124969894872306277 0.335142 1 126525 89.8458 29.5708 29.0708 0 0.453245 1 0 0 -17.611 105.486 245.852 -0.413584 0.185418 -0 0.453245 0 0 0 0 0 359.097 54.4648 1234 3.97936
0.000124969894872306277 0.502618 0 155739 90.0102 30.7667 30.2667 0 0 1 1 0 13.8027 41.6441 0 0 0 0 0 0 0 0 0 0 0 0 1234 3.98075
0.000124969894872306277 0.755882 1 208068 89.8859 30.7289 30.2572 0 0.0523827 1 0 0 -38.5987 270.494 40.9829 0.0464772 -0.0241623 -0 0.0523827 0 0 0 0 0 339.8 -339.034 1234 3.98244
0.000124969894872306277 1.06363 1 269625 91.028 32.1643 31.6967 0 0.17458 1 0 0 1.22749 1.40593 161.595 0.05512 0.16565 0 0.17458 0 0 0 0 0 133.033 283.634 1234 3.97055
0.000124969894872306277 1.30286 0 268092 86.7564 29.7316 29.2316 0 0 1 1 0 -51.5474 356.916 0 0 -0 -0 0 0 0 0 0 0 0 0 1234 4.02849
0.000124969894872306277 1.30951 1 295831 89.5049 29.532 29.032 0 0.218562 1 0 0 -26.6502 204.282 240.844 -0.190868 0.106482 -0 0.218562 0 0 0 0 0 128.984 106.522 1234 3.98451
0.000124969894872306277 1.6918 1 269252 86.7614 29.9601 29.472 0 0.0655669 1 0 0 6.62795 168.728 344.25 -0.0384408 -0.0531162 0 0.0655669 0 0 0 0 0 331.869 -331.215 1234 4.02744
0.000124969894872306277 1.78296 0 393726 88.6217 30.5872 30.0872 0 0 1 1 0 -77.0256 24.2719 0 0 0 -0 0 0 0 0 0 0 0 0 1234 4.00093
0.000124969894872306277 2.02972 1 59744 88.2269 31.2603 30.7603 0 0.193638 1 0 0 -51.3318 64.9857 25.0717 0.0820545 -0.175393 -0 0.193638 0 0 0 0 0 290.695 217.273 1234 4.01043
0.000124969894872306277 2.13303 1 112486 89.8181 30.8474 30.3474 0 0.0196953 1 0 0 44.88 203.922 272.218 -0.019685 -0.00063886 0 0.0196953 0 0 0 0 0 262.008 -210.634 1234 3.98408
0.000129610227637475819 0.187815 0 7944 80.3201 27.8687 27.3687 0 0 1 1 0 4.19523 243.492 0 -0 -0 0 0 0 0 0 0 0 0 0 1234 4.13461
0.000129610227637475819 0.199642 0 4686 85.234 29.2822 28.7822 0 0 1 1 0 35.909 105.962 0 -0 0 0 0 0 0 0 0 0 0 0 1234 4.05217
0.000129610227637475819 0.205305 0 56428 83.4893 28.9219 28.4219 0 0 1 1 0 -11.7817 73.2962 0 0 0 -0 0 0 0 0 0 0 0 0 1234 4.07989
0.000129610227637475819 0.297381 0 74741 85.6489 29.4088 28.9088 0 0 1 1 0 15.1156 80.9027 0 0 0 0 0 0 0 0 0 0 0 0 1234 4.04525
0.000129610227637475819 0.313788 1 57788 83.6887 29.4415 28.9415 0 0.190627 1 0 0 44.7353 3.14592 85.8034 0.190116 -0.0139499 0 0.190627 0 0 0 0 0 297.229 201.919 1234 4.07778
0.000129610227637475819 0.332249 1 101588 80.2683 27.3256 26.8256 0 0.182971 1 0 0 -19.1239 357.467 323.841 -0.107958 -0.147727 -0 0.182971 0 0 0 0 0 57.7037 118.321 1234 4.13564
0.000129610227637475819 0.497017 1 155861 85.0713 29.373 29.0108 0 0.0482045 1 0 0 -17.0337 254.163 51.3777 0.0481885 0.00124175 -0 0.0482045 0 0 0 0 0 51.3847 -51.0811 1234 4.05386
0.000129610227637475819 0.542595 1 123955 80.5022 30.1824 29.6824 0 0.132357 1 0 0 27.6073 94.1418 264.141 -0.131665 0.0135114 0 0.132357 0 0 0 0 0 206.458 156.308 1234 4.13831
0.000129610227637475819 0.574368 1 114109 85.1597 30.4692 29.9692 0 0.188213 1 0 0 5.9905 243.124 195.447 -0.0501306 0.181414 0 0.188213 0 0 0 0 0 272.978 331.277 1234 4.05691
0.000129610227637475819 0.628242 0 167348 80.8703 27.9889 27.4889 0 0 1 1 0 3.88177 290.095 0 0 -0 0 0 0 0 0 0 0 0 0 1234 4.12577
0.000129610227637475819 0.632122 0 48145 79.3275 27.5233 27.0233 0 0 1 1 0 20.9221 235.686 0 -0 -0 0 0 0 0 0 0 0 0 0 1234 4.15257
0.000129610227637475819 1.06525 1 379793 81.155 28.8291 28.3291 0 0.196173 1 0 0 12.8269 18.3705 145.479 0.111174 0.16163 0 0.196173 0 0 0 0 0 62.3437 141.67 1234 4.12268
0.000129610227637475819 1.33629 0 281793 81.4953 28.2554 27.7554 0 0 1 1 0 44.5177 97.4123 0 -0 0 0 0 0 0 0 0 0 0 0 1234 4.11502
0.000129610227637475819 1.43471 1 306912 79.7919 33.0166 33.0059 0 0.00311173 1 0 0 -14.4218 108.342 342.316 -0.000945221 -0.00296469 -0 0.00311173 0 0 0 0 0 257.47 257.015 1234 4.13355
0.000129610227637475819 1.52343 1 383978 83.0321 28.6321 28.1329 0 0.0279077 1 0 0 -19.5515 222.838 185.288 -0.00199684 0.0278362 -0 0.0279077 0 0 0 0 0 231.381 -231.363 1234 4.08702
0.000129610227637475819 2.11763 1 400146 81.8132 28.5626 28.0626 0 0.0203204 2 0 0 -78.1678 121.015 275.354 -0.0202504 -0.00168491 -0 0.0203204 0 0 0 0 0 62.6819 -25.286 1234 4.10772
0.000132306396880484399 0.161887 1 400262 87.2077 32.5905 32.4847 0 0.00627032 2 0 0 -40.3335 28.1143 0.0313222 3.50237e-06 -0.00627032 0 0.00627032 0 0 0 0 0 65.2111 -65.209 1234 4.24962
0.000132306396880484399 0.545783 0 400219 75.1031 26.3654 25.8654 0 0 1 1 0 -73.7294 267.148 0 -0 -0 -0 0 0 0 0 0 0 0 0 1234 4.23556
0.000132306396880484399 0.577434 1 400161 73.6638 30.4212 29.9212 0 0.125672 2 0 0 -33.8953 18.7843 119.169 0.109304 0.0620162 0 0.125672 0 0 0 0 0 293.074 -231.425 1234 4.23532
0.000132306396880484399 0.661292 1 108759 75.7877 26.3763 25.8763 0 0.202842 1 0 0 33.4579 334.184 65.8285 0.185058 -0.0830575 0 0.202842 0 0 0 0 0 178.725 341.629 1234 4.2229
0.000132306396880484399 0.774016 1 183027 76.2554 24.9546 24.4546 0 0.512788 1 0 0 -65.8236 318.774 313.511 -0.371895 -0.353051 -0 0.512788 0 0 0 0 0 218.634 67.6348 1234 4.21279
0.000132306396880484399 0.941082 0 274667 75.723 26.4418 25.9418 0 0 1 1 0 7.93516 62.3362 0 0 0 0 0 0 0 0 0 0 0 0 1234 4.22466
0.000132306396880484399 1.0575 0 263142 74.1105 25.8863 25.3863 0 0 1 1 0 23.1589 353.568 0 0 -0 0 0 0 0 0 0 0 0 0 1234 4.25963
0.000132306396880484399 1.18797 1 122726 75.6095 24.7431 24.2431 0 0.426512 1 0 0 30.8783 55.2624 356.322 -0.0273579 -0.425633 0 0.426512 0 0 0 0 0 216.464 145.201 1234 4.22604
0.000132306396880484399 1.22084 0 225981 73.9012 25.7588 25.2588 0 0 1 1 0 -29.8156 234.095 0 -0 -0 -0 0 0 0 0 0 0 0 0 1234 4.26346
0.000132306396880484399 1.43168 1 92811 75.6818 26.9834 26.4834 0 0.199106 1 0 0 -36.7725 49.5601 212.125 -0.105878 0.168622 -0 0.199106 0 0 0 0 0 345.895 246.47 1234 4.22604
0.000132306396880484399 1.8883 0 117805 74.2135 25.9023 25.4023 0 0 1 1 0 -46.9272 248.764 0 -0 -0 -0 0 0 0 0 0 0 0 0 1234 4.2578
0.000132306396880484399 1.9276 1 400479 76.7371 26.8104 26.3104 0 0.0228668 2 0 0 3.50449 242.192 304.496 -0.0189316 -0.0128251 0 0.0228668 0 0 0 0 0 295.407 -266.846 1234 4.20099
0.000136324783437109895 0.248796 0 150694 68.3909 24.2119 23.7119 0 0 1 1 0 13.7417 37.0314 0 0 0 0 0 0 0 0 0 0 0 0 1234 4.39787
0.000136324783437109895 0.255545 0 22271 68.5043 24.2364 23.7364 0 0 1 1 0 -69.0097 92.1372 0 -0 0 -0 0 0 0 0 0 0 0 0 1234 4.3941
0.000136324783437109895 0.283605 0 56445 71.697 25.2127 24.7127 0 0 1 1 0 -71.9688 302.394 0 0 -0 -0 0 0 0 0 0 0 0 0 1234 4.31459
0.000136324783437109895 0.285401 1 17346 68.3869 24.1778 23.6778 0 0.213797 1 0 0 -2.24138 308.499 301.317 -0.182646 -0.111127 -0 0.213797 0 0 0 0 0 140.552 293.761 1234 4.39797
0.000136324783437109895 0.314425 0 222059 72.8621 25.4298 24.9298 0 0 1 1 0 5.40182 94.5161 0 -0 0 0 0 0 0 0 0 0 0 0 1234 4.28663
0.000136324783437109895 0.359402 0 48204 68.7896 24.1899 23.6899 0 0 1 1 0 -15.2608 106.953 0 -0 0 -0 0 0 0 0 0 0 0 0 1234 4.3868
0.000136324783437109895 0.376978 1 36746 71.5071 25.5353 25.0353 0 0.219015 1 0 0 -18.4981 204.774 183.868 -0.0147732 0.218516 -0 0.219015 0 0 0 0 0 316.55 28.4556 1234 4.31982
0.000136324783437109895 0.38974 1 400357 72.8988 26.3695 25.8695 0 0.0286853 2 0 0 -35.5455 233.237 263.139 -0.0252205 0.0136664 0 0.0286853 0 0 0 0 0 291.231 -290.695 1234 4.27543
0.000136324783437109895 0.565454 0 211536 73.2881 25.5765 25.0765 0 0 1 1 0 11.3561 229.352 0 -0 -0 0 0 0 0 0 0 0 0 0 1234 4.27732
0.000136324783437109895 0.652516 1 141630 70.232 24.6147 24.1147 0 0.0574052 1 0 0 -46.9351 195.828 105.016 0.0522768 0.0237169 -0 0.0574052 0 0 0 0 0 307.622 -305.955 1234 4.35059
0.000136324783437109895 0.66263 0 159756 70.7773 24.8483 24.3483 0 0 1 1 0 51.6126 209.04 0 -0 -0 0 0 0 0 0 0 0 0 0 1234 4.33724
0.000136324783437109895 0.720741 1 206016 69.1594 23.7222 23.2222 0 0.228616 1 0 0 18.3697 157.824 92.8544 0.228332 0.0113847 0 0.228616 0 0 0 0 0 159.009 45.1843 1234 4.37672
0.000136324783437109895 0.749063 1 199387 71.6135 25.0473 24.5473 0 0.0932113 1 0 0 14.1593 292.499 92.7409 0.0928774 0.00788263 0 0.0932113 0 0 0 0 0 26.5909 -16.8252 1234 4.31659
0.000136324783437109895 0.794196 1 400276 69.7122 25.1211 24.6211 0 0.022691 2 0 0 -40.0726 273.466 170.761 0.00283162 0.0225137 0 0.022691 0 0 0 0 0 10.8281 -10.7358 1234 4.35526
0.000136324783437109895 0.797951 0 220568 71.8797 25.1097 24.6097 0 0 1 1 0 40.8987 309.448 0 0 -0 0 0 0 0 0 0 0 0 0 1234 4.31096
0.000136324783437109895 0.950325 1 258213 72.1849 25.3446 24.8446 0 0.135881 1 0 0 20.4835 101.762 354.779 -0.0237141 -0.133795 0 0.135881 0 0 0 0 0 269.3 -269.092 1234 4.30337
0.000136324783437109895 1.09064 0 202135 70.0702 24.6658 24.1658 0 0 1 1 0 54.4214 29.0453 0 0 0 0 0 0 0 0 0 0 0 0 1234 4.35422
0.000136324783437109895 1.24957 1 329879 69.5386 25.3545 24.893 0 0.184522 1 0 0 -7.76157 174.202 109.641 0.173786 0.0620219 -0 0.184522 0 0 0 0 0 275.484 290.668 1234 4.36815
0.000136324783437109895 1.35938 1 400416 73.6031 32.0386 31.3937 0 0.185896 2 0 0 65.929 308.109 253.651 -0.178379 0.0523279 0 0.185896 0 0 0 0 0 314.635 -209.143 1234 4.2835
0.000136324783437109895 1.42381 1 163862 71.7045 25.2503 24.7503 0 0.0168 1 0 0 12.124 346.244 276.729 -0.0158587 0.00554449 0 0.0168 0 0 0 0 0 52.3769 -51.7368 1234 4.31454
0.000136324783437109895 1.43524 0 305710 71.3771 24.9926 24.4926 0 0 1 1 0 -24.3538 179.131 0 -0 0 -0 0 0 0 0 0 0 0 0 1234 4.32221
0.000136324783437109895 1.66461 1 346705 70.927 25.0785 24.5785 0 0.698851 1 0 0 52.0287 3.4894 16.0645 0.193386 -0.671561 0 0.698851 0 0 0 0 0 321.461 183.473 1234 4.33258
0.000136324783437109895 1.76447 1 400455 91.0092 40.0762 39.5372 0 0.136321 2 0 0 -57.6905 26.1745 258.719 -0.133687 0.0266684 0 0.136321 0 0 0 0 0 359.297 182.124 1234 4.39937
0.000136324783437109895 1.82416 1 352248 71.5528 26.7705 26.2705 0 0.203559 1 0 0 -1.04563 266.302 30.1925 0.0706193 -0.121373 -0 0.140422 0 0 0 0 0 47.2601 234.39 1234 4.32225
0.000136324783437109895 1.82416 1 400482 68.997 25.8262 25.3262 0 0.203559 2 0 0 32.8718 234.771 20.0125 -0.121777 -0.075653 0 0.203559 0 0 0 0 0 173.875 -163.605 1234 4.37549
0.000136324783437109895 2.13457 0 388664 69.5718 24.4257 23.9257 0 0 1 1 0 -26.6854 8.74806 0 0 0 -0 0 0 0 0 0 0 0 0 1234 4.36767
0.000136324783437109895 3.01708 1 396486 71.5772 25.4259 24.9259 0 0.212394 1 0 0 -3.17372 6.40395 286.497 -0.203651 -0.0603106 -0 0.212394 0 0 0 0 0 32.0352 199.762 1234 4.31809
0.000139884778209765052 0.205528 1 25276 66.9019 23.0913 22.5913 0 0.261866 1 0 0 20.2213 31.7567 99.8166 0.258032 0.0446468 0 0.261866 0 0 0 0 0 276.532 256.357 1234 4.43859
0.000139884778209765052 0.300475 0 30143 64.7375 22.9816 22.4816 0 0 1 1 0 28.0071 345.908 0 0 -0 0 0 0 0 0 0 0 0 0 1234 4.50256
0.000139884778209765052 0.415308 0 69896 65.8113 23.3022 22.8022 0 0 1 1 0 60.0247 47.5812 0 0 0 0 0 0 0 0 0 0 0 0 1234 4.46928
0.000139884778209765052 0.475404 0 90769 67.4596 23.9705 23.4705 0 0 1 1 0 16.5151 299.958 0 0 -0 0 0 0 0 0 0 0 0 0 1234 4.4226
0.000139884778209765052 0.617464 1 20824 65.7684 21.4961 20.9961 0 0.403799 1 0 0 -31.2063 215.708 332.242 -0.188065 -0.357331 -0 0.403799 0 0 0 0 0 298.717 104.19 1234 4.47425
0.000139884778209765052 0.738682 1 400225 66.0592 23.5789 23.0789 0 0.0115019 2 0 0 -7.95834 242.105 190.648 -0.00164408 0.0113838 0 0.0115019 0 0 0 0 0 216.938 -216.869 1234 4.46122
0.000139884778209765052 0.742579 0 162389 64.3309 22.9759 22.4759 0 0 1 1 0 23.4512 339.795 0 0 -0 0 0 0 0 0 0 0 0 0 1234 4.51408
0.000139884778209765052 0.840507 0 254836 64.498 22.8955 22.3955 0 0 1 1 0 -15.6503 116.343 0 -0 0 -0 0 0 0 0 0 0 0 0 1234 4.51045
0.000139884778209765052 0.996411 1 400208 66.4222 24.2706 23.7706 0 0.0360268 2 0 0 -38.3545 216.619 300.89 -0.0357973 0.0040604 0 0.0360268 0 0 0 0 0 280.835 -280.353 1234 4.43955
0.000139884778209765052 1.04064 1 269164 65.6853 23.2616 22.7616 0 0.0307207 1 0 0 -30.5145 13.4253 312.463 -0.0234946 -0.019793 -0 0.0307207 0 0 0 0 0 350.09 -344.332 1234 4.47319
0.000139884778209765052 1.25361 1 275822 68.0376 24.1458 23.6873 0 0.0454142 1 0 0 -25.5974 187.461 355.752 -0.00347485 -0.0452811 -0 0.0454142 0 0 0 0 0 209.573 -208.72 1234 4.40723
0.000139884778209765052 1.32543 0 306381 65.1476 23.1415 22.6415 0 0 1 1 0 -30.2993 246.499 0 -0 -0 -0 0 0 0 0 0 0 0 0 1234 4.49069
0.000139884778209765052 1.38334 0 115022 65.1949 23.2287 22.7287 0 0 1 1 0 -26.9009 181.098 0 -0 -0 -0 0 0 0 0 0 0 0 0 1234 4.48859
0.000139884778209765052 1.39681 0 354461 65.7481 23.2755 22.7755 0 0 1 1 0 -31.613 167.026 0 -0 0 -0 0 0 0 0 0 0 0 0 1234 4.47124
0.000139884778209765052 1.43008 1 400471 66.9799 24.24 23.74 0 0.0381293 2 0 0 27.4701 117.468 277.61 -0.0375542 0.00659709 0 0.0381293 0 0 0 0 0 24.6859 -23.3514 1234 4.42439
0.000139884778209765052 1.53672 1 400384 74.2252 32.7337 32.6836 0 0.0135906 2 0 0 -85.6482 89.642 196.774 -0.00392216 0.0130124 0 0.0135906 0 0 0 0 0 266.782 62.4411 1234 4.42617
0.000139884778209765052 1.67674 0 224862 66.6605 23.6789 23.1789 0 0 1 1 0 -19.8688 200.183 0 -0 -0 -0 0 0 0 0 0 0 0 0 1234 4.44579
0.000139884778209765052 1.8388 1 400474 66.2805 24.3741 23.8741 0 0.700433 2 0 0 -53.3643 35.341 332.738 -0.323714 -0.621141 -0 0.700433 0 0 0 0 0 247.284 -233.207 1234 4.43191
0.000139884778209765052 2.22543 0 362474 67.8302 24.0413 23.5413 0 0 1 1 0 23.5602 344.583 0 0 -0 0 0 0 0 0 0 0 0 0 1234 4.41299
0.000139884778209765052 2.57652 0 364883 66.6454 23.5433 23.0433 0 0 1 1 0 -45.0922 114.794 0 -0 0 -0 0 0 0 0 0 0 0 0 1234 4.44592
0.000142750199569807647 0.274874 0 79909 62.417 22.4027 21.9027 0 0 1 1 0 -37.6143 97.2102 0 -0 0 -0 0 0 0 0 0 0 0 0 1234 4.57587
0.000142750199569807647 0.351045 0 66306 61.8243 22.1186 21.6186 0 0 1 1 0 -20.3261 146.162 0 -0 0 -0 0 0 0 0 0 0 0 0 1234 4.59604
0.000142750199569807647 0.36841 1 12058 62.3326 23.0462 22.5462 0 0.206718 1 0 0 4.39255 77.2901 82.1284 0.204771 -0.0283107 0 0.206718 0 0 0 0 0 8.98907 26.0683 1234 4.57887
0.000142750199569807647 0.424153 1 124227 61.8755 20.1105 19.6105 0 0.566346 1 0 0 -45.3979 330.609 222.632 -0.383583 0.416669 -0 0.566346 0 0 0 0 0 310.615 91.1772 1234 4.60022
0.000142750199569807647 0.677417 1 131965 62.6862 22.3688 21.8688 0 0.12133 1 0 0 -12.1999 313.561 41.1949 0.091365 -0.0798337 -0 0.12133 0 0 0 0 0 296.992 -295.03 1234 4.56803
0.000142750199569807647 1.15308 1 195604 62.7819 21.4817 20.9817 0 0.184845 1 0 0 17.6469 90.7808 327.589 -0.0990736 -0.156052 0 0.184845 0 0 0 0 0 150.467 306.419 1234 4.5651
0.000142750199569807647 1.34772 0 360794 62.2143 22.2923 21.7923 0 0 1 1 0 -33.6865 76.8903 0 0 0 -0 0 0 0 0 0 0 0 0 1234 4.58194
0.000142750199569807647 2.70944 1 400531 62.2259 22.9838 22.4838 0 0.0639658 2 0 0 -0.687649 155.656 332.931 -0.0545675 -0.0333769 -0 0.0639658 0 0 0 0 0 268.176 -267.2 1234 4.5673
0.000144362969990758191 0.240233 1 6848 60.1066 21.7367 21.2372 0 0.0798481 1 0 0 -68.9657 272.929 266.069 -0.0784686 0.0147782 -0 0.0798481 0 0 0 0 0 222.862 -219.577 1234 4.65603
0.000144362969990758191 0.578914 0 177235 61.2773 22.0123 21.5123 0 0 1 1 0 -20.9309 85.0485 0 0 0 -0 0 0 0 0 0 0 0 0 1234 4.61497
0.000144362969990758191 0.569237 1 125480 60.0407 21.7732 21.2738 0 0.0264234 1 0 0 14.5471 218.602 218.406 -0.0132008 0.0228897 0 0.0264234 0 0 0 0 0 308.058 -307.622 1234 4.65932
0.000144362969990758191 0.805009 0 249036 60.4702 21.8489 21.3489 0 0 1 1 0 17.3139 216.377 0 -0 -0 0 0 0 0 0 0 0 0 0 1234 4.64319
0.000144362969990758191 0.827628 0 307791 60.1154 21.6584 21.1584 0 0 1 1 0 1.5021 262.7 0 -0 -0 0 0 0 0 0 0 0 0 0 1234 4.65544
0.000144362969990758191 1.27257 1 400410 119.463 49.2083 43.7807 0 5.67819 2 0 0 51.4322 227.502 319.442 -3.69207 -4.31399 0 5.67819 0 0 0 0 0 213.527 168.308 1234 4.6294
0.000147059380473289839 0.222205 0 252495 58.3961 21.2306 20.7306 0 0 1 1 0 19.6328 14.4946 0 0 0 0 0 0 0 0 0 0 0 0 1234 4.72223
0.000147059380473289839 0.366917 0 92836 59.6903 21.6673 21.1673 0 0 1 1 0 -41.4874 206.697 0 -0 -0 -0 0 0 0 0 0 0 0 0 1234 4.67116
0.000147059380473289839 0.395178 0 400066 59.4239 21.4428 20.9428 0 0 1 1 0 -57.0146 87.401 0 0 0 -0 0 0 0 0 0 0 0 0 1234 4.6814
0.000147059380473289839 0.427259 0 128994 58.555 21.2699 20.7699 0 0 1 1 0 -63.3132 29.4871 0 0 0 -0 0 0 0 0 0 0 0 0 1234 4.71609
0.000147059380473289839 0.502153 1 92753 59.2355 20.4013 19.9013 0 0.265168 1 0 0 -0.904476 69.9132 131.218 0.199462 0.174726 -0 0.265168 0 0 0 0 0 211.796 26.6011 1234 4.69026
0.000147059380473289839 0.588268 0 103603 58.5039 21.295 20.795 0 0 1 1 0 -58.9452 34.6102 0 0 0 -0 0 0 0 0 0 0 0 0 1234 4.71808
0.000147059380473289839 0.619517 1 44311 58.3058 18.9531 18.4531 0 0.575928 1 0 0 56.8199 125.155 278.901 -0.568992 -0.0891149 0 0.575928 0 0 0 0 0 305.54 202.173 1234 4.7315
0.000147059380473289839 0.785187 0 400327 58.8309 21.3173 20.8173 0 0 1 1 0 -27.3861 251.046 0 -0 -0 -0 0 0 0 0 0 0 0 0 1234 4.70386
0.000147059380473289839 0.931086 1 400366 58.0197 21.2888 20.7888 0 0.0372671 2 0 0 14.0582 50.2776 327.836 -0.0205243 -0.0311062 0 0.0372671 0 0 0 0 0 86.407 -78.9465 1234 4.73023
0.000147059380473289839 0.989286 1 276216 59.5229 19.5958 19.0958 0 0.393738 1 0 0 1.93888 103.323 132.97 0.288103 0.268376 0 0.393738 0 0 0 0 0 295.439 186.798 1234 4.68233
0.000147059380473289839 1.11704 1 359404 58.8244 21.2203 20.7203 0 0.247981 1 0 0 -19.0253 133.832 260.482 -0.244567 0.0410066 -0 0.247981 0 0 0 0 0 249.263 326.361 1234 4.70396
0.000147059380473289839 1.68392 1 400452 59.7966 26.4275 25.9275 0 0.147609 2 0 0 -34.8901 312.144 160.657 0.048892 0.139277 0 0.147609 0 0 0 0 0 5.83979 98.3794 1234 4.70662
0.000147059380473289839 1.88886 1 400523 98.499 42.653 41.1522 0 1.61806 2 0 0 -0.0994905 332.393 126.328 1.30357 0.958549 0 1.61806 0 0 0 0 0 204.602 351.866 1234 4.73858
0.000148936163909874048 0.630313 0 14363 57.6248 20.928 20.428 0 0 1 1 0 -24.053 148.384 0 -0 0 -0 0 0 0 0 0 0 0 0 1234 4.7522
0.000148936163909874048 0.874078 0 133293 57.6137 21.0123 20.5123 0 0 1 1 0 19.2479 346.67 0 0 -0 0 0 0 0 0 0 0 0 0 1234 4.7522
0.000148936163909874048 0.898642 0 276064 57.106 20.7855 20.2855 0 0 1 1 0 39.0331 2.4352 0 0 0 0 0 0 0 0 0 0 0 0 1234 4.77295
0.000148936163909874048 1.04135 0 304225 56.5965 20.6743 20.1743 0 0 1 1 0 -3.70317 226.359 0 -0 -0 -0 0 0 0 0 0 0 0 0 1234 4.79577
0.000148936163909874048 2.37949 0 344610 56.897 20.8517 20.3517 0 0 1 1 0 -11.0797 63.6298 0 0 0 -0 0 0 0 0 0 0 0 0 1234 4.78322
0.000148936163909874048 2.43627 1 393984 57.1937 20.867 20.3705 0 0.0995982 1 0 0 22.0897 114.422 3.71937 0.0407356 -0.0908869 0 0.0995982 0 0 0 0 0 356.275 -355.862 1234 4.76877
0.000148936163909874048 2.69384 1 385579 56.9598 18.5553 18.0539 0 0.577524 1 0 0 10.9792 228.113 298.411 -0.507965 -0.274781 0 0.577524 0 0 0 0 0 335.402 86.3503 1234 4.78573
0.000153952785873127024 0.297261 0 49416 54.5705 20.1753 19.6753 0 0 1 1 0 60.903 298.767 0 0 -0 0 0 0 0 0 0 0 0 0 1234 4.88413
0.000153952785873127024 0.306427 0 400065 55.0544 20.3025 19.8025 0 0 1 1 0 -72.7499 321.506 0 0 -0 -0 0 0 0 0 0 0 0 0 1234 4.8631
0.000153952785873127024 0.316652 1 400078 75.6816 33.6796 33.5314 0 0.197962 2 0 0 -44.7062 227.063 125.931 0.160295 0.116166 0 0.197962 0 0 0 0 0 43.4885 4.5279 1234 4.92413
0.000153952785873127024 0.328069 0 156077 55.2143 20.3591 19.8591 0 0 1 1 0 -8.89797 327.51 0 0 -0 -0 0 0 0 0 0 0 0 0 1234 4.8547
0.000153952785873127024 0.415935 1 400048 104.605 46.4043 42.7583 0 4.49166 2 0 0 57.8776 18.641 81.9735 4.44766 -0.627173 0 4.49166 0 0 0 0 0 267.712 85.0559 1234 4.91559
0.000153952785873127024 0.578825 1 400187 55.0271 20.8641 20.3641 0 0.0531102 2 0 0 15.7691 306.103 58.6011 0.0495027 -0.01924 0 0.0531102 0 0 0 0 0 315.336 -312.005 1234 4.84795
0.000153952785873127024 0.607954 1 161900 54.9861 18.072 17.5655 0 0.428024 1 0 0 3.35759 28.7221 320.72 -0.270988 -0.331316 0 0.428024 0 0 0 0 0 35.5361 39.7474 1234 4.87101
0.000153952785873127024 0.666902 1 400263 54.2531 21.4549 20.9549 0 0.0731732 2 0 0 74.1782 251.287 105.167 0.0699139 0.0215951 0 0.0731732 0 0 0 0 0 40.0132 -22.8709 1234 4.8575
0.000153952785873127024 0.678826 1 287196 55.3631 18.0844 17.578 0 0.565647 1 0 0 74.0631 244.234 42.4961 0.382117 -0.417065 0 0.565647 0 0 0 0 0 28.3038 114.314 1234 4.85476
0.000153952785873127024 0.720458 1 162715 53.9011 19.9014 19.4014 0 0.0212277 1 0 0 -20.1738 116.308 211.142 -0.00860646 0.0194047 -0 0.0212277 0 0 0 0 0 32.3237 -32.1559 1234 4.91603
0.000153952785873127024 0.768113 0 191218 53.2245 19.7165 19.2165 0 0 1 1 0 -46.0419 108.021 0 -0 0 -0 0 0 0 0 0 0 0 0 1234 4.94995
0.000153952785873127024 0.771285 0 49253 53.23 19.7178 19.2178 0 0 1 1 0 -36.1733 166.379 0 -0 0 -0 0 0 0 0 0 0 0 0 1234 4.94995
0.000153952785873127024 0.786899 0 80106 53.0799 19.7553 19.2553 0 0 1 1 0 2.17497 246.196 0 -0 -0 0 0 0 0 0 0 0 0 0 1234 4.95812
0.000153952785873127024 0.834906 0 149294 55.2875 20.3217 19.8217 0 0 1 1 0 -51.533 45.8948 0 0 0 -0 0 0 0 0 0 0 0 0 1234 4.85266
0.000153952785873127024 0.913209 1 400165 53.7243 20.0693 19.5693 0 0.0263773 2 0 0 -15.6437 8.93774 259.613 -0.0233919 0.0121893 0 0.0263773 0 0 0 0 0 215.864 -214.601 1234 4.92175
0.000153952785873127024 1.00876 0 250090 53.8373 19.8973 19.3973 0 0 1 1 0 70.9972 169.797 0 -0 0 0 0 0 0 0 0 0 0 0 1234 4.9202
0.000153952785873127024 1.0145 0 291227 55.6205 20.4316 19.9316 0 0 1 1 0 -40.8939 96.9268 0 -0 0 -0 0 0 0 0 0 0 0 0 1234 4.83796
0.000153952785873127024 1.04721 0 265461 52.9078 19.658 19.158 0 0 1 1 0 -28.3083 3.42023 0 0 0 -0 0 0 0 0 0 0 0 0 1234 4.96649
0.000153952785873127024 1.11819 0 276243 54.2656 20.0041 19.5041 0 0 1 1 0 -6.65016 36.4903 0 0 0 -0 0 0 0 0 0 0 0 0 1234 4.89909
0.000153952785873127024 1.12067 1 400365 99.4626 43.1718 41.38 0 2.01627 2 0 0 7.65554 66.441 112.167 1.86724 0.760761 0 2.01627 0 0 0 0 0 256.813 188.918 1234 4.8347
0.000153952785873127024 1.2003 1 400339 53.1599 21.0771 20.5771 0 0.109459 2 0 0 -59.203 331.697 8.43819 0.0306485 -0.10508 0 0.109459 0 0 0 0 0 51.7746 -51.2213 1234 4.91071
0.000153952785873127024 1.71575 1 337175 54.4755 19.7549 19.2549 0 0.257962 1 0 0 27.3429 155.221 235.542 -0.212701 0.145955 0 0.257962 0 0 0 0 0 278.464 333.94 1234 4.8892
0.000153952785873127024 1.8001 1 362051 53.7187 17.697 17.1868 0 0.39915 1 0 0 -31.2331 152.268 168.738 0.0779495 0.391465 -0 0.39915 0 0 0 0 0 172.513 14.937 1234 4.93031
0.000153952785873127024 2.27796 1 107793 54.4874 20.1537 19.6537 0 0.0805985 1 0 0 -8.79806 243.268 116.246 0.0635332 0.0495948 -0 0.0805985 0 0 0 0 0 221.165 -220.18 1234 4.88834
0.000153952785873127024 2.42523 1 300160 54.7679 18.558 18.0567 0 0.278617 1 0 0 11.0706 213.783 196.603 -0.0796096 0.267001 0 0.278617 0 0 0 0 0 9.58901 112.786 1234 4.87773
0.000162054745935658094 0.202102 0 296921 49.8295 18.8899 18.3899 0 0 1 1 0 53.5158 4.58162 0 0 0 0 0 0 0 0 0 0 0 0 1234 5.1314
0.000162054745935658094 0.24214 0 400033 49.8312 18.8737 18.3737 0 0 1 1 0 -57.374 76.4806 0 0 0 -0 0 0 0 0 0 0 0 0 1234 5.13123
0.000162054745935658094 0.242431 1 6117 48.2886 18.4778 17.9756 0 0.0533657 1 0 0 3.55305 219.27 315.463 -0.0442534 -0.0298251 0 0.0533657 0 0 0 0 0 47.6452 -45.5579 1234 5.22419
0.000162054745935658094 0.111376 1 101131 50.3332 18.9685 18.4685 0 0.0330998 1 0 0 3.68497 342.933 248.948 -0.0284612 0.0168984 0 0.0330998 0 0 0 0 0 96.359 -94.1699 1234 5.10222
0.000162054745935658094 0.310543 1 400009 50.758 19.8608 19.3608 0 0.0651262 2 0 0 36.4232 62.0177 297.794 -0.0606708 -0.0236743 0 0.0651262 0 0 0 0 0 28.2101 -22.7347 1234 5.0552
0.000162054745935658094 0.326976 1 43192 52.0036 17.2337 16.719 0 0.356283 1 0 0 -25.4048 205.45 106.099 0.342312 0.0987957 -0 0.356283 0 0 0 0 0 120.41 131.848 1234 5.01587
0.000162054745935658094 0.32726 0 49659 49.5642 18.8408 18.3408 0 0 1 1 0 -32.2669 161.499 0 -0 0 -0 0 0 0 0 0 0 0 0 1234 5.14684
0.000162054745935658094 0.355769 1 145158 52.4795 18.6096 18.1088 0 0.256844 1 0 0 0.618285 83.3131 174.585 0.024239 0.255698 0 0.256844 0 0 0 0 0 10.5457 55.7193 1234 4.98601
0.000162054745935658094 0.465913 1 61163 49.2108 18.7335 18.2335 0 0.196436 1 0 0 -8.23861 223.119 18.3841 0.0619532 -0.18641 -0 0.196436 0 0 0 0 0 203.862 81.1434 1234 5.16773
0.000162054745935658094 0.466593 1 57591 51.907 18.3475 17.8439 0 0.263567 1 0 0 19.3717 142.907 315.602 -0.184401 -0.188319 0 0.263567 0 0 0 0 0 146.765 294.084 1234 5.01566
0.000162054745935658094 0.501621 1 400149 56.1925 26.9623 26.4623 0 0.167622 2 0 0 20.6349 166.508 198.493 -0.0531672 0.158967 0 0.167622 0 0 0 0 0 10.4316 14.9558 1234 5.19557
0.000162054745935658094 0.515299 0 66697 48.289 18.4784 17.9762 0 0 1 1 0 -72.2251 243.6 0 -0 -0 -0 0 0 0 0 0 0 0 0 1234 5.22434
0.000162054745935658094 0.474296 1 291183 48.468 18.5271 18.0254 0 0.0306323 1 0 0 32.18 165.182 303.723 -0.0273711 -0.0137537 0 0.0306323 0 0 0 0 0 240.329 -236.921 1234 5.21293
0.000162054745935658094 0.548185 1 400126 78.9333 37.6668 37.0323 0 0.8109 2 0 0 -31.8106 285.652 60.7102 0.707232 -0.396714 0 0.8109 0 0 0 0 0 22.501 83.4498 1234 5.22484
0.000162054745935658094 0.564948 1 262861 50.773 19.7345 19.2345 0 0.237716 1 0 0 -68.1491 48.906 155.826 0.0973474 0.216869 -0 0.237716 0 0 0 0 0 65.8801 100.231 1234 5.08026
0.000162054745935658094 0.565466 0 116287 50.4916 19.0801 18.5801 0 0 1 1 0 30.5289 142.523 0 -0 0 0 0 0 0 0 0 0 0 0 1234 5.09383
0.000162054745935658094 0.604077 0 95498 49.6497 18.7949 18.2949 0 0 1 1 0 31.0941 50.7756 0 0 0 0 0 0 0 0 0 0 0 0 1234 5.14162
0.000162054745935658094 0.626695 0 280928 50.1855 18.9968 18.4968 0 0 1 1 0 73.9449 97.8442 0 -0 0 0 0 0 0 0 0 0 0 0 1234 5.11107
0.000162054745935658094 0.682504 1 400138 74.5577 33.9669 33.7109 0 0.344433 2 0 0 0.672392 222.981 270.388 -0.344425 -0.00233075 0 0.344433 0 0 0 0 0 87.9232 172.001 1234 5.12071
0.000162054745935658094 0.695342 1 132298 52.6757 19.7173 19.2173 0 0.0425571 1 0 0 14.3169 286.612 160.117 0.0105973 0.0328879 0 0.0345531 0 0 0 0 0 272.773 -271.005 1234 4.97707
0.000162054745935658094 0.695342 1 400178 51.2387 19.2287 18.7287 0 0.0425571 2 0 0 17.1028 276.486 42.239 0.0316296 -0.0275962 0 0.0425571 0 0 0 0 0 136.18 -131.327 1234 5.05243
0.000162054745935658094 0.774451 1 400130 77.6841 35.9208 35.1392 0 0.998133 2 0 0 -9.3905 175.691 237.625 -0.842988 0.534454 0 0.998133 0 0 0 0 0 16.4012 71.2613 1234 5.12516
0.000162054745935658094 0.825047 1 400181 89.7773 42.1065 40.8889 0 1.5265 2 0 0 -56.6779 221.063 298.201 -1.34531 -0.721363 -0 1.5265 0 0 0 0 0 58.2239 1.71919 1234 5.09532
0.000162054745935658094 0.827309 0 171304 49.8969 18.9224 18.4224 0 0 1 1 0 -26.4225 161.901 0 -0 0 -0 0 0 0 0 0 0 0 0 1234 5.12757
0.000162054745935658094 0.858198 1 175980 48.5016 18.792 18.292 0 0.257694 1 0 0 -37.67 279.408 249.863 -0.241942 0.0887152 -0 0.257694 0 0 0 0 0 170.702 228.413 1234 5.21198
0.000162054745935658094 0.862476 1 400527 66.2224 32.0872 31.5153 0 0.167905 2 0 0 26.2803 24.0994 190.637 -0.0309941 0.165019 0 0.167905 0 0 0 0 0 25.7172 152.623 1234 5.07803
0.000162054745935658094 0.878764 1 400360 58.1064 28.2753 27.7753 0 0.164988 2 0 0 -30.1628 285.992 192.214 -0.0349046 0.161253 0 0.164988 0 0 0 0 0 61.759 150.6 1234 5.20952
0.000162054745935658094 0.891664 0 213543 52.3276 19.5277 19.0277 0 0 1 1 0 -9.42812 6.77647 0 0 0 -0 0 0 0 0 0 0 0 0 1234 4.99426
0.000162054745935658094 0.949874 0 211776 52.5082 19.5306 19.0306 0 0 1 1 0 23.0172 300.488 0 0 -0 0 0 0 0 0 0 0 0 0 1234 4.98569
0.000162054745935658094 0.981934 0 264263 49.4949 18.7506 18.2506 0 0 1 1 0 -6.77855 237.055 0 -0 -0 -0 0 0 0 0 0 0 0 0 1234 5.15066
0.000162054745935658094 1.02747 0 280816 51.0665 19.1556 18.6556 0 0 1 1 0 31.1218 117.527 0 -0 0 0 0 0 0 0 0 0 0 0 1234 5.06116
0.000162054745935658094 1.05254 1 400120 71.4141 31.5357 31.0357 0 0.719546 2 0 0 -51.8982 20.7715 350.282 -0.121458 -0.709221 -0 0.719546 0 0 0 0 0 283.838 307.064 1234 4.97779
0.000162054745935658094 1.11788 0 235974 51.5209 19.3331 18.8331 0 0 1 1 0 18.3336 121.931 0 -0 0 0 0 0 0 0 0 0 0 0 1234 5.03727
0.000162054745935658094 1.22553 1 275589 51.78 19.353 18.853 0 0.0737601 1 0 0 8.03658 201.83 320.674 -0.0474508 -0.056471 0 0.0737601 0 0 0 0 0 309.764 -297.557 1234 5.02228
0.000162054745935658094 1.22984 0 149289 50.6 19.0234 18.5234 0 0 1 1 0 -13.7103 103.367 0 -0 0 -0 0 0 0 0 0 0 0 0 1234 5.08717
0.000162054745935658094 1.30546 1 97911 48.7847 16.2252 15.7017 0 0.333887 1 0 0 8.80622 56.7323 239.638 -0.288095 0.168766 0 0.333887 0 0 0 0 0 51.2148 140.382 1234 5.19793
0.000162054745935658094 1.32251 1 371293 52.493 19.6234 19.1527 0 0.042131 1 0 0 -60.4382 312.9 170.052 0.00657912 0.0416142 -0 0.042131 0 0 0 0 0 49.1297 -48.4113 1234 4.98565
0.000162054745935658094 1.37016 0 138439 50.8519 19.1251 18.6251 0 0 1 1 0 -70.2657 4.90442 0 0 0 -0 0 0 0 0 0 0 0 0 1234 5.07352
0.000162054745935658094 1.49102 1 278083 50.8238 17.3767 16.8634 0 0.314485 1 0 0 -2.66922 36.6059 203.46 -0.125201 0.288488 -0 0.314485 0 0 0 0 0 236.717 93.5301 1234 5.0759
0.000162054745935658094 1.50161 1 197192 51.9417 17.1149 16.5991 0 0.40539 1 0 0 -24.4021 74.4599 114.22 0.369706 0.166307 -0 0.40539 0 0 0 0 0 233.618 153.681 1234 5.01993
0.000162054745935658094 1.59081 1 356543 49.4524 16.3772 15.855 0 0.411401 1 0 0 57.4296 30.6605 175.86 0.0296998 0.410328 0 0.411401 0 0 0 0 0 38.1333 303.924 1234 5.15826
0.000162054745935658094 1.74201 0 373531 50.6492 19.0775 18.5775 0 0 1 1 0 33.1232 163.663 0 -0 0 0 0 0 0 0 0 0 0 0 1234 5.08469
0.000162054745935658094 1.88281 0 232846 51.3627 19.257 18.757 0 0 1 1 0 53.9982 330.353 0 0 -0 0 0 0 0 0 0 0 0 0 1234 5.04593
0.000162054745935658094 2.28376 0 394430 52.2532 19.5428 19.0428 0 0 1 1 0 13.1426 21.2235 0 0 0 0 0 0 0 0 0 0 0 0 1234 4.99854
0.000162054745935658094 2.40997 1 400541 50.5105 19.1933 18.6933 0 0.0205191 2 0 0 6.72787 140.807 284.427 -0.0196429 0.00593218 0 0.0205191 0 0 0 0 0 347.121 -346.736 1234 5.08872
0.000162054745935658094 2.69612 1 380927 52.7307 17.7394 17.2295 0 0.304656 1 0 0 -63.1383 207.626 203.539 -0.121674 0.279304 -0 0.304656 0 0 0 0 0 309.23 183.332 1234 4.97665
0.000162054745935658094 2.87791 1 92132 49.2065 18.363 17.8595 0 0.270298 1 0 0 -40.0277 64.994 181.421 -0.006705 0.270215 -0 0.270298 0 0 0 0 0 337.368 169.998 1234 5.16688
0.000170020627376025644 0.0529239 1 5984 47.9675 18.4108 17.9141 0 0.156835 1 0 0 5.0138 27.0471 83.3244 0.156096 -0.0152126 0 0.156835 0 0 0 0 0 116.369 -94.064 1234 5.24468
0.000170020627376025644 0.104312 0 1640 45.9864 17.8918 17.3835 0 0 1 1 0 -6.29675 237.111 0 -0 -0 -0 0 0 0 0 0 0 0 0 1234 5.37909
0.000170020627376025644 0.113852 1 62927 45.5295 16.9268 16.4093 0 0.28832 1 0 0 23.7391 79.0839 204.772 -0.120808 0.261789 0 0.28832 0 0 0 0 0 222.43 34.5202 1234 5.40902
0.000170020627376025644 0.118383 1 305893 45.3656 15.0189 14.4865 0 0.530146 1 0 0 1.8915 274.707 179.238 0.00705235 0.530099 0 0.530146 0 0 0 0 0 311.538 4.33294 1234 5.42852
0.000170020627376025644 0.152159 0 33267 46.609 18.0603 17.5537 0 0 1 1 0 47.2182 3.13008 0 0 0 0 0 0 0 0 0 0 0 0 1234 5.33528
0.000170020627376025644 0.166742 1 400029 81.5026 38.8969 38.4088 0 0.648567 2 0 0 70.7057 310.518 137.634 0.43705 0.479194 0 0.648567 0 0 0 0 0 118.035 171.075 1234 5.23599
0.000170020627376025644 0.196183 1 75060 44.7268 14.762 14.228 0 0.631244 1 0 0 -52.9188 352.102 312.498 -0.465414 -0.426448 -0 0.631244 0 0 0 0 0 320.583 112.737 1234 5.47694
0.000170020627376025644 0.379952 0 115704 47.0248 18.195 17.6898 0 0 1 1 0 -9.39021 179.258 0 -0 0 -0 0 0 0 0 0 0 0 0 1234 5.30687
0.000170020627376025644 0.423623 1 400014 48.1265 22.3167 21.8167 0 0.178284 2 0 0 -65.3313 178.844 123.034 0.149464 0.0971891 0 0.178284 0 0 0 0 0 227.226 231.293 1234 5.33331
0.000170020627376025644 0.4552 1 30506 45.6199 17.5006 16.9884 0 0.283061 1 0 0 9.4731 231.583 334.09 -0.123687 -0.254608 0 0.283061 0 0 0 0 0 242.252 50.3718 1234 5.40404
0.000170020627376025644 0.46823 1 400024 75.3547 37.1551 36.4445 0 0.98679 2 0 0 21.9153 152.885 359.485 -0.00886895 -0.98675 0 0.98679 0 0 0 0 0 306.621 94.8169 1234 5.36106
0.000170020627376025644 0.483282 1 134485 46.6029 18.0156 17.578 0 0.0831433 1 0 0 62.7839 262.323 167.83 0.013875 0.0819774 0 0.0831433 0 0 0 0 0 277.787 -277.634 1234 5.33551
0.000170020627376025644 0.533612 0 150350 45.8386 17.8775 17.3691 0 0 1 1 0 -68.014 325.632 0 0 -0 -0 0 0 0 0 0 0 0 0 1234 5.38976
0.000170020627376025644 0.558696 0 120296 48.078 18.3815 17.8782 0 0 1 1 0 9.55519 151.577 0 -0 0 0 0 0 0 0 0 0 0 0 1234 5.23774
0.000170020627376025644 0.594377 1 400176 46.2897 19.1548 18.6548 0 0.0766645 2 0 0 37.398 221.62 232.264 -0.0548574 0.0535547 0 0.0766645 0 0 0 0 0 278.371 -275.711 1234 5.29632
0.000170020627376025644 0.625128 0 116190 47.9356 18.4269 17.9241 0 0 1 1 0 68.2942 300.021 0 0 -0 0 0 0 0 0 0 0 0 0 1234 5.24694
0.000170020627376025644 0.625766 1 8062 48.1909 15.9252 15.3994 0 0.522539 1 0 0 -46.2231 32.8964 339.698 -0.181307 -0.490076 -0 0.522539 0 0 0 0 0 144.099 244.548 1234 5.23594
0.000170020627376025644 0.668999 1 202494 47.9851 17.9727 17.4652 0 0.261763 1 0 0 -45.1323 87.7252 157.172 0.101555 0.24126 -0 0.261763 0 0 0 0 0 260.182 304.703 1234 5.24222
0.000170020627376025644 0.669644 1 210044 47.3669 18.3568 17.8532 0 0.202646 1 0 0 12.8591 284.84 90.4271 0.20264 0.00151074 0 0.202646 0 0 0 0 0 331.755 200.413 1234 5.28426
0.000170020627376025644 0.672711 0 115882 47.2578 18.2298 17.725 0 0 1 1 0 12.6723 168.515 0 -0 0 0 0 0 0 0 0 0 0 0 1234 5.29115
0.000170020627376025644 0.674775 0 224512 44.7133 17.6002 17.089 0 0 1 1 0 -38.1117 165.125 0 -0 0 -0 0 0 0 0 0 0 0 0 1234 5.4737
0.000170020627376025644 0.88925 0 296513 45.4758 17.7496 17.2399 0 0 1 1 0 81.3756 352.404 0 0 -0 0 0 0 0 0 0 0 0 0 1234 5.41603
0.000170020627376025644 0.918318 0 225211 46.3285 18.0389 17.5321 0 0 1 1 0 48.7331 221.849 0 -0 -0 0 0 0 0 0 0 0 0 0 1234 5.35505
0.000170020627376025644 0.929003 1 301045 44.8046 17.6407 17.1299 0 0.0587609 1 0 0 61.3173 327.18 94.7108 0.051802 0.027738 0 0.0587609 0 0 0 0 0 107.912 -107.554 1234 5.46668
0.000170020627376025644 0.959021 0 243773 44.7699 17.6038 17.0927 0 0 1 1 0 20.7915 73.0206 0 0 0 0 0 0 0 0 0 0 0 0 1234 5.46928
0.000170020627376025644 1.03429 1 400546 59.5079 30.1944 29.6944 0 0.160524 2 0 0 86.8818 84.9479 206.955 -0.0727646 0.143084 0 0.160524 0 0 0 0 0 43.7752 99.4538 1234 5.46659
0.000170020627376025644 1.08274 0 247173 46.7113 18.0827 17.5764 0 0 1 1 0 32.9329 302.45 0 0 -0 0 0 0 0 0 0 0 0 0 1234 5.32822
0.000170020627376025644 1.08331 1 262051 46.4835 18.0047 17.5668 0 0.165033 1 0 0 4.04529 231.437 296.34 -0.155735 -0.0546104 0 0.165033 0 0 0 0 0 16.8336 -13.2481 1234 5.34378
0.000170020627376025644 1.18299 0 277088 47.6109 18.3355 17.8317 0 0 1 1 0 -38.9789 33.3048 0 0 0 -0 0 0 0 0 0 0 0 0 1234 5.26793
0.000170020627376025644 1.28401 1 400356 47.9553 18.4304 17.9276 0 0.0263108 2 0 0 -68.2976 73.6848 20.3351 0.00968009 -0.0244654 0 0.0263108 0 0 0 0 0 51.1289 -47.2333 1234 5.24377
0.000170020627376025644 1.34445 0 328576 47.3944 18.2566 17.7521 0 0 1 1 0 15.8146 95.6469 0 -0 0 0 0 0 0 0 0 0 0 0 1234 5.28204
0.000170020627376025644 1.55906 0 292496 46.2584 17.9793 17.4719 0 0 1 1 0 32.8604 71.5764 0 0 0 0 0 0 0 0 0 0 0 0 1234 5.3598
0.000170020627376025644 1.69627 0 302797 47.6091 18.341 17.8373 0 0 1 1 0 -10.5942 67.5493 0 0 0 -0 0 0 0 0 0 0 0 0 1234 5.26807
0.000170020627376025644 1.97929 1 400513 48.0892 18.5544 18.053 0 0.0428906 2 0 0 23.1331 340.031 8.98902 0.00752931 -0.0422246 0 0.0428906 0 0 0 0 0 54.9827 -53.7497 1234 5.23503
0.000170020627376025644 2.45278 1 400079 55.37 28.1765 27.6765 0 0.17136 2 0 0 -29.4522 111.418 130.669 0.129974 0.111674 0 0.17136 0 0 0 0 0 165.551 172.219 1234 5.44493
0.000170020627376025644 2.59044 0 375461 46.2502 17.9304 17.4224 0 0 1 1 0 -67.8492 225.667 0 -0 -0 -0 0 0 0 0 0 0 0 0 1234 5.36024
0.00017582727589890158 0.249123 0 110404 43.4593 17.2836 16.7694 0 0 1 1 0 21.7988 238.993 0 -0 -0 0 0 0 0 0 0 0 0 0 1234 5.57395
0.00017582727589890158 0.288562 1 23731 44.0786 14.9435 14.4107 0 0.381291 1 0 0 -18.5764 341.669 357.776 -0.0147977 -0.381004 -0 0.381291 0 0 0 0 0 323.246 318.461 1234 5.52312
0.00017582727589890158 0.376242 1 77287 43.488 14.6021 13.9633 0 0.735108 1 0 3.08315 -73.7891 237.9 185.652 -0.146627 0.405429 -0.595409 0.735108 0 0 0 0 2.08733 44.61 166.231 1234 5.57195
0.00017582727589890158 0.525967 0 88100 43.4425 17.2544 16.7399 0 0 1 1 0 8.06321 67.2731 0 0 0 0 0 0 0 0 0 0 0 0 1234 5.5752
0.00017582727589890158 0.728018 0 251202 43.939 17.4248 16.9119 0 0 1 1 0 9.57475 31.9646 0 0 0 0 0 0 0 0 0 0 0 0 1234 5.53481
0.00017582727589890158 0.77195 0 235967 42.8957 17.1363 16.6207 0 0 1 1 0 4.86498 130.263 0 -0 0 0 0 0 0 0 0 0 0 0 1234 5.62147
0.00017582727589890158 0.79835 0 235209 43.0654 17.2116 16.6968 0 0 1 1 0 3.03142 4.35028 0 0 0 0 0 0 0 0 0 0 0 0 1234 5.60721
0.00017582727589890158 0.862362 0 75871 43.2894 17.2834 16.7692 0 0 1 1 0 58.5458 229.409 0 -0 -0 0 0 0 0 0 0 0 0 0 1234 5.5884
0.00017582727589890158 0.868145 0 187877 43.2396 17.2454 16.7308 0 0 1 1 0 42.9508 15.6945 0 0 0 0 0 0 0 0 0 0 0 0 1234 5.5924
0.00017582727589890158 0.923629 1 245180 43.4785 17.3174 16.8035 0 0.0176896 1 0 0 10.9382 10.0853 127.311 0.0115958 0.0133588 0 0.0176896 0 0 0 0 0 214.331 -214.133 1234 5.5725
0.00017582727589890158 0.989854 1 400158 70.1876 34.654 34.1339 0 0.792791 2 0 0 21.8782 55.2329 36.3837 0.470276 -0.638246 0 0.792791 0 0 0 0 0 152.453 140.634 1234 5.54205
0.00017582727589890158 1.28284 1 304482 44.3098 17.9047 17.5312 0 0.228667 1 0 0 -59.2601 8.89437 149.978 0.11441 0.197987 -0 0.228667 0 0 0 0 0 45.0515 165.304 1234 5.50759
0.00017582727589890158 1.40304 0 338568 42.4977 17.1179 16.6021 0 0 1 1 0 -7.99837 52.897 0 0 0 -0 0 0 0 0 0 0 0 0 1234 5.65669
0.00017582727589890158 1.443 0 264467 42.3474 16.9872 16.4703 0 0 1 1 0 59.3134 262.301 0 -0 -0 0 0 0 0 0 0 0 0 0 1234 5.66931
0.00017582727589890158 1.52864 1 294964 44.1198 15.0493 14.5183 0 12.2215 1 0 0 -5.77096 350.673 13.0852 1.01927 -4.38517 -0 4.50207 0 0 0 0 0 192.815 159.356 1234 5.51911
0.00017582727589890158 1.52864 1 400397 43.1892 14.2053 13.0753 0 12.2215 2 0 11.8998 -17.1926 48.4136 2.27476 3.07615 -7.00842 -1.66673 12.2215 0 0 0 0 0.376587 -177.645 169.489 1234 5.6001
0.00017582727589890158 1.63964 0 298848 42.4165 17.0907 16.5747 0 0 1 1 0 3.97176 267.694 0 -0 -0 0 0 0 0 0 0 0 0 0 1234 5.66382
0.00017582727589890158 1.71935 0 349909 43.5688 17.3459 16.8322 0 0 1 1 0 15.8882 312.217 0 0 -0 0 0 0 0 0 0 0 0 0 1234 5.5651
0.00017582727589890158 1.77389 1 390656 42.4325 14.1481 12.9499 0 1.82537 1 0 5.68714 -41.4079 214.316 33.1489 0.0445369 -1.65628 -0.765964 1.82537 0 0 0 0 2.20846 311.528 -111.979 1234 5.66216
0.00017582727589890158 2.65262 1 400136 43.1948 17.9783 17.4709 0 0.0569711 2 0 0 14.9012 325.566 189.762 -0.00785388 0.0564272 0 0.0569711 0 0 0 0 0 21.8431 -21.5685 1234 5.55474
0.000189807601419427586 0.0704261 0 744 38.7503 36.914 17.5949 0 0 1 1 0 -8.78065 92.6525 0 -0 0 -0 0 0 0 0 0 0 0 0 1234 6.0279
0.000189807601419427586 0.1317 0 17876 38.0315 36.2825 18.1 0 0 1 1 0 38.2073 229.546 0 -0 -0 0 0 0 0 0 0 0 0 0 1234 6.10816
0.000189807601419427586 0.13279 1 400006 39.3426 17.594 17.0827 0 0.118869 2 0 0 25.1242 91.7058 41.8512 0.0805393 -0.0874264 0 0.118869 0 0 0 0 0 332.37 -314.939 1234 5.87928
0.000189807601419427586 0.165091 1 400031 58.875 30.2332 29.7332 0 1.95546 2 0 0 63.9176 48.4424 271.693 -1.9546 -0.0577639 0 1.95546 0 0 0 0 0 38.134 189.193 1234 5.91655
0.000189807601419427586 0.189971 1 400051 48.6139 25.885 25.385 0 0.184192 2 0 0 5.35743 104.89 335.915 -0.0751669 -0.168157 0 0.184192 0 0 0 0 0 268.307 123.807 1234 5.87933
0.000189807601419427586 0.197773 0 363825 39.1838 37.2935 17.2722 0 0 1 1 0 -16.8142 133.198 0 -0 0 -0 0 0 0 0 0 0 0 0 1234 5.98133
0.000189807601419427586 0.21997 1 71845 41.2097 39.0585 16.2163 0 0.0248608 1 0 0 11.7738 144.419 101.277 0.0210765 0.0131849 0 0.0248608 0 0 0 0 0 234.666 -234.375 1234 5.78028
0.000189807601419427586 0.278249 1 400022 49.8089 26.7954 26.2954 0 0.173788 2 0 0 -35.3403 215.728 140.061 0.111566 0.133249 0 0.173788 0 0 0 0 0 24.4438 120.209 1234 5.85936
0.000189807601419427586 0.304458 1 148376 41.0672 13.68 11.9499 0 65.986 1 1 84.4356 55.3353 306.672 182.929 55.7077 -26.4848 23.4384 65.986 -5.70993 0.0587788 9.4991 11.0833 25.1815 340.175 127.348 1234 5.78623
0.000189807601419427586 0.313106 0 78580 40.5301 38.4679 16.2417 0 0 1 1 0 39.5268 69.9869 0 0 0 0 0 0 0 0 0 0 0 0 1234 5.84485
0.000189807601419427586 0.339184 0 10691 38.7372 36.9024 17.6043 0 0 1 1 0 16.1928 140.99 0 -0 0 0 0 0 0 0 0 0 0 0 1234 6.02932
0.000189807601419427586 0.370349 0 92331 41.8617 16.9167 16.3992 0 0 1 1 0 -45.5518 294.073 0 0 -0 -0 0 0 0 0 0 0 0 0 1234 5.7135
0.000189807601419427586 0.407954 1 267637 40.9113 38.8004 16.1259 0 0.0552254 1 0 0 10.4747 328.942 22.5349 0.0221213 -0.0506014 0 0.0552254 0 0 0 0 0 120.783 -116.545 1234 5.80827
0.000189807601419427586 0.446252 0 52212 40.6797 38.5984 16.1435 0 0 1 1 0 30.5238 338.218 0 0 -0 0 0 0 0 0 0 0 0 0 1234 5.83039
0.000189807601419427586 0.456222 1 63855 41.812 14.6919 14.1575 0 0.324227 1 0 0 16.0632 201.174 22.7728 0.125501 -0.298953 0 0.324227 0 0 0 0 0 4.43191 131.925 1234 5.71113
0.000189807601419427586 0.438672 1 400180 40.6982 17.5048 16.9927 0 0.0870478 2 0 0 0.933558 276.078 73.9493 0.0868914 0.00521513 0 0.0870478 0 0 0 0 0 332.295 -330.098 1234 5.78264
0.000189807601419427586 0.48013 0 159894 39.3098 37.4036 17.1773 0 0 1 1 0 -37.6002 337.237 0 0 -0 -0 0 0 0 0 0 0 0 0 1234 5.96804
0.000189807601419427586 0.524843 1 159524 38.2209 12.918 10.4193 0 9.82572 1 0 55.5139 55.9971 319.239 288.199 1.64754 -4.63381 8.50636 9.82572 0 0 0 0 24.8202 17.7853 -28.6462 1234 6.07891
0.000189807601419427586 0.539797 1 400398 58.5095 34.9384 34.3272 0 0.17228 2 0 0 32.5872 189.458 34.6844 0.0980367 -0.141665 0 0.17228 0 0 0 0 0 47.8449 201.936 1234 5.79357
0.000189807601419427586 0.561447 0 18774 39.7517 37.79 16.8366 0 0 1 1 0 -31.3879 122.625 0 -0 0 -0 0 0 0 0 0 0 0 0 1234 5.9223
0.000189807601419427586 0.572095 0 42653 41.8752 16.9312 16.4137 0 0 1 1 0 -32.5348 288.65 0 0 -0 -0 0 0 0 0 0 0 0 0 1234 5.71236
0.000189807601419427586 0.58813 0 234972 40.579 38.5111 16.2078 0 0 1 1 0 -16.3026 307.241 0 0 -0 -0 0 0 0 0 0 0 0 0 1234 5.8401
0.000189807601419427586 0.639059 1 400364 40.423 39.3123 16.3127 0 0.057487 2 0 0 22.2103 337.135 106.761 0.0546147 0.017944 0 0.057487 0 0 0 0 0 267.427 -236.091 1234 5.83697
0.000189807601419427586 0.644603 0 197683 40.069 38.0666 16.5899 0 0 1 1 0 -1.9222 307.232 0 0 -0 -0 0 0 0 0 0 0 0 0 1234 5.89026
0.000189807601419427586 0.645834 0 288884 42.0683 17.0134 16.4968 0 0 1 1 0 56.8535 159.783 0 -0 0 0 0 0 0 0 0 0 0 0 1234 5.69508
0.000189807601419427586 0.662492 1 400169 61.375 33.5486 33.4436 0 0.171473 2 0 0 25.5574 190.7 226.078 -0.12351 0.118946 0 0.171473 0 0 0 0 0 76.2926 81.4349 1234 5.72572
0.000189807601419427586 0.676863 1 39008 38.6569 36.8317 17.6648 0 0.0743645 1 0 0 -52.3713 49.0455 19.6904 0.025629 -0.0698085 -0 0.0743645 0 0 0 0 0 97.4706 -91.489 1234 6.03811
0.000189807601419427586 0.701063 0 125691 39.3355 37.4263 17.157 0 0 1 1 0 -6.3425 337.263 0 0 -0 -0 0 0 0 0 0 0 0 0 1234 5.96535
0.000189807601419427586 0.707707 1 292028 38.8653 37.0148 18.1559 0 0.223055 1 0 0 3.59823 30.4075 280.467 -0.219344 -0.0405213 0 0.223055 0 0 0 0 0 265.801 153.33 1234 6.01541
0.000189807601419427586 0.711945 1 400274 56.186 28.3489 27.8489 0 2.1414 2 0 0 20.2495 262.485 164.281 0.580138 2.06132 0 2.1414 0 0 0 0 0 261.166 203.443 1234 5.82558
0.000189807601419427586 0.721316 0 240780 41.3567 39.1857 16.2572 0 0 1 1 0 34.5178 125.78 0 -0 0 0 0 0 0 0 0 0 0 0 1234 5.76668
0.000189807601419427586 0.755246 0 57998 37.9595 36.2197 18.1466 0 0 1 1 0 -28.5978 320.967 0 0 -0 -0 0 0 0 0 0 0 0 0 1234 6.11641
0.000189807601419427586 0.763407 0 215655 38.0552 36.3033 18.0823 0 0 1 1 0 44.2875 264.118 0 -0 -0 0 0 0 0 0 0 0 0 0 1234 6.10545
0.000189807601419427586 0.775305 0 400043 40.4081 38.3619 16.3288 0 0 1 1 0 3.68373 208.632 0 -0 -0 0 0 0 0 0 0 0 0 0 1234 5.85672
0.000189807601419427586 0.776076 1 193611 40.2982 14.478 13.6821 0 0.552285 1 0 1.30327 -42.6812 263.621 266.396 -0.496177 -0.163336 -0.179299 0.552285 0 0 0 0 0.946824 225.125 118.466 1234 5.85344
0.000189807601419427586 0.790566 0 29763 40.6111 38.5393 16.1865 0 0 1 1 0 23.3896 223.83 0 -0 -0 0 0 0 0 0 0 0 0 0 1234 5.83699
0.000189807601419427586 0.804344 0 230220 38.4024 36.6082 17.8442 0 0 1 1 0 -57.0654 311.598 0 0 -0 -0 0 0 0 0 0 0 0 0 1234 6.06626
0.000189807601419427586 0.810852 1 194128 38.2029 12.9428 10.4672 0 26.705 1 0 136.046 -4.91438 157.415 199.636 -23.7457 12.0321 -2.12723 26.705 0 0 0 0 131.481 266.545 14.546 1234 6.08061
0.000189807601419427586 0.822178 1 238777 41.7066 39.4888 18.0874 0 0.262618 1 0 0 -5.16445 117.393 223.587 -0.181063 0.190222 -0 0.262618 0 0 0 0 0 89.7584 335.887 1234 5.73478
0.000189807601419427586 0.830099 1 400429 56.0249 32.958 32.9458 0 0.0134477 2 0 0 -53.462 263.557 1.83857 0.000431452 -0.0134408 0 0.0134477 0 0 0 0 0 161.38 327.793 1234 5.87703
0.000189807601419427586 0.836864 1 141935 38.164 36.3998 18.0081 0 0.0500827 1 0 0 66.4619 226.285 328.701 -0.0455097 -0.020908 0 0.0500827 0 0 0 0 0 145.177 -144.226 1234 6.09306
0.000189807601419427586 0.86356 0 244338 39.06 37.1856 17.3648 0 0 1 1 0 -31.0638 241.808 0 -0 -0 -0 0 0 0 0 0 0 0 0 1234 5.99449
0.000189807601419427586 0.870428 0 213783 38.2192 36.4478 17.9709 0 0 1 1 0 -1.75953 141.674 0 -0 0 -0 0 0 0 0 0 0 0 0 1234 6.08682
0.000189807601419427586 0.874995 1 400280 37.1502 17.4699 16.9574 0 0.164935 2 0 0 -34.7733 111.275 245.269 -0.149808 0.0690008 0 0.164935 0 0 0 0 0 292.584 -179.061 1234 6.08048
0.000189807601419427586 0.898192 1 298399 39.2148 13.1396 10.8519 0 60.5446 1 1 56.9712 -18.4087 76.0964 349.984 -27.8606 53.1981 -7.70669 60.5446 7.35554 -3.42767 -1.99799 8.35732 6.56057 34.5054 141.242 1234 5.97104
0.000189807601419427586 0.910149 0 128858 37.9768 36.2347 18.1373 0 0 1 1 0 -75.8533 234.248 0 -0 -0 -0 0 0 0 0 0 0 0 0 1234 6.11442
0.000189807601419427586 0.934239 0 45822 41.6365 39.4283 16.36 0 0 1 1 0 50.6821 322.219 0 0 -0 0 0 0 0 0 0 0 0 0 1234 5.74112
0.000189807601419427586 0.985578 0 238013 41.5611 39.3635 16.3232 0 0 1 1 0 28.4673 88.9134 0 0 0 0 0 0 0 0 0 0 0 0 1234 5.74796
0.000189807601419427586 1.01818 0 247229 39.685 37.7323 16.8848 0 0 1 1 0 -30.0798 205.017 0 -0 -0 -0 0 0 0 0 0 0 0 0 1234 5.92911
0.000189807601419427586 1.02938 0 241929 40.9892 38.8672 16.141 0 0 1 1 0 14.0212 345.811 0 0 -0 0 0 0 0 0 0 0 0 0 1234 5.80092
0.000189807601419427586 1.03145 0 150524 38.9251 37.0668 17.4642 0 0 1 1 0 -19.7659 62.4795 0 0 0 -0 0 0 0 0 0 0 0 0 1234 6.00896
0.000189807601419427586 1.01315 1 400344 40.3297 17.8458 17.337 0 0.112 2 0 0 54.8533 343.762 97.4626 0.108517 0.0277112 0 0.112 0 0 0 0 0 240.634 -234.436 1234 5.79528
0.000189807601419427586 1.12027 1 400411 39.9417 41.3222 17.4122 0 0.193453 2 0 0 -71.0865 147.1 139.5 0.125637 0.147103 0 0.193453 0 0 0 0 0 146.503 171.986 1234 5.86508
0.000189807601419427586 1.13888 1 400258 51.2275 25.6183 25.1183 0 0.876069 2 0 0 -0.320045 85.9221 195.939 -0.240575 0.84239 0 0.876069 0 0 0 0 0 205.187 93.0977 1234 5.91482
0.000189807601419427586 1.31091 1 400390 41.3994 39.2595 16.2879 0 0.0193024 2 0 0 -47.4385 22.9129 161.285 0.00552105 0.018496 0 0.0193024 0 0 0 0 0 95.1243 -93.4821 1234 5.76216
0.000189807601419427586 1.33692 0 397927 40.4134 38.3665 16.325 0 0 1 1 0 -22.2064 118.189 0 -0 0 -0 0 0 0 0 0 0 0 0 1234 5.85621
0.000189807601419427586 1.45101 1 304638 39.1253 37.2427 17.5873 0 0.105853 1 0 0 45.7574 280.019 177.933 0.00228773 0.0718897 0 0.071926 0 0 0 0 0 286.576 -286.439 1234 5.98753
0.000189807601419427586 1.45101 1 400412 38.2085 36.4368 18.7081 0 0.105853 2 0 0 -8.40693 59.56 87.5831 0.0688402 0.00650512 0 0.105853 0 0 0 0 0 350.913 -345.201 1234 6.08803
0.000189807601419427586 1.52191 0 356972 41.5592 39.3618 16.3302 0 0 1 1 0 31.4801 49.0604 0 0 0 0 0 0 0 0 0 0 0 0 1234 5.74813
0.000189807601419427586 1.58157 0 131050 41.1981 39.0483 16.1953 0 0 1 1 0 -58.1261 210.023 0 -0 -0 -0 0 0 0 0 0 0 0 0 1234 5.78136
0.000189807601419427586 1.61566 1 274271 41.0219 13.7169 12.027 0 7.6464 1 0 33.8765 27.4711 228.806 314.49 -4.80862 -5.27873 2.73488 7.6464 0 0 0 0 13.0451 268.196 -177.995 1234 5.78987
0.000189807601419427586 1.81695 0 336727 39.0778 37.2015 17.3501 0 0 1 1 0 -72.912 269.557 0 -0 -0 -0 0 0 0 0 0 0 0 0 1234 5.99259
0.000189807601419427586 1.86366 0 346698 40.696 38.6125 16.1322 0 0 1 1 0 41.9404 225.998 0 -0 -0 0 0 0 0 0 0 0 0 0 1234 5.82882
0.000189807601419427586 1.8821 0 365330 39.2659 37.365 17.2094 0 0 1 1 0 -51.629 324.141 0 0 -0 -0 0 0 0 0 0 0 0 0 1234 5.97266
0.000189807601419427586 1.8849 1 298363 38.2339 12.8811 10.3482 0 4.53086 1 0 15.5285 16.1327 65.3134 218.885 -0.680882 4.42032 0.725134 4.53086 0 0 0 0 3.14579 81.6421 126.817 1234 6.07792
0.000189807601419427586 1.89154 1 400406 38.4079 38.0276 16.6256 0 0.0356679 2 0 0 30.1408 4.87245 128.176 0.0226571 0.0275473 0 0.0356679 0 0 0 0 0 165.25 -164.903 1234 6.04404
0.000189807601419427586 1.92169 0 195970 38.7147 36.8825 17.6185 0 0 1 1 0 -42.2972 138.596 0 -0 0 -0 0 0 0 0 0 0 0 0 1234 6.03178
0.000189807601419427586 2.47711 1 383982 39.9732 13.6071 11.7981 0 5.71634 1 0 29.9196 54.5105 86.9007 109.068 1.56965 3.50229 4.23636 5.71634 0 0 0 0 20.7367 358.856 -98.4901 1234 5.88999
0.000211684523067039702 0.140143 0 43873 37.6154 35.9173 18.372 0 0 1 1 0 0.935726 242.129 0 -0 -0 0 0 0 0 0 0 0 0 0 1234 6.15643
0.000211684523067039702 0.17844 0 400505 34.8826 33.4952 19.8011 0 0.185744 1 1 0.185744 20.6024 222.554 0 -0.128075 -0.117583 0.0653595 0.185744 0 0 0 0 0 0 0 1234 6.51125
0.000211684523067039702 0.2003 1 16905 37.3771 12.8771 10.3405 0 3.54313 1 0 28.6444 -4.80795 17.1749 319.957 3.50794 -0.232658 -0.440448 3.54313 0 0 0 0 1.50824 169.297 160.575 1234 6.17511
0.000211684523067039702 0.201127 1 400038 47.6141 24.828 24.328 0 2.726 2 0 0 -43.8346 136.613 53.5943 2.19398 -1.61788 0 2.726 0 0 0 0 0 5.86699 209.047 1234 6.22417
0.000211684523067039702 0.223055 0 122253 33.3275 32.1051 18.8789 0 43.5073 1 1 43.5073 -32.6491 54.8573 0 21.0863 29.9553 -23.4719 43.5073 0 0 0 0 0 0 0 1234 6.74756
0.000211684523067039702 0.21725 1 400007 37.1749 35.7124 18.521 0 0.0384279 2 0 0 5.93258 199.787 324.722 -0.0270749 -0.02727 0 0.0384279 0 0 0 0 0 204.204 -201.478 1234 6.20424
0.000211684523067039702 0.286772 1 131359 35.4168 33.9712 19.5866 0 0.093221 1 0 0 -65.0259 328.985 58.4829 0.0845644 -0.0392304 -0 0.093221 0 0 0 0 0 282.766 -278.455 1234 6.43627
0.000211684523067039702 0.293111 0 97295 34.4706 33.1284 19.5818 0 13.9697 1 1 13.9697 35.8729 178.868 0 -11.3177 0.22355 8.1861 13.9697 0 0 0 0 0 0 0 1234 6.57115
0.000211684523067039702 0.306884 1 400081 33.608 37.6916 16.9217 0 0.162298 2 0 0 -27.5982 129.148 124.325 0.13386 0.0917715 0 0.162298 0 0 0 0 0 2.90774 113.108 1234 6.50648
0.000211684523067039702 0.330731 1 53542 34.5226 11.8193 8.42437 0 93.5116 1 1 115.688 6.50302 192.308 187.726 -67.4494 -63.8832 10.6743 93.5116 -10.0354 13.2562 0.50618 16.6341 8.41665 337.443 173.444 1234 6.5562
0.000211684523067039702 0.34274 0 400013 37.7612 36.0448 18.2765 0 0 1 1 0 -24.2409 248.451 0 -0 -0 -0 0 0 0 0 0 0 0 0 1234 6.13936
0.000211684523067039702 0.363918 1 400055 50.2238 25.4209 24.9209 0 3.32981 2 0 0 -15.5339 58.7111 85.0622 3.31746 -0.28661 0 3.32981 0 0 0 0 0 91.5427 343.181 1234 6.41613
0.000211684523067039702 0.366471 1 400346 36.8294 18.4422 17.9396 0 0.214876 2 0 0 20.1417 254.749 290.395 -0.201406 -0.0748838 0 0.214876 0 0 0 0 0 246.526 189.656 1234 6.3077
0.000211684523067039702 0.376749 0 53507 37.2327 35.579 18.6149 0 0 1 1 0 -19.8952 173.812 0 -0 0 -0 0 0 0 0 0 0 0 0 1234 6.20208
0.000211684523067039702 0.38909 0 49613 33.2718 32.0547 18.8393 0 32.6484 1 1 32.6484 -27.2343 308.5 0 18.071 -22.7185 -14.9409 32.6484 0 0 0 0 0 0 0 1234 6.75656
0.000211684523067039702 0.391015 0 108566 36.7057 35.1136 18.9229 0 0 1 1 0 -0.514899 100.053 0 -0 0 -0 0 0 0 0 0 0 0 0 1234 6.26695
0.000211684523067039702 0.393317 0 124348 35.6276 34.1583 19.4881 0 0 1 1 0 28.9969 225.885 0 -0 -0 0 0 0 0 0 0 0 0 0 1234 6.40749
0.000211684523067039702 0.418534 1 67191 35.3452 12.9621 10.5045 0 19.8031 1 0 86.7784 13.56 101.975 168.843 -3.30324 19.0567 4.25344 19.8031 0 0 0 0 142.836 241.761 -139.819 1234 6.43591
0.000211684523067039702 0.422397 0 26338 33.6432 32.3877 19.0849 0 18.199 1 1 18.199 7.19389 47.2201 0 12.2632 13.2523 2.27901 18.199 0 0 0 0 0 0 0 1234 6.69728
0.000211684523067039702 0.43428 1 400059 44.4225 24.7564 24.2564 0 2.8826 2 0 0 59.5536 298.245 67.5304 2.66376 -1.10171 0 2.8826 0 0 0 0 0 14.9264 7.41699 1234 6.63825
0.000211684523067039702 0.449877 1 400245 47.855 28.0416 27.5416 0 2.23346 2 0 0 50.0794 60.4264 353.881 -0.238072 -2.22074 0 2.23346 0 0 0 0 0 201.301 157.696 1234 6.26955
0.000211684523067039702 0.421085 1 375426 35.3989 33.9551 19.5946 0 0.012667 1 0 0 22.6748 187.17 171.13 0.00157863 0.0125682 0 0.012667 0 0 0 0 0 101.123 -101.082 1234 6.43874
0.000211684523067039702 0.476189 1 87147 35.089 12.9942 10.5668 0 16.6878 1 0 85.5802 15.4046 310.675 30.8287 10.3428 -12.4644 4.01823 16.6878 0 0 0 0 142.39 87.0208 -156.188 1234 6.47238
0.000211684523067039702 0.47632 0 42767 37.3059 35.644 18.5687 0 0 1 1 0 -4.04039 45.2053 0 0 0 -0 0 0 0 0 0 0 0 0 1234 6.19325
0.000211684523067039702 0.483622 1 250969 34.3264 32.9991 19.4982 0 7.12448 1 0 15.6072 -68.0539 67.8586 263.163 0.823578 2.53343 -6.6077 7.12448 0 0 0 0 47.776 54.8601 -127.316 1234 6.59257
0.000211684523067039702 0.488379 1 16953 33.351 11.2964 7.56551 0 90.3219 1 0 55.3861 76.5016 351.06 197.456 -17.4045 71.0732 21.9345 76.39 0 0 0 0 3.98295 67.0622 4.69314 1234 6.73836
0.000211684523067039702 0.488379 1 400020 33.0592 10.9629 7.04293 0 90.3219 2 0 158.942 2.70805 346.713 264.352 3.92809 14.4589 3.76968 90.3219 0 0 0 0 0.602647 -119.686 27.4854 1234 6.78953
0.000211684523067039702 0.502237 1 400119 49.2028 24.8184 24.3184 0 2.78526 2 0 0 16.1909 320.992 230.624 -2.15299 1.767 0 2.78526 0 0 0 0 0 354.491 187.508 1234 6.23706
0.000211684523067039702 0.50732 1 400220 44.5137 24.0307 23.5307 0 3.02247 2 0 0 56.2702 349.161 3.86976 0.203983 -3.01558 0 3.02247 0 0 0 0 0 323.854 54.7015 1234 6.67734
0.000211684523067039702 0.520819 1 200321 36.9678 35.3452 18.7719 0 0.0470513 1 0 0 7.27456 68.8617 57.3349 0.0433331 -0.0183322 0 0.0470513 0 0 0 0 0 282.678 -278.981 1234 6.23438
0.000211684523067039702 0.527827 0 93292 33.5134 32.2715 19.0006 0 22.5101 1 1 22.5101 -69.8735 132.865 0 -5.26908 5.67724 -21.1356 22.5101 0 0 0 0 0 0 0 1234 6.7178
0.000211684523067039702 0.529883 1 400311 35.7972 18.2502 17.7456 0 0.228917 2 0 0 -32.3575 158.399 205.963 -0.100216 0.205815 0 0.228917 0 0 0 0 0 188.062 220.095 1234 6.7134
0.000211684523067039702 0.552432 1 400162 45.6938 25.6626 25.1626 0 2.68794 2 0 0 -47.9694 264.028 262.722 -2.66628 0.340529 0 2.68794 0 0 0 0 0 116.106 80.1544 1234 6.518
0.000211684523067039702 0.55257 0 332628 35.6372 34.1668 19.4834 0 0 1 1 0 -53.7548 136.485 0 -0 0 -0 0 0 0 0 0 0 0 0 1234 6.40619
0.000211684523067039702 0.565157 1 361814 33.8869 32.6059 19.2366 0 8.84438 1 0 19.73 29.9294 66.6703 83.2472 3.34892 6.93274 4.35257 8.84438 0 0 0 0 39.6357 93.6797 -117.657 1234 6.65929
0.000211684523067039702 0.571796 0 400147 35.2189 33.7954 19.6741 0 0 1 1 0 -49.4282 277.806 0 0 -0 -0 0 0 0 0 0 0 0 0 1234 6.4637
0.000211684523067039702 0.58203 1 93792 33.3843 32.1557 19.8109 0 14.9013 1 0 36.5203 -9.79042 109.72 114.978 -3.89426 14.1628 -2.50964 14.9013 0 0 0 0 7.93074 338.798 83.755 1234 6.73842
0.000211684523067039702 0.594193 1 123536 34.1186 11.5681 8.00339 0 16.9296 1 0 101.964 55.9684 147.351 221.695 -9.72041 7.76646 11.4808 16.9296 0 0 0 0 62.6934 329.992 -94.9046 1234 6.61795
0.000211684523067039702 0.597544 1 400053 35.3245 34.0107 19.8783 0 0.0512973 2 0 0 15.7556 293.476 131.587 0.0375436 0.0349555 0 0.0512973 0 0 0 0 0 19.7143 1.78148 1234 6.44696
0.000211684523067039702 0.632607 1 400268 44.2664 20.3475 19.8475 0 3.19901 2 0 0 -14.8841 335.231 323.747 -1.89176 -2.57971 -0 3.19901 0 0 0 0 0 230.352 167.916 1234 6.46995
0.000211684523067039702 0.633383 1 309084 35.3341 11.8512 8.48126 0 92.3012 1 0 118.361 71.387 283.28 146.934 41.7051 42.9484 47.2678 76.2767 0 0 0 0 7.29841 304.265 8.57806 1234 6.44286
0.000211684523067039702 0.633383 1 400424 35.1174 11.6188 8.08735 0 92.3012 2 0 113.167 -21.8344 33.1535 290.051 6.21989 30.254 -17.8723 92.3012 0 0 0 0 3.23799 79.8998 -132.098 1234 6.47576
0.000211684523067039702 0.640127 0 201679 36.7253 35.1309 18.9115 0 0 1 1 0 -2.36124 9.19895 0 0 0 -0 0 0 0 0 0 0 0 0 1234 6.2645
0.000211684523067039702 0.652192 1 157804 33.6846 32.4247 19.1111 0 19.649 1 1 31.2176 31.7474 149.53 308.454 -9.24624 15.4054 7.95377 19.649 -10.3113 -1.53019 6.10905 12.0824 124.602 212.342 248.819 1234 6.69077
0.000211684523067039702 0.653983 0 252519 34.4232 33.0855 19.5554 0 11.6357 1 1 11.6357 31.5201 106.665 0 -2.84456 9.50228 6.0831 11.6357 0 0 0 0 0 0 0 1234 6.57817
0.000211684523067039702 0.66539 1 204373 33.3395 11.9978 8.73604 0 134.747 1 0 208.482 12.5571 358.374 68.7143 131.89 -19.1324 19.8957 134.747 0 0 0 0 6.57386 3.16717 -168.867 1234 6.73653
0.000211684523067039702 0.665792 0 183182 37.7529 36.0375 18.284 0 0 1 1 0 -46.2907 19.2702 0 0 0 -0 0 0 0 0 0 0 0 0 1234 6.14033
0.000211684523067039702 0.66903 0 215350 37.0696 35.4359 18.7109 0 0 1 1 0 55.2906 73.2648 0 0 0 0 0 0 0 0 0 0 0 0 1234 6.22189
0.000211684523067039702 0.671513 0 104832 36.9333 35.3148 18.7925 0 0 1 1 0 40.1699 314.801 0 0 -0 0 0 0 0 0 0 0 0 0 1234 6.23864
0.000211684523067039702 0.678144 1 118520 33.0407 11.9778 8.69677 0 110.835 1 1 135.733 -70.943 178.932 297.775 -17.1998 33.4582 -104.255 110.835 -8.46236 -8.25064 -4.96899 12.8209 83.2761 82.9727 297.537 1234 6.78573
0.000211684523067039702 0.679273 0 149418 34.1829 32.8707 19.4167 0 18.2159 1 1 18.2159 -54.1327 67.7223 0 4.04603 9.87621 -14.7617 18.2159 0 0 0 0 0 0 0 1234 6.61411
0.000211684523067039702 0.682527 1 115399 33.3019 32.082 18.8614 0 18.3491 1 1 16.8289 13.3137 310.345 188.254 14.4948 -10.9616 2.53623 18.3491 -3.07775 -0.339438 1.0207 3.2603 6.79677 204.468 119.45 1234 6.75168
0.000211684523067039702 0.684589 0 112829 35.4231 33.9769 19.5838 0 0 1 1 0 -23.7759 98.2634 0 -0 0 -0 0 0 0 0 0 0 0 0 1234 6.4354
0.000211684523067039702 0.696705 1 84254 33.841 11.5736 8.0126 0 39.977 1 1 130.151 60.1103 114.146 200.379 15.2682 18.7687 31.8242 39.977 -9.37535 12.112 14.7475 21.2623 82.1933 241.023 151.65 1234 6.65956
0.000211684523067039702 0.71012 0 110480 36.9525 35.3317 18.7834 0 0 1 1 0 35.2588 148.257 0 -0 0 0 0 0 0 0 0 0 0 0 1234 6.23628
0.000211684523067039702 0.718168 0 253318 35.419 33.9733 19.5856 0 0 1 1 0 63.2289 221.563 0 -0 -0 0 0 0 0 0 0 0 0 0 1234 6.43596
0.000211684523067039702 0.723838 0 216996 34.3803 33.047 19.5309 0 12.7603 1 1 12.7603 53.3457 341.676 0 7.23144 -2.39493 10.237 12.7603 0 0 0 0 0 0 0 1234 6.58454
0.000211684523067039702 0.725776 1 182355 36.1913 34.6591 19.204 0 0.025622 1 0 0 -31.7056 237.358 223.096 -0.0139085 0.0215184 -0 0.025622 0 0 0 0 0 185.233 -184.826 1234 6.33265
0.000211684523067039702 0.728964 0 168650 36.5811 35.0029 18.9957 0 0 1 1 0 67.7556 245.534 0 -0 -0 0 0 0 0 0 0 0 0 0 1234 6.28265
0.000211684523067039702 0.731111 0 47127 33.3807 32.1525 18.9134 0 27.3223 1 1 27.3223 -11.3266 199.957 0 -25.1813 -9.14408 -5.36612 27.3223 0 0 0 0 0 0 0 1234 6.739
0.000211684523067039702 0.761515 1 136297 35.0271 33.6243 19.7579 0 0.0243716 1 0 0 38.4335 105.194 212.538 -0.010275 0.0220997 0 0.0243716 0 0 0 0 0 27.6737 -27.3231 1234 6.49067
0.000211684523067039702 0.770104 0 278550 32.8856 31.7076 18.5752 0 71.4687 1 1 71.4687 -61.6867 200.339 0 -31.7837 -11.7817 -62.9187 71.4687 0 0 0 0 0 0 0 1234 6.82008
0.000211684523067039702 0.779308 0 32450 37.621 35.9223 18.3665 0 0 1 1 0 -54.4793 221.205 0 -0 -0 -0 0 0 0 0 0 0 0 0 1234 6.15576
0.000211684523067039702 0.796563 0 250344 37.2963 35.6353 18.5721 0 0 1 1 0 18.1734 317.504 0 0 -0 0 0 0 0 0 0 0 0 0 1234 6.19441
0.000211684523067039702 0.817841 1 400353 37.0375 35.4752 18.8111 0 0.0369798 2 0 0 -22.6006 191.407 308.991 -0.0297708 -0.0219364 -0 0.0369798 0 0 0 0 0 40.2375 -29.7671 1234 6.22475
0.000211684523067039702 0.837964 0 220350 35.7212 34.2418 19.441 0 0 1 1 0 -43.4351 265.377 0 -0 -0 -0 0 0 0 0 0 0 0 0 1234 6.39485
0.000211684523067039702 0.839605 0 231435 34.9369 33.5442 19.7964 0 0 1 1 0 10.0858 319.394 0 0 -0 0 0 0 0 0 0 0 0 0 1234 6.50348
0.000211684523067039702 0.846954 1 139958 37.659 12.8532 10.2947 0 4.2517 1 0 31.174 -57.3945 347.913 236.877 0.664803 0.701372 -4.14042 4.2517 0 0 0 0 16.3954 13.8874 -170.747 1234 6.1426
0.000211684523067039702 0.856364 0 19727 35.8891 34.3905 19.3607 0 0 1 1 0 -28.6256 200.766 0 -0 -0 -0 0 0 0 0 0 0 0 0 1234 6.3724
0.000211684523067039702 0.864936 1 400236 41.296 21.468 20.968 0 0.198405 2 0 0 -16.1038 41.2039 190.105 -0.0348091 0.195327 0 0.198405 0 0 0 0 0 116.141 67.4679 1234 6.43972
0.000211684523067039702 0.874719 0 265452 34.4155 33.0786 19.5508 0 10.7066 1 1 10.7066 16.2922 205.008 0 -9.31328 -4.34435 3.0036 10.7066 0 0 0 0 0 0 0 1234 6.57931
0.000211684523067039702 0.890595 1 210807 36.5216 12.4539 9.54598 0 91.4775 1 1 96.2552 4.64231 5.3037 343.522 71.3602 56.8928 6.25007 91.4775 3.52594 -12.2112 0.28652 12.7133 3.98955 343.45 168.591 1234 6.28228
0.000211684523067039702 0.901823 1 400188 35.0945 33.6946 19.7503 0 0.0141299 2 0 0 19.0248 332.479 164.112 0.00301782 0.0138039 0 0.0141299 0 0 0 0 0 138.461 -138.346 1234 6.48093
0.000211684523067039702 0.94793 0 180173 35.7685 34.2835 19.4178 0 0 1 1 0 57.2922 329.83 0 0 -0 0 0 0 0 0 0 0 0 0 1234 6.38849
0.000211684523067039702 0.952909 0 216276 34.1817 32.8697 19.4159 0 17.8235 1 1 17.8235 -34.1547 47.7612 0 9.91489 10.9197 -10.0067 17.8235 0 0 0 0 0 0 0 1234 6.61429
0.000211684523067039702 0.958545 0 400151 36.4416 34.8807 19.0726 0 0 1 1 0 -3.36413 252.801 0 -0 -0 -0 0 0 0 0 0 0 0 0 1234 6.30037
0.000211684523067039702 0.983134 1 400077 44.4255 22.0668 21.5668 0 3.0698 2 0 0 5.75912 187.933 155.594 1.26844 2.79548 0 3.0698 0 0 0 0 0 126.085 120.22 1234 6.56766
0.000211684523067039702 0.984721 0 257671 33.8353 32.56 19.2062 0 23.5324 1 1 23.5324 7.5079 294.32 0 9.60814 -21.2604 3.07481 23.5324 0 0 0 0 0 0 0 1234 6.66728
0.000211684523067039702 0.987968 0 183203 32.8091 31.6393 18.5222 0 36.2233 1 1 36.2233 37.6131 248.457 0 -10.5366 -26.6897 22.108 36.2233 0 0 0 0 0 0 0 1234 6.83288
0.000211684523067039702 0.998078 1 400195 40.3711 20.6888 20.1888 0 3.13427 2 0 0 -6.60066 241.654 316.183 -2.17004 -2.26154 -0 3.13427 0 0 0 0 0 201.712 82.8889 1234 6.80967
0.000211684523067039702 0.999473 0 84297 34.9293 33.5372 19.7986 0 0 1 1 0 -41.1217 97.7214 0 -0 0 -0 0 0 0 0 0 0 0 0 1234 6.50458
0.000211684523067039702 1.06126 0 195634 34.6401 33.279 19.6726 0 4.10779 1 1 4.10779 -38.339 45.4364 0 2.26085 2.29556 -2.54812 4.10779 0 0 0 0 0 0 0 1234 6.54629
0.000211684523067039702 1.08855 1 230743 35.0459 12.9329 10.448 0 9.81682 1 0 42.6078 26.7484 143.468 278.984 -7.97187 4.24807 3.84359 9.81682 0 0 0 0 36.9122 89.55 151.29 1234 6.4783
0.000211684523067039702 1.10942 0 243586 34.2678 32.9472 19.4667 0 19.2737 1 1 19.2737 39.0756 151.42 0 -13.1392 7.15786 12.1491 19.2737 0 0 0 0 0 0 0 1234 6.60133
0.000211684523067039702 1.13902 1 400497 42.5032 23.67 23.17 0 0.190893 2 0 0 13.3696 32.2254 157.876 0.071893 0.176838 0 0.190893 0 0 0 0 0 148.043 345.12 1234 6.42414
0.000211684523067039702 1.16518 0 273542 33.2156 32.004 18.8036 0 40.4941 1 1 40.4941 26.442 210.217 0 -31.3313 -18.2478 18.0317 40.4941 0 0 0 0 0 0 0 1234 6.76569
0.000211684523067039702 1.18034 0 278951 34.762 33.3882 19.7384 0 1.18746 1 1 1.18746 -62.7109 261.27 0 -0.0826345 -0.538119 -1.0553 1.18746 0 0 0 0 0 0 0 1234 6.52859
0.000211684523067039702 1.18324 0 281065 35.5242 34.0665 19.5376 0 0 1 1 0 -44.0496 38.5824 0 0 0 -0 0 0 0 0 0 0 0 0 1234 6.42155
0.000211684523067039702 1.19936 0 361381 35.5971 34.131 19.503 0 0 1 1 0 -41.4849 151.377 0 -0 0 -0 0 0 0 0 0 0 0 0 1234 6.41163
0.000211684523067039702 1.20725 1 400392 34.0032 37.0778 17.6981 0 0.190516 2 0 0 25.8665 3.15833 40.6628 0.124141 -0.144517 0 0.190516 0 0 0 0 0 74.8345 256.19 1234 6.57362
0.000211684523067039702 1.22423 1 231448 35.281 11.875 8.51959 0 9.80234 1 0 40.5841 52.6926 137.918 295.433 -8.20183 0.279059 5.36078 9.80234 0 0 0 0 17.2592 304.617 95.1628 1234 6.44967
0.000211684523067039702 1.23615 1 265057 35.7897 34.3022 19.4081 0 0.0358162 1 0 0 57.1477 185.553 166.121 0.0082029 0.0348642 0 0.0358162 0 0 0 0 0 152.89 -149.375 1234 6.38566
0.000211684523067039702 1.26715 0 299170 36.4727 34.9079 19.056 0 0 1 1 0 -41.8387 202.869 0 -0 -0 -0 0 0 0 0 0 0 0 0 1234 6.2964
0.000211684523067039702 1.2728 0 396498 33.0481 31.8538 18.6877 0 33.8605 1 1 33.8605 50.6206 319.279 0 16.2818 -14.0149 26.1729 33.8605 0 0 0 0 0 0 0 1234 6.79311
0.000211684523067039702 1.31901 0 609877 35.4851 22.1516 21.6516 0 0 1 1 0 58.2668 177.522 0 -0 0 0 0 0 0 0 0 0 0 0 1234 6.27695
0.000211684523067039702 1.32594 0 288905 35.2599 33.8316 19.6551 0 0 1 1 0 -31.2276 216.382 0 -0 -0 -0 0 0 0 0 0 0 0 0 1234 6.45799
0.000211684523067039702 1.35537 0 291753 35.4091 33.9643 19.59 0 0 1 1 0 -19.9363 53.69 0 0 0 -0 0 0 0 0 0 0 0 0 1234 6.43733
0.000211684523067039702 1.35549 1 252533 35.5402 12.3683 9.38997 0 20.0285 1 0 94.5991 1.22693 197.876 261.448 -19.4076 -4.9343 0.373677 20.0285 0 0 0 0 174.467 220.689 -165.441 1234 6.40997
0.000211684523067039702 1.43211 0 165793 33.3569 32.1313 18.8973 0 47.7588 1 1 47.7588 -65.8586 171.213 0 -19.3036 2.98373 -43.5818 47.7588 0 0 0 0 0 0 0 1234 6.74282
0.000211684523067039702 1.4375 0 268079 34.1687 32.858 19.406 0 18.0635 1 1 18.0635 11.4542 119.639 0 -8.75513 15.3873 3.58714 18.0635 0 0 0 0 0 0 0 1234 6.61625
0.000211684523067039702 1.46195 1 253976 36.0524 12.1595 9.01528 0 20.411 1 0 128.412 0.971873 234.862 36.3128 -8.35378 -18.6204 0.31776 20.411 0 0 0 0 2.09078 173.201 129.801 1234 6.3447
0.000211684523067039702 1.53422 0 317904 32.8309 31.6588 18.5374 0 89.2697 1 1 89.2697 -45.8166 251.464 0 -19.7784 -58.9897 -64.0164 89.2697 0 0 0 0 0 0 0 1234 6.82922
0.000211684523067039702 1.53495 1 343552 33.1688 31.9616 18.7754 0 46.2797 1 1 45.9723 -7.24441 280.261 285.564 11.6002 -44.4299 -5.76496 46.2797 -2.93115 -0.333205 -0.0244161 2.95013 11.9357 41.4318 253.077 1234 6.77333
0.000211684523067039702 1.54976 0 316759 36.3214 34.7735 19.1367 0 0 1 1 0 8.16155 9.60412 0 0 0 0 0 0 0 0 0 0 0 0 1234 6.31581
0.000211684523067039702 1.55078 1 376257 33.4164 32.1844 18.9372 0 14.7851 1 1 15.4204 31.7466 26.0363 228.105 13.1058 4.47695 5.17637 14.7851 -1.01375 1.0067 2.08788 2.5299 89.6325 71.7519 342.89 1234 6.73327
0.000211684523067039702 1.65434 1 296665 36.2268 34.6903 19.1012 0 0.292996 1 0 0 5.75604 108.292 155.08 0.123454 0.265718 0 0.292996 0 0 0 0 0 235.327 268.521 1234 6.32804
0.000211684523067039702 1.65464 0 342630 34.3854 33.0516 19.5339 0 9.60623 1 1 9.60623 -23.2361 128.066 0 -5.44251 6.9495 -3.78986 9.60623 0 0 0 0 0 0 0 1234 6.58379
0.000211684523067039702 1.70182 1 281480 35.1768 33.7578 19.6934 0 0.211971 1 0 0 45.6852 264.016 5.00183 0.0558651 -0.204477 0 0.211971 0 0 0 0 0 236.821 -236.359 1234 6.46959
0.000211684523067039702 1.71789 0 357784 35.1114 33.699 19.7231 0 0 1 1 0 -75.1533 340.026 0 0 -0 -0 0 0 0 0 0 0 0 0 1234 6.47878
0.000211684523067039702 1.78091 1 400504 45.0395 24.0358 23.5358 0 3.02277 2 0 0 -55.2192 29.4484 200.973 -1.08192 2.82251 0 3.02277 0 0 0 0 0 342.95 108.161 1234 6.66837
0.000211684523067039702 1.81478 1 354768 36.2292 34.6924 19.183 0 0.0482295 1 0 0 -12.6612 281.592 124.662 0.0339208 0.034285 -0 0.0482295 0 0 0 0 0 270.043 -268.952 1234 6.32772
0.000211684523067039702 1.81482 1 336680 33.7683 12.7364 10.0723 0 7.56855 1 0 36.84 61.068 26.8246 20.0402 3.88865 -0.269158 6.4876 7.56855 0 0 0 0 31.471 70.2231 -38.2964 1234 6.671
0.000211684523067039702 1.94818 0 362341 37.0432 35.4122 18.7293 0 0 1 1 0 -9.06199 115.966 0 -0 0 -0 0 0 0 0 0 0 0 0 1234 6.22513
0.000211684523067039702 2.01826 0 342378 37.7494 36.0344 18.2871 0 0 1 1 0 -33.1866 227.106 0 -0 -0 -0 0 0 0 0 0 0 0 0 1234 6.14074
0.000211684523067039702 2.08314 0 237226 33.0624 31.8665 18.6977 0 52.2013 1 1 52.2013 2.60296 222.001 0 -38.7527 -34.8939 2.3707 52.2013 0 0 0 0 0 0 0 1234 6.79076
0.000211684523067039702 2.10715 0 384893 33.0997 31.8997 18.7236 0 38.736 1 1 38.736 61.2466 26.6073 0 16.6602 8.34548 33.9598 38.736 0 0 0 0 0 0 0 1234 6.78463
0.000211684523067039702 2.25925 1 3501 33.5946 11.3434 7.638 0 75.4692 1 1 205.192 49.4446 305.48 15.1277 -4.50017 -30.5178 68.8768 75.4692 15.6869 -20.1108 14.6672 29.4219 95.0372 49.0422 328.359 1234 6.69989
0.000211684523067039702 2.3734 0 391149 33.9376 32.6513 19.2681 0 13.3766 1 1 13.3766 -23.1937 186.877 0 -12.207 -1.47214 -5.26824 13.3766 0 0 0 0 0 0 0 1234 6.65148
0.000211684523067039702 2.43636 0 317428 33.3917 32.1623 18.9195 0 11.9818 1 1 11.9818 -19.6268 299.261 0 5.51631 -9.84559 -4.02458 11.9818 0 0 0 0 0 0 0 1234 6.73723
0.000211684523067039702 2.61965 0 389511 37.2165 35.5648 18.6244 0 0 1 1 0 31.3642 205.757 0 -0 -0 0 0 0 0 0 0 0 0 0 1234 6.20403
0.000211684523067039702 2.84803 1 400404 45.3212 23.6832 23.1832 0 2.88958 2 0 0 37.4033 328.618 136.028 2.00627 2.07956 0 2.88958 0 0 0 0 0 207.305 236.005 1234 6.57147
0.000229950296170259195 0.0936779 1 356332 30.1209 29.2061 16.5402 0 103.241 1 1 96.587 4.58094 313.58 231.187 72.1482 -73.4502 7.6382 103.241 -4.96346 3.4907 0.0501089 6.06823 3.98518 218.949 252.738 1234 7.33841
0.000229950296170259195 0.168929 1 400414 41.9106 21.7406 21.2406 0 4.76453 2 0 0 -25.4785 26.5805 131.926 3.54487 3.18349 0 4.76453 0 0 0 0 0 46.7809 131.757 1234 7.06866
0.000229950296170259195 0.169495 1 400084 36.03 20.9882 20.4882 0 0.235862 2 0 0 -51.7767 63.2192 47.752 0.174595 -0.15858 0 0.235862 0 0 0 0 0 136.919 87.9603 1234 7.28973
0.000229950296170259195 0.207929 1 400097 37.5313 20.2979 19.7979 0 5.62522 2 0 0 17.8644 207.517 281.474 -5.5128 -1.11897 0 5.62522 0 0 0 0 0 55.7753 155.096 1234 7.42757
0.000229950296170259195 0.233977 1 14900 29.9822 10.1739 5.90575 0 169.559 1 1 181.463 -53.8718 132.619 333.536 -88.6767 116.827 -85.0761 169.559 -2.0574 -15.2922 -9.70526 18.2284 43.4102 357.164 271.509 1234 7.36155
0.000229950296170259195 0.279908 0 30886 32.2283 31.1159 18.2146 0 92.5405 1 1 92.5405 70.1525 256.175 0 -7.50764 -30.509 87.0436 92.5405 0 0 0 0 0 0 0 1234 6.93277
0.000229950296170259195 0.329082 1 184590 29.8033 28.9172 16.2249 0 105.927 1 1 105.693 38.6031 46.9069 238.657 59.646 58.403 65.2072 105.927 -2.6124 1.61939 0.453088 3.10683 78.3943 155.265 43.1077 1234 7.40614
0.000229950296170259195 0.380009 0 52089 31.0046 30.0094 17.2695 0 64.8144 1 1 64.8144 21.8674 237.506 0 -32.3136 -50.7343 24.1408 64.8144 0 0 0 0 0 0 0 1234 7.15947
0.000229950296170259195 0.399449 0 58988 29.8395 28.95 16.2592 0 79.6994 1 1 79.6994 1.98412 95.7936 0 -8.04038 79.2448 2.75939 79.6994 0 0 0 0 0 0 0 1234 7.39834
0.000229950296170259195 0.412337 1 400035 38.6805 20.0992 19.5992 0 4.02914 2 0 0 63.0434 314.857 258.501 -3.94827 0.803192 0 4.02914 0 0 0 0 0 275.611 103.128 1234 7.3328
0.000229950296170259195 0.412806 1 400087 39.6999 19.7751 19.2751 0 3.63854 2 0 0 53.1371 270.31 33.596 2.01333 -3.03076 0 3.63854 0 0 0 0 0 339.383 56.9413 1234 7.28275
0.000229950296170259195 0.413011 1 178708 31.2741 10.7335 6.69855 0 186.398 1 1 180.897 -24.2796 316.966 293.579 160.548 -65.3655 -68.5268 186.398 -13.4813 -11.0953 -1.02758 17.4902 26.0987 332.498 105.405 1234 7.10163
0.000229950296170259195 0.491982 0 51965 32.1739 31.0672 18.1812 0 93.6668 1 1 93.6668 55.0232 103.494 0 -12.5292 52.2117 76.7491 93.6668 0 0 0 0 0 0 0 1234 6.94238
0.000229950296170259195 0.495182 1 70045 30.4285 29.4862 16.7784 0 11.0427 1 0 21.4016 13.7983 179.398 233.829 -10.7425 0.857579 2.40935 11.0427 0 0 0 0 53.8768 -131.836 -165.249 1234 7.27456
0.000229950296170259195 0.501714 1 81024 32.6345 11.2733 7.52616 0 286.92 1 1 253.209 2.92961 104.43 337.074 -61.4846 280.005 11.843 286.92 -2.38942 -11.7739 0.213675 12.0158 2.70975 217.715 223.585 1234 6.85525
0.000229950296170259195 0.527538 1 400493 37.1316 20.7269 20.2269 0 3.99643 2 0 0 -17.0331 214.202 280.534 -3.92908 -0.730615 -0 3.99643 0 0 0 0 0 30.7685 313.305 1234 7.28841
0.000229950296170259195 0.529241 1 82964 29.726 28.8461 16.5395 0 37.5632 1 1 40.3896 55.146 81.854 14.7235 -12.522 25.9279 24.1234 37.5632 10.8297 -6.72906 5.45531 13.8681 26.4529 94.8137 125.112 1234 7.42294
0.000229950296170259195 0.53477 1 109400 32.4994 31.36 18.414 0 12.7748 1 0 31.5696 -13.1846 66.0385 205.878 4.72228 11.5281 -2.82818 12.7748 0 0 0 0 143.179 11.6716 -45.6467 1234 6.88558
0.000229950296170259195 0.562531 0 13146 32.1508 31.0461 18.1625 0 78.9433 1 1 78.9433 -61.7158 82.275 0 5.02819 37.0675 -69.5181 78.9433 0 0 0 0 0 0 0 1234 6.94647
0.000229950296170259195 0.59507 0 89829 30.1422 29.2255 16.5289 0 85.7342 1 1 85.7342 30.4964 146.042 0 -61.2741 41.2653 43.5087 85.7342 0 0 0 0 0 0 0 1234 7.33393
0.000229950296170259195 0.655667 1 124444 30.811 29.8337 17.1019 0 72.9441 1 1 71.8753 27.607 26.9804 233.033 60.2782 35.5539 20.5745 72.9441 -5.68655 -1.33287 7.67996 9.64858 22.9022 182.439 328.396 1234 7.19753
0.000229950296170259195 0.707645 1 400124 36.7395 20.5631 20.0631 0 3.66965 2 0 0 -43.8969 249.108 353.494 -0.41579 -3.64601 -0 3.66965 0 0 0 0 0 111.54 130.593 1234 7.34057
0.000229950296170259195 0.716779 1 129920 31.1355 30.128 17.3896 0 21.387 1 0 44.9164 -51.6165 123.387 265.131 -8.90751 10.8369 -16.1438 21.387 0 0 0 0 62.306 120.5 -116.128 1234 7.1341
0.000229950296170259195 0.77948 1 400385 33.4427 20.4484 19.9484 0 4.05954 2 0 0 71.1635 197.561 324.408 -2.36272 -3.30112 0 4.05954 0 0 0 0 0 234.997 14.5011 1234 7.42146
0.000229950296170259195 0.783141 1 171601 30.0579 29.1489 16.4537 0 116.322 1 1 119.624 -13.8654 132.436 261.882 -75.0466 84.147 -28.6035 116.322 -3.34413 1.61216 -0.0500916 3.71279 165.358 90.7373 277.527 1234 7.35169
0.000229950296170259195 0.788118 0 224850 30.9574 29.9668 17.2281 0 48.5361 1 1 48.5361 48.731 10.1019 0 31.5179 5.61529 36.4807 48.5361 0 0 0 0 0 0 0 1234 7.16869
0.000229950296170259195 0.799079 0 185251 32.6906 31.5322 18.5164 0 96.7684 1 1 96.7684 16.7849 305.643 0 53.987 -75.2901 27.9448 96.7684 0 0 0 0 0 0 0 1234 6.85289
0.000229950296170259195 0.806574 0 206913 31.1816 30.17 17.4121 0 108.375 1 1 108.375 -27.723 240.712 0 -46.9311 -83.6715 -50.416 108.375 0 0 0 0 0 0 0 1234 7.12524
0.000229950296170259195 0.818783 0 253379 30.2683 29.3403 16.6352 0 125.502 1 1 125.502 -7.46782 350.537 0 122.744 -20.4584 -16.3113 125.502 0 0 0 0 0 0 0 1234 7.3076
0.000229950296170259195 0.849212 1 293172 29.9049 10.2289 5.98083 0 135.828 1 1 175.317 -40.2587 303.907 313.423 91.2125 -34.3493 -94.6027 135.828 -8.4272 -17.1699 -2.81769 19.333 56.5835 230.438 48.8347 1234 7.37755
0.000229950296170259195 0.879203 1 236596 31.907 30.8257 18.2483 0 32.8386 1 0 50.1651 -5.56151 161.461 289.06 -19.0578 5.47155 -1.81857 19.9109 0 0 0 0 132.521 47.7011 -10.2756 1234 6.99011
0.000229950296170259195 0.884006 1 157520 30.2306 29.3062 16.6025 0 55.3035 1 1 54.0628 38.9954 211.585 141.325 -36.3296 -24.7305 33.5715 55.3035 0.780861 2.63814 0.328372 2.7708 45.2199 74.1898 67.7655 1234 7.31544
0.000229950296170259195 0.884532 0 165863 32.6155 31.465 18.4703 0 31.2903 1 1 31.2903 16.2322 263.167 0 -3.57464 -29.8295 8.74658 31.2903 0 0 0 0 0 0 0 1234 6.86567
0.000229950296170259195 0.911717 1 400457 36.5493 21.7869 21.2869 0 0.209325 2 0 0 -0.343011 242.712 83.4542 0.20796 -0.0238623 0 0.209325 0 0 0 0 0 359.064 229.718 1234 6.98767
0.000229950296170259195 0.935567 1 400261 40.631 22.4135 21.9135 0 3.44848 2 0 0 -57.3557 192.615 179.796 0.01226 3.44845 0 3.44848 0 0 0 0 0 10.339 159.488 1234 6.9788
0.000229950296170259195 0.948231 1 156193 32.187 11.0394 7.1602 0 102.275 1 1 88.5814 -3.8141 208.271 69.7181 -80.383 -63.1663 -2.95183 102.275 6.09838 1.57425 -0.506071 6.31859 2.38677 105.418 51.6878 1234 6.93375
0.000229950296170259195 0.96922 1 178425 29.9554 29.0554 16.3622 0 112.973 1 1 128.769 -32.2723 267.883 313.796 5.84924 -91.1704 -66.4576 112.973 -10.257 -15.847 -1.69163 18.9524 122.022 11.1468 104.217 1234 7.37348
0.000229950296170259195 0.979535 1 148343 29.7781 10.3602 6.16431 0 120.495 1 0 99.728 -44.9809 164.059 341.139 -62.3303 -99.5754 -26.8097 120.495 0 0 0 0 4.52504 166.092 -158.723 1234 7.40441
0.000229950296170259195 0.99071 1 319483 29.7167 28.8377 16.149 0 167.9 1 1 176.108 62.8378 208.805 345.577 -66.8233 -20.417 152.67 167.9 -4.08552 -17.3969 2.93934 18.1103 100.926 196.509 171.731 1234 7.42495
0.000229950296170259195 0.998193 0 208443 29.849 28.9586 16.2701 0 105.432 1 1 105.432 41.2158 34.2043 0 65.5917 44.5833 69.4687 105.432 0 0 0 0 0 0 0 1234 7.39629
0.000229950296170259195 0.998559 1 400368 39.0769 22.7453 22.2453 0 3.29442 2 0 0 33.2233 93.4759 123.355 2.75176 1.81136 0 3.29442 0 0 0 0 0 115.077 104.609 1234 6.91794
0.000229950296170259195 1.02278 0 262501 32.468 31.3318 18.3791 0 61.7575 1 1 61.7575 60.6523 238.991 0 -15.5932 -25.9422 53.8316 61.7575 0 0 0 0 0 0 0 1234 6.89099
0.000229950296170259195 1.03223 1 203693 32.3497 31.2254 18.2996 0 51.4423 1 1 46.29 -38.9333 166.626 56.8031 -42.7874 8.81792 -27.1624 51.4423 7.56168 -1.0709 -1.56105 7.79504 26.9796 54.9852 192.639 1234 6.91152
0.000229950296170259195 1.05161 0 164729 31.1868 30.1746 17.4165 0 66.2264 1 1 66.2264 24.7329 304.013 0 33.6473 -49.8603 27.7084 66.2264 0 0 0 0 0 0 0 1234 7.12424
0.000229950296170259195 1.08149 0 181051 30.7337 29.7635 17.0416 0 68.9222 1 1 68.9222 -48.7479 39.3965 0 35.119 28.8435 -51.8168 68.9222 0 0 0 0 0 0 0 1234 7.21288
0.000229950296170259195 1.10099 1 359021 30.1124 29.1983 16.5015 0 89.425 1 1 91.0343 -31.9638 89.5716 114.264 -1.5296 75.364 -48.1119 89.425 2.44093 2.07586 -0.070342 3.20504 138.356 346.18 252.038 1234 7.34021
0.000229950296170259195 1.12122 1 83910 32.4981 11.6746 8.18038 0 122.304 1 1 127.269 26.9123 151.778 339.144 -104.595 58.745 23.8119 122.304 -0.359273 -4.00968 6.04188 7.26022 39.5327 166.799 257.371 1234 6.87745
0.000229950296170259195 1.22741 0 201910 30.2485 29.3224 16.6185 0 93.7834 1 1 93.7834 44.375 109.085 0 -21.9181 63.3498 65.5876 93.7834 0 0 0 0 0 0 0 1234 7.31172
0.000229950296170259195 1.27597 1 361990 30.6347 10.4914 6.34754 0 335.105 1 1 311.39 27.3489 37.1328 2.52981 199.346 231.045 138.473 335.105 3.26494 -15.6056 0.643955 15.9565 30.1012 156.177 352.701 1234 7.22671
0.000229950296170259195 1.28372 1 238802 30.7622 29.7897 14.4714 0 57.6685 1 1 82.003 63.813 358.501 25.2889 8.02177 11.2934 55.98 57.6685 16.3263 -10.1475 9.07571 21.2576 63.944 95.4066 152.965 1234 7.2072
0.000229950296170259195 1.30242 0 264634 31.9386 30.8545 18.0045 0 64.3543 1 1 64.3543 24.2641 275.784 0 5.91223 -58.3706 26.446 64.3543 0 0 0 0 0 0 0 1234 6.98439
0.000229950296170259195 1.31114 1 296186 30.2437 29.3181 10.7251 0 14.8533 1 1 95.8194 6.66082 40.1971 183.916 -5.02581 7.10064 -12.0392 14.8533 24.4182 20.5225 7.34151 32.731 120.42 58.3013 330.214 1234 7.31272
0.000229950296170259195 1.34808 1 202309 30.6102 29.6515 16.9349 0 59.1883 1 1 60.7144 -70.3612 344.538 19.3482 17.0241 -1.16954 -56.675 59.1883 2.09932 -3.61084 -0.333672 4.19006 95.1285 250.973 54.3246 1234 7.23764
0.000229950296170259195 1.3572 0 400469 32.4129 31.281 18.3629 0 48.6831 1 1 48.6831 22.3999 236.884 0 -24.5903 -37.6988 18.5516 48.6831 0 0 0 0 0 0 0 1234 6.90054
0.000229950296170259195 1.36704 0 333280 29.7906 28.9055 16.2183 0 118.475 1 1 118.475 -5.56576 111.078 0 -42.4066 110.027 -11.4907 118.475 0 0 0 0 0 0 0 1234 7.40889
0.000229950296170259195 1.38585 1 400370 36.246 19.8692 19.3692 0 3.62643 2 0 0 51.7499 142.494 57.554 3.06033 -1.9456 0 3.62643 0 0 0 0 0 219.642 241.98 1234 7.29511
0.000229950296170259195 1.46718 1 216033 30.9522 29.962 17.2339 0 52.9683 1 1 58.471 -47.7417 13.5103 203.798 44.8578 7.61471 -27.1189 52.9683 -5.49754 3.9131 -10.2721 12.2903 44.8556 328.328 162.536 1234 7.16971
0.000229950296170259195 1.50697 1 341266 32.6187 31.4679 18.4727 0 51.5493 1 1 51.4888 9.92749 131.412 106.222 -35.0033 36.7917 8.8589 51.5493 1.30278 1.08555 0.0137849 1.69583 143.375 62.2752 165.235 1234 6.86512
0.000229950296170259195 1.56905 1 41832 31.264 10.604 6.50918 0 247.489 1 1 271.361 -10.9512 226.333 226.653 -99.3897 -221.547 -47.85 247.489 -20.7104 11.0958 -0.613526 23.5035 24.7477 182.598 228.292 1234 7.10472
0.000229950296170259195 1.59852 0 320932 31.8769 30.7985 17.9548 0 18.6369 1 1 18.6369 -68.2788 101.886 0 -1.42058 6.74949 -17.3136 18.6369 0 0 0 0 0 0 0 1234 6.99554
0.000229950296170259195 1.6074 0 310349 30.4876 29.5397 16.8313 0 118.994 1 1 118.994 19.8063 107.749 0 -34.1297 106.625 40.32 118.994 0 0 0 0 0 0 0 1234 7.2625
0.000229950296170259195 1.61319 0 265681 31.7384 30.6737 17.8506 0 78.9883 1 1 78.9883 -15.15 331.537 0 67.0272 -36.3367 -20.6433 78.9883 0 0 0 0 0 0 0 1234 7.02078
0.000229950296170259195 1.66583 1 272178 30.8251 10.446 6.28311 0 318.064 1 1 302.584 9.21088 152.64 128.965 -308.12 64.0965 46.0259 318.064 14.0933 17.4845 0.380548 22.4605 11.6585 340.859 15.5415 1234 7.18958
0.000229950296170259195 1.7871 1 346399 32.2127 31.1019 18.2023 0 6.57464 1 1 11.5235 23.1058 237.023 136.041 -0.962405 -6.07465 2.32341 6.57464 -3.04758 -1.26948 1.66021 3.69535 10.0993 315.528 313.792 1234 6.93553
0.000229950296170259195 1.979 1 354820 30.9449 29.9553 17.2161 0 66.8201 1 1 84.8287 15.1425 113.079 276.449 -16.0141 63.5066 -13.243 66.8201 -17.1338 10.1001 30.8209 36.6812 92.2089 112.666 238.268 1234 7.17113
0.000229950296170259195 2.10375 1 400529 38.088 21.169 20.669 0 3.4357 2 0 0 10.5633 109.851 353.779 -0.37231 -3.41547 0 3.4357 0 0 0 0 0 195.23 281.81 1234 7.11109
0.000229950296170259195 2.2714 1 400118 36.9211 21.0946 20.5946 0 0.212016 2 0 0 62.1428 279.156 224.571 -0.14879 0.151037 0 0.212016 0 0 0 0 0 61.6217 167.964 1234 7.01005
0.000229950296170259195 2.3639 0 376314 31.6882 30.628 17.8086 0 107.321 1 1 107.321 17.1061 35.365 0 83.6464 59.3674 31.5675 107.321 0 0 0 0 0 0 0 1234 7.03
0.000229950296170259195 2.38765 1 128256 29.814 10.2002 5.94155 0 123.103 1 1 101.241 24.4761 322.745 200.55 107.562 -54.2052 25.4285 123.103 -7.06448 6.70209 2.15982 9.97445 13.4536 85.4116 184.182 1234 7.397
0.000229950296170259195 2.65061 0 387140 31.6725 30.6138 17.8044 0 45.1011 1 1 45.1011 -50.6082 147.818 0 -24.2246 15.2444 -34.8553 45.1011 0 0 0 0 0 0 0 1234 7.0329
0.000229950296170259195 2.69715 1 400534 35.7785 21.5698 21.0698 0 3.68948 2 0 0 31.6921 285.534 9.97593 0.639146 -3.6337 0 3.68948 0 0 0 0 0 296.462 330.668 1234 7.20338
0.000229950296170259195 3.38742 0 398755 31.2436 30.2258 17.4636 0 75.3253 1 1 75.3253 44.6257 276.76 0 6.31079 -53.2371 52.9139 75.3253 0 0 0 0 0 0 0 1234 7.11336
0.000270916994715022922 0.170043 0 108196 27.7122 27.001 14.2834 0 216.369 1 1 216.369 -24.095 96.7634 0 -23.2614 196.142 -88.3328 216.369 0 0 0 0 0 0 0 1234 7.90435
0.000270916994715022922 0.17349 0 5479 28.0812 27.3403 14.6353 0 108.366 1 1 108.366 -72.3648 350.256 0 32.3565 -5.55618 -103.273 108.366 0 0 0 0 0 0 0 1234 7.80924
0.000270916994715022922 0.202137 0 39138 28.4361 27.666 14.9701 0 124.335 1 1 124.335 -24.294 223.038 0 -82.8283 -77.3425 -51.1536 124.335 0 0 0 0 0 0 0 1234 7.72088
0.000270916994715022922 0.203502 0 148612 29.3865 28.5363 15.8507 0 157.02 1 1 157.02 -41.7108 104.531 0 -29.4099 113.468 -104.476 157.02 0 0 0 0 0 0 0 1234 7.498
0.000270916994715022922 0.216786 1 89025 28.316 9.74166 5.33741 0 6.39815 1 0 40.4869 33.7277 237.511 209.881 -5.34162 2.37874 2.5971 6.39815 0 0 0 0 12.5239 45.2807 -37.3392 1234 7.74198
0.000270916994715022922 0.233869 1 252514 24.8423 17.8375 17.3287 0 0 1 1 0 -42.4578 170.315 0 -0 0 -0 0 0 0 0 0 0 0 0 1234 8.63102
0.000270916994715022922 0.238292 1 125108 28.267 9.76603 5.36843 0 190.997 1 1 228.903 22.2374 164.418 321.402 -157.695 107.624 -5.38985 190.997 -10.9421 -12.6274 13.4115 21.4254 97.3594 332.831 122.275 1234 7.7541
0.000270916994715022922 0.268395 0 31620 28.0683 27.3284 14.6218 0 134.04 1 1 134.04 -87.0059 132.035 0 -4.68798 5.20008 -133.857 134.04 0 0 0 0 0 0 0 1234 7.81253
0.000270916994715022922 0.279271 1 19794 27.3932 9.48951 5.02347 0 139.764 1 1 206.838 -46.563 15.0333 132.023 93.2402 -34.4289 -98.2588 139.764 10.8446 13.7517 -6.54582 18.6966 107.523 319.908 27.8565 1234 7.98008
0.000270916994715022922 0.29037 0 150488 29.3666 28.518 15.8337 0 83.6354 1 1 83.6354 24.8049 177.322 0 -75.8364 3.54781 35.0876 83.6354 0 0 0 0 0 0 0 1234 7.50248
0.000270916994715022922 0.303026 1 87295 29.5219 10.3805 6.19094 0 84.0477 1 1 77.3363 26.0229 111.115 326.412 -38.1953 72.8978 17.0602 84.0477 -0.771712 -5.09949 2.38205 5.68107 18.3429 323.765 24.5814 1234 7.46067
0.000270916994715022922 0.31191 1 400045 33.3797 19.5788 19.0788 0 0.231578 2 0 0 -1.50821 349.771 132.231 0.171469 0.155649 0 0.231578 0 0 0 0 0 330.152 197.15 1234 7.45969
0.000270916994715022922 0.31741 1 36293 26.3779 9.02967 4.4844 0 117.767 1 1 142.895 25.0585 115.648 107.057 -95.9249 48.7991 47.8142 117.767 14.2916 10.986 1.50734 18.0891 26.1594 171.946 222.818 1234 8.26785
0.000270916994715022922 0.329001 0 9450 26.7512 26.1142 13.3627 0 140.672 1 1 140.672 -21.5811 227.782 0 -87.8988 -96.8777 -51.7418 140.672 0 0 0 0 0 0 0 1234 8.16853
0.000270916994715022922 0.331904 0 400200 36.2375 21.6595 21.1595 0 0 1 1 0 -67.7232 304.894 0 0 -0 -0 0 0 0 0 0 0 0 0 1234 7.67433
0.000270916994715022922 0.337757 1 153067 25.5773 8.92861 4.37172 0 213.629 1 1 245.582 35.578 149.442 305.463 -129.431 145.29 88.1797 213.629 -12.178 -10.4871 7.38796 17.688 93.6287 205.032 187.151 1234 8.51776
0.000270916994715022922 0.348753 1 400010 30.2632 18.1914 17.6862 0 5.08555 2 0 0 -2.44245 99.9221 80.7863 5.01994 -0.814284 0 5.08555 0 0 0 0 0 359.422 169.695 1234 7.94486
0.000270916994715022922 0.352974 1 400100 32.8461 18.2275 17.7226 0 4.83053 2 0 0 -19.9403 178.56 194.522 -1.21128 4.6762 0 4.83053 0 0 0 0 0 212.736 355.166 1234 7.89912
0.000270916994715022922 0.363264 0 95472 29.1585 28.3277 15.6419 0 51.6864 1 1 51.6864 63.6502 220.717 0 -17.3881 -14.9648 46.3162 51.6864 0 0 0 0 0 0 0 1234 7.54972
0.000270916994715022922 0.389944 1 29828 27.3625 26.6786 13.9512 0 152.043 1 1 149.876 -19.1338 267.562 254.838 1.64113 -143.935 -48.9581 152.043 -7.5714 2.79037 -0.109949 8.06997 28.1364 156.989 113.791 1234 7.99762
0.000270916994715022922 0.401022 0 307350 27.317 26.6364 13.9095 0 65.1615 1 1 65.1615 49.5097 218.422 0 -33.1487 -26.2936 49.5564 65.1615 0 0 0 0 0 0 0 1234 8.01
0.000270916994715022922 0.407046 1 123257 26.5366 9.31192 4.81016 0 298.662 1 1 295.146 -55.6778 227.241 67.3123 -157.228 -114.886 -226.449 298.662 11.0375 -3.22534 -2.14678 11.6978 63.4297 279.687 26.7683 1234 8.22196
0.000270916994715022922 0.424107 0 47478 25.3685 24.8307 12.0271 0 238.659 1 1 238.659 -4.40803 47.3869 0 161.105 175.12 -18.3431 238.659 0 0 0 0 0 0 0 1234 8.59631
0.000270916994715022922 0.437004 0 248996 28.7174 27.9243 15.2322 0 76.0501 1 1 76.0501 -31.197 197.288 0 -62.1136 -19.3323 -39.3927 76.0501 0 0 0 0 0 0 0 1234 7.65285
0.000270916994715022922 0.499717 1 400254 35.0592 17.9187 17.4107 0 3.74896 2 0 0 33.1238 31.8917 99.2383 3.70033 0.601865 0 3.74896 0 0 0 0 0 308.574 137.55 1234 7.74942
0.000270916994715022922 0.53347 0 220894 25.9239 25.3471 12.5616 0 118.774 1 1 118.774 -12.9247 165.617 0 -112.137 28.7554 -26.5663 118.774 0 0 0 0 0 0 0 1234 8.41715
0.000270916994715022922 0.544566 1 121572 27.5595 9.87575 5.50964 0 156.431 1 1 132.747 35.5461 19.5549 294.26 124.97 61.6803 71.0545 156.431 -7.73421 -5.60299 0.859293 9.58905 25.2805 89.5072 196.242 1234 7.93812
0.000270916994715022922 0.550525 0 97540 27.2251 26.5521 13.8189 0 87.5528 1 1 87.5528 -2.94225 282.762 0 19.3155 -85.2772 -4.49403 87.5528 0 0 0 0 0 0 0 1234 8.03514
0.000270916994715022922 0.561768 1 70672 25.3253 24.7903 11.9847 0 311.803 1 1 311.648 41.0964 14.136 208.04 229.386 54.1398 204.137 311.803 -1.69101 3.55212 0.461251 3.96104 96.8767 65.2039 94.8898 1234 8.61072
0.000270916994715022922 0.598687 0 400492 29.3299 28.4838 15.95 0 75.5123 1 1 75.5123 -6.48411 64.6025 0 32.1798 67.778 -8.52743 75.5123 0 0 0 0 0 0 0 1234 7.51075
0.000270916994715022922 0.603709 1 125807 25.8257 8.87387 4.31155 0 258.494 1 1 258.011 29.4571 42.021 235.224 193.805 152.371 77.7312 258.494 -11.7603 5.61502 6.06674 14.3749 40.0866 338.79 280.075 1234 8.43737
0.000270916994715022922 0.620257 0 341794 27.9755 27.2429 14.5385 0 141.47 1 1 141.47 -54.6267 75.8942 0 19.9594 79.4279 -115.354 141.47 0 0 0 0 0 0 0 1234 7.83616
0.000270916994715022922 0.648177 0 171810 25.4423 24.8993 12.0991 0 62.2836 1 1 62.2836 21.3787 251.894 0 -18.0248 -55.1259 22.7043 62.2836 0 0 0 0 0 0 0 1234 8.5719
0.000270916994715022922 0.649626 0 19835 28.2092 27.4581 14.7578 0 87.6044 1 1 87.6044 49.2049 312.736 0 38.8418 -42.0401 66.321 87.6044 0 0 0 0 0 0 0 1234 7.77702
0.000270916994715022922 0.61391 1 296433 27.8521 27.1298 14.4191 0 115.762 1 1 113.492 -50.5539 221.904 111.54 -56.9907 -50.1183 -87.4132 115.762 2.99078 1.67329 -0.13425 3.42967 48.0991 182.083 6.78194 1234 7.86789
0.000270916994715022922 0.669255 0 152916 27.5785 26.8778 14.1587 0 193.545 1 1 193.545 64.7285 308.869 0 51.851 -64.3311 175.022 193.545 0 0 0 0 0 0 0 1234 7.93963
0.000270916994715022922 0.680745 0 10231 27.9395 27.2099 14.5037 0 123.719 1 1 123.719 53.9559 316.1 0 52.4539 -50.4784 100.035 123.719 0 0 0 0 0 0 0 1234 7.84537
0.000270916994715022922 0.684967 1 162655 27.0854 9.33553 4.83814 0 92.3726 1 1 112.886 22.8621 78.96 66.8655 -40.8267 75.8185 33.428 92.3726 16.424 0.0117509 1.40367 16.4839 21.2312 190.411 151.704 1234 8.06422
0.000270916994715022922 0.685206 0 168083 26.1048 25.5152 12.7387 0 111.854 1 1 111.854 37.4593 170.396 0 -87.5438 14.8131 68.0293 111.854 0 0 0 0 0 0 0 1234 8.36099
0.000270916994715022922 0.691529 0 153190 29.6751 28.8 16.1146 0 42.4507 1 1 42.4507 7.83323 258.01 0 -8.73656 -41.1371 5.78562 42.4507 0 0 0 0 0 0 0 1234 7.43403
0.000270916994715022922 0.70764 0 118898 26.6768 26.045 13.2895 0 222.77 1 1 222.77 -1.82025 74.2778 0 60.3342 214.327 -7.07607 222.77 0 0 0 0 0 0 0 1234 8.19006
0.000270916994715022922 0.728497 1 80834 29.0612 9.9441 5.59885 0 27.2103 1 0 165.824 -12.3669 241.508 286.502 -17.4022 -20.4199 -4.5378 27.2103 0 0 0 0 111.199 261.675 29.2471 1234 7.56449
0.000270916994715022922 0.737758 0 266818 25.4969 24.9501 12.1486 0 211.116 1 1 211.116 -0.674424 13.7083 0 205.088 50.0265 -2.48497 211.116 0 0 0 0 0 0 0 1234 8.55397
0.000270916994715022922 0.756309 0 204275 26.0693 25.4822 12.7037 0 161.102 1 1 161.102 -40.1344 295.071 0 52.1906 -111.564 -103.844 161.102 0 0 0 0 0 0 0 1234 8.37193
0.000270916994715022922 0.773808 0 178229 26.7422 26.1057 13.3528 0 111.21 1 1 111.21 73.353 336.361 0 29.1856 -12.7746 106.549 111.21 0 0 0 0 0 0 0 1234 8.17114
0.000270916994715022922 0.78041 1 196176 28.7576 9.93846 5.59146 0 239.82 1 1 233.768 -21.2126 19.4713 1.19143 184.535 130.063 -80.8947 239.82 2.88893 -14.0597 -0.485411 14.3616 29.8154 26.8759 64.158 1234 7.63522
0.000270916994715022922 0.784204 0 261735 27.8185 27.0985 14.3863 0 71.7747 1 1 71.7747 2.61727 183.896 0 -71.5341 -4.87188 3.27752 71.7747 0 0 0 0 0 0 0 1234 7.87662
0.000270916994715022922 0.794144 0 400267 29.5985 28.7291 16.0613 0 85.9357 1 1 85.9357 -16.0172 71.5049 0 26.2025 78.3334 -23.7119 85.9357 0 0 0 0 0 0 0 1234 7.45085
0.000270916994715022922 0.808042 1 16849 28.3977 9.84969 5.47588 0 164.114 1 1 140.004 7.58291 86.8112 313.042 8.02857 163.301 14.2014 164.114 -5.34352 -8.89591 0.682767 10.3998 6.0617 77.1582 55.8396 1234 7.72193
0.000270916994715022922 0.813625 0 81300 27.6843 26.9752 14.2563 0 54.6639 1 1 54.6639 -72.545 86.1193 0 1.10973 16.3593 -52.1468 54.6639 0 0 0 0 0 0 0 1234 7.91167
0.000270916994715022922 0.818164 0 400108 26.4599 27.3361 14.631 0 127.737 1 1 127.737 47.3152 150.322 0 -75.2411 42.8783 93.8988 127.737 0 0 0 0 0 0 0 1234 8.24119
0.000270916994715022922 0.824803 0 312951 27.6553 26.9483 14.2333 0 114.857 1 1 114.857 42.38 29.4083 0 73.9112 41.6609 77.419 114.857 0 0 0 0 0 0 0 1234 7.9193
0.000270916994715022922 0.826194 1 109858 26.3319 25.7256 12.9556 0 108.886 1 1 105.735 -23.1272 228.861 67.3992 -69.2005 -73.3193 -41.1316 108.886 4.91607 -0.0301842 -0.213945 4.92082 23.5901 264.244 51.7349 1234 8.29195
0.000270916994715022922 0.841572 1 322928 27.5654 26.8657 14.1442 0 142.898 1 1 144.138 -87.1687 181.483 126.795 -15.344 -10.126 -141.711 142.898 7.53615 8.04385 -1.26845 11.0953 78.2917 76.7646 246.083 1234 7.94313
0.000270916994715022922 0.861828 0 305376 28.0395 27.3021 14.5943 0 47.1416 1 1 47.1416 8.66868 155.309 0 -42.3423 19.4673 7.1052 47.1416 0 0 0 0 0 0 0 1234 7.81984
0.000270916994715022922 0.869279 1 205741 29.1102 28.2833 15.596 0 96.8305 1 1 101.727 -30.3711 47.8967 103.741 53.3395 62.5478 -51.1743 96.8305 4.45447 1.9206 -0.152508 4.85327 143.513 129.464 34.0665 1234 7.56082
0.000270916994715022922 0.84272 1 349295 28.9424 28.1301 15.4461 0 98.4418 1 1 97.0204 34.5636 222.65 42.0278 -61.3316 -53.924 54.9675 98.4418 2.51532 -0.206865 0.0512247 2.52434 33.354 164.705 163.658 1234 7.59974
0.000270916994715022922 0.887412 0 208739 25.7479 25.1835 12.3934 0 86.2 1 1 86.2 31.0195 213.45 0 -61.6369 -40.7194 44.4215 86.2 0 0 0 0 0 0 0 1234 8.47282
0.000270916994715022922 0.907749 1 397872 27.2627 9.29846 4.79425 0 9.22327 1 0 52.0021 5.39411 8.93501 215.194 0.492793 9.19053 0.600121 9.22327 0 0 0 0 2.08147 150.255 42.0087 1234 8.01547
0.000270916994715022922 0.928772 1 191657 28.601 10.2093 5.95403 0 48.6787 1 1 102.586 -43.0199 51.1114 188.268 44.9377 18.7011 -0.701918 48.6787 -0.374236 11.3467 -11.158 15.9182 85.834 308.695 97.2258 1234 7.67415
0.000270916994715022922 0.950917 1 195644 27.2874 26.6092 13.8818 0 157.879 1 1 157.018 -32.8887 275.192 105.052 9.34673 -132.695 -85.0319 157.879 2.44758 1.27546 -0.137695 2.7634 47.3143 166.509 297.956 1234 8.01807
0.000270916994715022922 0.954949 1 199540 28.1427 27.3966 14.6938 0 73.5619 1 1 83.8299 -26.0367 239.578 353.603 -36.8158 -52.873 -35.502 73.5619 -1.36164 -9.42142 -0.740926 9.5481 146.69 146.954 271.118 1234 7.79374
0.000270916994715022922 0.971112 0 231612 25.6616 25.1036 12.3092 0 84.6654 1 1 84.6654 -44.4358 331.266 0 53.0099 -29.0629 -59.275 84.6654 0 0 0 0 0 0 0 1234 8.50047
0.000270916994715022922 0.977059 0 269572 28.3836 27.6181 14.9197 0 220.759 1 1 220.759 -78.9589 215.065 0 -34.6046 -24.2894 -216.673 220.759 0 0 0 0 0 0 0 1234 7.73377
0.000270916994715022922 1.00033 0 299323 28.2301 27.4772 14.7777 0 133.559 1 1 133.559 -37.8981 15.6095 0 101.505 28.3589 -82.0401 133.559 0 0 0 0 0 0 0 1234 7.7718
0.000270916994715022922 1.02395 0 148371 29.6031 28.7344 16.0485 0 96.7906 1 1 96.7906 10.291 336.507 0 87.3397 -37.9631 17.2915 96.7906 0 0 0 0 0 0 0 1234 7.44985
0.000270916994715022922 1.03611 1 385349 26.7854 9.13318 4.60197 0 224.476 1 1 324.185 -14.3683 267.812 51.6983 -152.958 -156.348 50.4865 224.476 26.938 -27.2108 -16.846 41.8314 132.238 238.207 79.8619 1234 8.14882
0.000270916994715022922 1.04066 1 400186 35.8822 18.3569 17.8534 0 4.60271 2 0 0 -0.884411 307.151 163.057 1.34129 4.40294 0 4.60271 0 0 0 0 0 92.299 192.719 1234 7.88523
0.000270916994715022922 1.07406 0 400247 27.0769 26.4224 13.6898 0 85.1212 1 1 85.1212 55.9185 121.684 0 -25.0532 40.5904 70.5009 85.1212 0 0 0 0 0 0 0 1234 8.07589
0.000270916994715022922 1.08227 0 262311 26.8685 26.2222 13.4737 0 249.9 1 1 249.9 -29.7674 60.8829 0 105.555 189.512 -124.07 249.9 0 0 0 0 0 0 0 1234 8.13496
0.000270916994715022922 1.09653 1 173476 28.4557 10.501 6.36527 0 302.85 1 1 324.692 -41.8196 178.495 322.552 -219.424 45.7204 -203.668 302.85 -5.94361 -9.33346 -2.01279 11.2468 113.12 233.425 313.869 1234 7.71357
0.000270916994715022922 1.10631 1 372014 26.5458 9.22457 4.7076 0 328.187 1 1 330.849 50.9037 216.968 208.704 -127.133 -169.872 250.374 328.187 -8.30329 11.723 0.789877 14.3874 67.7303 271.135 231.015 1234 8.21861
0.000270916994715022922 1.12787 0 117675 29.3538 28.5063 15.8203 0 168.891 1 1 168.891 67.5262 271.196 0 1.34736 -64.5462 156.064 168.891 0 0 0 0 0 0 0 1234 7.50536
0.000270916994715022922 1.1283 1 308617 26.9842 10.3695 6.17543 0 215.783 1 1 208.171 68.9046 162.497 84.0793 -104.58 18.2239 187.864 215.783 11.2469 0.348699 1.24328 11.3207 57.9031 112.557 326.613 1234 8.11148
0.000270916994715022922 1.15499 0 116800 27.3005 26.6212 13.8906 0 157.95 1 1 157.95 38.6443 42.586 0 90.8292 83.4808 98.6376 157.95 0 0 0 0 0 0 0 1234 8.01451
0.000270916994715022922 1.15672 0 312835 25.8882 25.3139 12.5268 0 179.417 1 1 179.417 41.653 185.198 0 -133.506 -12.146 119.244 179.417 0 0 0 0 0 0 0 1234 8.42835
0.000270916994715022922 1.17111 0 367208 25.2645 24.734 11.9256 0 308.974 1 1 308.974 54.1361 89.0749 0 2.9225 180.992 250.396 308.974 0 0 0 0 0 0 0 1234 8.63104
0.000270916994715022922 1.17358 0 288795 27.4401 26.75 14.0252 0 182.223 1 1 182.223 58.5137 337.255 0 87.7733 -36.7966 155.394 182.223 0 0 0 0 0 0 0 1234 7.97667
0.000270916994715022922 1.21179 0 86271 27.1851 26.5147 13.783 0 85.6512 1 1 85.6512 -14.714 302.916 0 45.0174 -69.5434 -21.755 85.6512 0 0 0 0 0 0 0 1234 8.04618
0.000270916994715022922 1.24844 0 400403 35.057 21.165 20.665 0 0 1 1 0 -10.0725 136.279 0 -0 0 -0 0 0 0 0 0 0 0 0 1234 7.86581
0.000270916994715022922 1.25202 0 73290 26.2251 25.6269 12.8527 0 137.949 1 1 137.949 17.7424 58.7833 0 68.0954 112.365 42.0384 137.949 0 0 0 0 0 0 0 1234 8.3242
0.000270916994715022922 1.29684 0 244305 26.4488 25.8339 13.0706 0 89.6975 1 1 89.6975 -48.1509 70.0245 0 20.4436 56.2433 -66.8161 89.6975 0 0 0 0 0 0 0 1234 8.25701
0.000270916994715022922 1.34979 1 315574 26.9321 26.2813 13.5364 0 136.18 1 1 137.189 61.3212 203.935 322.383 -58.8027 -24.9386 120.272 136.18 -1.7621 -2.21794 0.0707844 2.8336 114.568 326.244 275.587 1234 8.11689
0.000270916994715022922 1.35094 0 259041 25.4488 24.9054 12.1054 0 273.287 1 1 273.287 43.989 35.1169 0 160.834 113.107 189.803 273.287 0 0 0 0 0 0 0 1234 8.56976
0.000270916994715022922 1.38109 1 269364 28.0558 9.87863 5.51338 0 154.653 1 1 133.517 -22.5348 225.787 175.077 -71.7945 -128.505 -47.4312 154.653 -1.42817 10.4712 -0.49334 10.5797 17.9952 348.034 253.858 1234 7.80766
0.000270916994715022922 1.39583 0 312379 27.6159 26.912 14.1957 0 130.084 1 1 130.084 28.1967 72.2952 0 34.8658 109.217 61.4649 130.084 0 0 0 0 0 0 0 1234 7.92972
0.000270916994715022922 1.39998 0 299670 29.0359 28.2159 15.5281 0 198.243 1 1 198.243 66.6608 268.138 0 -2.55181 -78.4974 182.022 198.243 0 0 0 0 0 0 0 1234 7.57797
0.000270916994715022922 1.41061 1 240791 26.9982 9.33571 4.83835 0 296.614 1 1 293.152 -24.8687 93.8633 286.401 1.8429 284.092 -85.256 296.614 -9.65214 -4.40437 -4.60537 11.566 41.0898 229.971 84.209 1234 8.08864
0.000270916994715022922 1.43139 1 279401 28.6213 27.8359 15.1471 0 111.79 1 1 109.785 -8.97641 258.032 216.341 -20.6634 -108.524 -17.11 111.79 -2.16313 3.02666 -0.0167456 3.72023 10.8926 220.054 181.236 1234 7.6759
0.000270916994715022922 1.43186 0 306647 27.242 26.5676 13.8341 0 97.1917 1 1 97.1917 -24.9917 151.574 0 -77.4705 41.9337 -41.0622 97.1917 0 0 0 0 0 0 0 1234 8.0305
0.000270916994715022922 1.45584 0 348323 28.6277 27.8419 15.1532 0 34.8587 1 1 34.8587 -83.2431 170.892 0 -4.04963 0.649213 -34.6165 34.8587 0 0 0 0 0 0 0 1234 7.67435
0.000270916994715022922 1.48757 1 236588 26.4994 9.0279 4.4824 0 201.09 1 1 175.39 -32.38 83.6817 31.6703 -50.6959 176.8 -81.2942 201.09 15.3081 -14.3284 -1.67637 21.0345 21.9738 277.051 317.46 1234 8.23184
0.000270916994715022922 1.5035 0 154695 26.0099 25.4269 12.6452 0 138.274 1 1 138.274 -79.3515 355.914 0 25.4857 -1.82052 -135.893 138.274 0 0 0 0 0 0 0 1234 8.39031
0.000270916994715022922 1.5113 0 400475 28.3875 27.6217 14.9234 0 85.3109 1 1 85.3109 63.2628 323.169 0 30.7208 -23.0078 76.1894 85.3109 0 0 0 0 0 0 0 1234 7.7328
0.000270916994715022922 1.53428 0 217200 29.3601 28.5121 15.827 0 187.939 1 1 187.939 33.9122 279.804 0 26.5582 -153.692 104.855 187.939 0 0 0 0 0 0 0 1234 7.50393
0.000270916994715022922 1.53604 0 348056 28.9136 28.1038 15.4189 0 167.242 1 1 167.242 57.9155 259.234 0 -16.5938 -87.2705 141.699 167.242 0 0 0 0 0 0 0 1234 7.60647
0.000270916994715022922 1.54443 0 304605 25.8091 25.2408 12.4538 0 102.737 1 1 102.737 67.6836 131.189 0 -25.6907 29.3577 95.042 102.737 0 0 0 0 0 0 0 1234 8.45332
0.000270916994715022922 1.5536 0 156545 26.3406 25.7337 12.9647 0 173.886 1 1 173.886 21.7649 180.385 0 -161.487 -1.08481 64.4769 173.886 0 0 0 0 0 0 0 1234 8.28932
0.000270916994715022922 1.56761 1 307139 27.7956 27.0774 14.3784 0 186.323 1 1 204.875 46.7472 55.0213 160.071 76.4802 90.1065 144.041 186.323 4.46167 20.5122 3.0581 21.2134 122.546 65.22 353.251 1234 7.88257
0.000270916994715022922 1.57429 0 340704 26.889 26.2413 13.497 0 256.169 1 1 256.169 24.1455 351.316 0 231.077 -35.2942 104.787 256.169 0 0 0 0 0 0 0 1234 8.12911
0.000270916994715022922 1.61937 0 358096 26.2686 25.667 12.8948 0 48.3733 1 1 48.3733 -8.28465 105.835 0 -13.0615 46.0521 -6.97017 48.3733 0 0 0 0 0 0 0 1234 8.31102
0.000270916994715022922 1.63724 0 373017 27.2086 26.5366 13.8052 0 251.473 1 1 251.473 24.0285 299.41 0 112.785 -200.083 102.398 251.473 0 0 0 0 0 0 0 1234 8.03969
0.000270916994715022922 1.64934 0 336816 24.9265 24.4185 11.6005 0 105.959 1 1 105.959 -18.2973 269.781 0 -0.384332 -100.601 -33.2655 105.959 0 0 0 0 0 0 0 1234 8.74663
0.000270916994715022922 1.65395 0 400281 31.9306 19.7247 19.2247 0 0 1 1 0 20.0642 336.333 0 0 -0 0 0 0 0 0 0 0 0 0 1234 8.35005
0.000270916994715022922 1.65599 1 257363 28.9855 28.1697 15.4869 0 167.321 1 1 166.068 72.0739 250.831 205.756 -11.3176 -56.7508 156.996 167.321 -5.52443 9.3034 0.777453 10.8479 69.8042 174.865 272.057 1234 7.58968
0.000270916994715022922 1.656 0 315786 29.1412 28.3118 15.6256 0 170.385 1 1 170.385 -15.6163 139.776 0 -125.29 105.97 -45.8665 170.385 0 0 0 0 0 0 0 1234 7.55368
0.000270916994715022922 1.68475 0 381427 26.1543 25.5609 12.787 0 190.833 1 1 190.833 19.6359 249.597 0 -62.6603 -168.46 64.1279 190.833 0 0 0 0 0 0 0 1234 8.34579
0.000270916994715022922 1.68969 1 240962 25.0961 8.74429 4.17159 0 232.94 1 1 273.857 -62.0925 245.078 349.723 -60.03 -48.6781 -219.746 232.94 -0.638516 -14.6411 -2.45701 14.8596 101.469 162.083 237.384 1234 8.67775
0.000270916994715022922 1.69476 1 240913 26.6189 9.29119 4.78567 0 269.221 1 1 331.788 -10.5083 241.599 304.689 -110.709 -238.375 -58.3158 269.221 -10.8467 -9.71481 -0.271959 14.5637 164.705 33.716 147.686 1234 8.19749
0.000270916994715022922 1.74527 1 400363 35.0698 18.5815 18.0805 0 8.08546 2 0 0 -5.50754 260.497 204.29 -3.32595 7.36971 0 8.08546 0 0 0 0 0 272.257 84.9947 1234 7.78669
0.000270916994715022922 1.75011 1 400402 30.2459 16.6002 16.0799 0 6.44777 2 0 0 -0.973353 106.699 334.481 -2.77782 -5.81872 -0 6.44777 0 0 0 0 0 136.901 88.0385 1234 8.4571
0.000270916994715022922 1.79317 1 400401 27.0629 32.8977 20.8723 0 3.81214 2 0 7.54077 -39.5293 66.6128 49.0859 1.63542 2.38333 -2.48546 3.81214 0 0 0 0 6.26556 85.4147 132.534 1234 8.49513
0.000270916994715022922 1.82449 1 148520 29.635 28.7636 16.0777 0 85.4265 1 1 81.3997 -3.83413 202.167 146.154 -77.4788 -35.5732 -5.41121 85.4265 2.789 5.49199 -0.0265781 6.15964 3.96432 88.8722 182.404 1234 7.44283
0.000270916994715022922 1.83446 0 389838 25.6043 25.0499 12.2527 0 272.536 1 1 272.536 57.5283 304.524 0 82.9261 -120.552 229.927 272.536 0 0 0 0 0 0 0 1234 8.519
0.000270916994715022922 1.86171 0 317218 27.6888 26.9794 14.261 0 106.785 1 1 106.785 -39.416 358.796 0 82.479 -1.73402 -67.8025 106.785 0 0 0 0 0 0 0 1234 7.91049
0.000270916994715022922 1.87537 1 400114 33.0478 16.3172 15.7945 0 5.83038 2 0 0 13.7066 337.736 332.961 -2.65045 -5.19311 0 5.83038 0 0 0 0 0 56.8664 144.351 1234 8.24358
0.000270916994715022922 1.89853 0 158093 27.0819 26.4198 13.68 0 66.3446 1 1 66.3446 -21.7572 253.568 0 -17.4307 -59.1016 -24.5922 66.3446 0 0 0 0 0 0 0 1234 8.07481
0.000270916994715022922 1.91194 1 357442 29.4466 10.1134 5.82393 0 184.607 1 1 161.604 25.5967 307.545 260.059 145.134 -95.2431 62.8054 184.607 -17.5857 -1.83215 1.14181 17.7177 19.2677 338.741 67.6963 1234 7.4772
0.000270916994715022922 2.03908 1 400538 27.298 16.2529 15.7297 0 6.42972 2 0 0 -37.1861 357.771 296.893 -5.73435 -2.90836 -0 6.42972 0 0 0 0 0 124.241 356.167 1234 8.56402
0.000270916994715022922 2.064 0 400286 26.266 27.0564 14.3427 0 110.844 1 1 110.844 41.5468 252.649 0 -24.7396 -79.1821 73.5151 110.844 0 0 0 0 0 0 0 1234 8.24667
0.000270916994715022922 2.10351 1 289177 26.4114 9.59267 5.15035 0 208.393 1 1 237.913 -27.8249 246.597 33.6941 -123.328 -147.516 -80.3546 208.393 7.87293 -9.972 -4.0119 13.3236 118.617 29.0843 29.9646 1234 8.26368
0.000270916994715022922 2.14299 1 312197 26.7273 10.0024 5.67565 0 155.805 1 1 162.401 -83.7477 343.191 172.121 23.2497 -41.048 -148.491 155.805 -0.361605 10.2546 -2.04138 10.4621 72.0009 279.589 132.044 1234 8.17745
0.000270916994715022922 2.15375 1 352926 25.0505 9.40456 4.92064 0 201.746 1 1 177.027 -24.5432 79.8532 14.6578 11.1142 188.469 -71.1151 201.746 3.49653 -8.58788 -0.321012 9.27796 20.5629 111.382 188.64 1234 8.70896
0.000270916994715022922 2.17793 1 327897 24.9449 17.7142 17.2042 0 0 1 1 0 69.485 30.0674 0 0 0 0 0 0 0 0 0 0 0 0 1234 8.63204
0.000270916994715022922 2.22872 1 368288 27.2757 9.30559 4.80267 0 320.701 1 1 264.476 21.2747 256.126 164.862 -49.1219 -304.366 88.3046 320.701 1.55101 19.4066 1.02679 19.4956 14.998 74.9633 115.943 1234 8.01189
0.000270916994715022922 2.2293 0 375945 26.9921 26.3365 13.5955 0 36.3052 1 1 36.3052 10.2514 144.02 0 -28.9098 20.989 6.46114 36.3052 0 0 0 0 0 0 0 1234 8.09995
0.000270916994715022922 2.30826 1 372339 27.0763 26.4146 13.6781 0 187.801 1 1 188.868 8.19765 128.036 348.936 -110.217 149.665 26.8641 187.801 -6.13887 -3.07106 0.0544625 6.86441 169.976 205.179 316.713 1234 8.07638
0.000270916994715022922 2.35645 0 360768 26.7289 26.0933 13.3419 0 126.907 1 1 126.907 -13.4637 352.48 0 122.358 -16.1526 -29.5476 126.907 0 0 0 0 0 0 0 1234 8.17497
0.000270916994715022922 2.3588 0 400215 26.854 26.4074 13.6711 0 187.561 1 1 187.561 -43.3621 332.844 0 121.331 -62.2368 -128.781 187.561 0 0 0 0 0 0 0 1234 8.12726
0.000270916994715022922 2.40594 0 355714 28.8143 28.0129 15.3244 0 106.678 1 1 106.678 -46.2739 42.8971 0 54.0182 50.1917 -77.0912 106.678 0 0 0 0 0 0 0 1234 7.62986
0.000270916994715022922 2.82929 1 328845 29.4868 10.1083 5.81698 0 114.881 1 1 150.169 -16.0873 311.484 125.541 106.061 -38.3528 21.8618 114.881 5.59912 -6.2725 -10.4741 13.4313 27.1339 169.683 221.789 1234 7.46834
0.000270916994715022922 2.82988 0 230278 25.5829 25.0301 12.232 0 227.818 1 1 227.818 78.9627 114.284 0 -17.9373 39.7563 223.604 227.818 0 0 0 0 0 0 0 1234 8.52594
0.000270916994715022922 2.94915 0 388256 25.829 25.2591 12.4731 0 203.12 1 1 203.12 -8.05262 2.41229 0 200.939 8.465 -28.4535 203.12 0 0 0 0 0 0 0 1234 8.44702
0.000270916994715022922 3.09984 0 400522 27.2218 26.5633 13.8306 0 154.99 1 1 154.99 5.50702 11.674 0 151.084 31.2163 14.8741 154.99 0 0 0 0 0 0 0 1234 8.03523
0.000270916994715022922 3.2068 0 198411 27.8726 27.1487 14.4391 0 227.975 1 1 227.975 -39.3616 219.044 0 -136.895 -111.03 -144.584 227.975 0 0 0 0 0 0 0 1234 7.86258
0.000270916994715022922 7.73241 1 400532 35.7799 18.618 18.1173 0 4.78973 2 0 0 16.9408 154.351 144.122 2.80708 3.88095 0 4.78973 0 0 0 0 0 219.197 20.6823 1234 7.76244
0.000303690353550833915 0.13222 1 25640 23.6541 8.1802 3.53544 0 345.149 1 1 300.256 33.3519 240.958 151.734 -132.948 -277.065 157.123 345.149 6.34897 15.9963 0.900637 17.2338 25.7361 20.2033 128.834 1234 9.21044
0.000303690353550833915 0.182677 1 27615 23.8626 9.11091 4.59416 0 163.342 1 1 129.628 11.858 239.452 162.955 -34.1973 -158.277 21.4371 163.342 -1.21764 30.0906 1.19839 30.139 6.0878 292.703 330.422 1234 9.12426
0.000303690353550833915 0.213339 0 80499 23.3078 22.9022 10.0631 0 208.223 1 1 208.223 -33.4548 335.445 0 158.015 -72.193 -114.789 208.223 0 0 0 0 0 0 0 1234 9.36372
0.000303690353550833915 0.235397 1 400019 26.0642 15.0568 14.5248 0 5.29698 2 0 0 79.859 3.15833 195.487 -1.41437 5.10466 0 5.29698 0 0 0 0 0 129.132 270.704 1234 9.16544
0.000303690353550833915 0.254071 0 19983 24.9028 24.3965 11.5775 0 290.149 1 1 290.149 -38.8174 330.549 0 196.856 -111.153 -181.877 290.149 0 0 0 0 0 0 0 1234 8.75487
0.000303690353550833915 0.193225 1 16058 23.3426 22.9348 10.0971 0 109.303 1 1 110.838 -5.87928 67.9231 122.801 40.428 100.916 -11.3441 109.303 1.12198 1.29896 -0.00513504 1.71644 173.954 155.603 169.666 1234 9.34923
0.000303690353550833915 0.197489 1 55468 22.7362 22.3639 9.53303 0 317.218 1 1 318.672 38.4094 299.346 75.8124 118.605 -217.85 197.741 317.218 3.88832 0.135408 0.121801 3.89258 103.212 2.79752 100.328 1234 9.61039
0.000303690353550833915 0.308763 0 153772 23.3361 22.9287 10.0899 0 208.235 1 1 208.235 43.4035 257.487 0 -32.7779 -147.696 143.085 208.235 0 0 0 0 0 0 0 1234 9.35194
0.000303690353550833915 0.320169 0 58620 23.5657 23.1446 10.3041 0 208.872 1 1 208.872 -42.1432 67.0071 0 60.4957 142.568 -140.15 208.872 0 0 0 0 0 0 0 1234 9.25767
0.000303690353550833915 0.343492 1 24799 22.934 22.5503 7.95095 0 134.294 1 1 114.448 -16.8921 224.047 138.862 -84.6893 -99.4963 -31.034 134.294 9.99829 17.464 -0.809348 20.1398 11.3645 9.71557 164.032 1234 9.52312
0.000303690353550833915 0.364305 1 56186 23.8133 8.18097 3.53618 0 13.7468 1 0 49.1427 -66.2103 326.133 81.9554 12.6494 -2.69164 -4.66074 13.7468 0 0 0 0 27.6603 98.4993 -84.5162 1234 9.14662
0.000303690353550833915 0.428421 1 157035 23.5666 8.10394 3.4627 0 174.025 1 1 250.685 -37.8174 292.025 335.495 70.7193 -88.1802 -132.317 174.025 -4.83268 -22.7765 -2.52392 23.4199 102.248 199.171 294.574 1234 9.24507
0.000303690353550833915 0.440506 0 209744 22.3155 21.9668 9.14679 0 339.66 1 1 339.66 -52.3248 341.777 0 197.183 -64.9193 -268.836 339.66 0 0 0 0 0 0 0 1234 9.80299
0.000303690353550833915 0.444531 0 71389 22.5273 22.1669 9.3415 0 146.471 1 1 146.471 39.5366 340.119 0 106.229 -38.4152 93.2395 146.471 0 0 0 0 0 0 0 1234 9.70477
0.000303690353550833915 0.474287 0 88467 22.4943 22.1356 9.31096 0 164.986 1 1 164.986 9.96344 254.196 0 -44.2569 -156.355 28.5458 164.986 0 0 0 0 0 0 0 1234 9.71991
0.000303690353550833915 0.490337 0 62608 23.2739 22.8705 10.032 0 263.972 1 1 263.972 26.8924 298.673 0 112.961 -206.555 119.399 263.972 0 0 0 0 0 0 0 1234 9.37789
0.000303690353550833915 0.534933 1 142279 23.0498 22.6594 9.82341 0 157.392 1 1 153.742 25.3661 75.4969 315.708 38.1842 137.919 65.518 157.392 -4.73231 -4.34759 0.215698 6.42984 29.2542 335.43 126.42 1234 9.47301
0.000303690353550833915 0.540336 1 136465 24.8454 8.72738 4.15357 0 232 1 1 230.922 76.804 132.779 7.36014 -54.9947 81.8001 210.02 232 3.22131 -12.1248 1.79872 12.6738 64.2109 194.894 200.871 1234 8.7654
0.000303690353550833915 0.542477 0 9402 24.0297 23.58 10.7429 0 156.136 1 1 156.136 -35.2538 38.1097 0 100.322 78.6899 -90.1216 156.136 0 0 0 0 0 0 0 1234 9.07463
0.000303690353550833915 0.544672 0 88276 24.3787 23.9066 11.0747 0 241.013 1 1 241.013 -13.2217 72.0362 0 72.3619 223.187 -55.1245 241.013 0 0 0 0 0 0 0 1234 8.94314
0.000303690353550833915 0.549597 1 126773 23.9955 23.5478 10.7098 0 200.583 1 1 202.417 6.04696 149.548 148.073 -179.337 87.3131 21.1729 200.583 9.2073 18.5087 0.10443 20.6726 27.0193 91.3762 20.5896 1234 9.08779
0.000303690353550833915 0.559862 1 25812 22.4449 8.4372 3.85359 0 226.05 1 1 208.268 34.0052 341.806 291.62 192.134 -34.6812 113.932 226.05 -9.52752 -4.89446 0.352157 10.717 32.7618 21.2592 21.7899 1234 9.75548
0.000303690353550833915 0.565803 0 400150 24.5159 24.6105 11.7972 0 157.301 1 1 157.301 69.3563 225.651 0 -38.766 -39.6573 147.201 157.301 0 0 0 0 0 0 0 1234 8.8374
0.000303690353550833915 0.598383 0 400166 23.8694 23.4296 10.5926 0 263.41 1 1 263.41 -45.8646 54.0248 0 107.751 148.442 -189.048 263.41 0 0 0 0 0 0 0 1234 9.13679
0.000303690353550833915 0.605605 1 105784 23.3842 8.18958 3.54448 0 296.981 1 1 257.796 16.7382 351.807 240.682 285.245 -43.8807 70.0547 296.981 -12.1264 5.17014 0.48178 13.1913 13.7976 304.073 359.946 1234 9.32196
0.000303690353550833915 0.619351 1 44872 24.1823 23.7231 10.8891 0 100.724 1 1 97.9457 -43.9647 244.986 110.208 -34.1067 -66.7737 -67.2557 100.724 5.13139 2.99617 -0.424671 5.95722 43.211 302.475 3.72894 1234 9.01651
0.000303690353550833915 0.626022 1 324082 23.0526 22.662 9.82651 0 296.648 1 1 302.083 -1.91605 68.5078 176.719 110.594 275.077 -10.0861 296.648 0.171514 6.61469 -0.00819086 6.61692 177.884 167.923 178.769 1234 9.4718
0.000303690353550833915 0.628161 1 267218 23.8726 9.11523 4.59913 0 162.054 1 1 202.651 79.4973 261.685 274.314 46.6458 13.1461 154.638 162.054 -38.1054 -15.9786 12.7731 43.2491 58.5685 37.4875 232.614 1234 9.12033
0.000303690353550833915 0.640401 1 285447 22.9598 22.5745 9.73933 0 241.453 1 1 238.459 -11.101 336.285 336.307 220.339 -87.4542 -45.8479 241.453 -8.68279 -8.82506 -0.0438477 12.3804 14.2213 210.973 288.701 1234 9.51192
0.000303690353550833915 0.657111 0 160271 22.6437 22.2767 9.44851 0 196.318 1 1 196.318 59.987 37.6833 0 77.7137 60.0279 169.994 196.318 0 0 0 0 0 0 0 1234 9.65189
0.000303690353550833915 0.620635 1 241380 24.7701 24.2726 11.4492 0 271.357 1 1 270.502 -76.1294 126.81 17.7956 -40.7533 55.2387 -262.531 271.357 2.02025 -3.61158 -0.0495424 4.13852 74.5195 213.279 319.649 1234 8.80153
0.000303690353550833915 0.683916 0 255234 22.4099 22.056 9.23358 0 213.546 1 1 213.546 88.1226 33.0094 0 5.86676 3.81129 213.431 213.546 0 0 0 0 0 0 0 1234 9.75889
0.000303690353550833915 0.69416 1 116480 23.7921 23.3573 10.5189 0 264.974 1 1 260.443 -41.7881 17.8484 285.167 190.823 61.3329 -173.308 264.974 -7.85573 -2.14183 -0.163466 8.14412 39.841 172.76 68.4502 1234 9.16716
0.000303690353550833915 0.696375 0 224684 23.0439 22.6539 9.81766 0 162.483 1 1 162.483 26.0155 50.7886 0 92.311 113.139 71.2673 162.483 0 0 0 0 0 0 0 1234 9.47552
0.000303690353550833915 0.70584 0 400213 22.7355 22.5528 9.71829 0 281.576 1 1 281.576 -53.2767 300.885 0 86.4265 -144.494 -225.693 281.576 0 0 0 0 0 0 0 1234 9.5883
0.000303690353550833915 0.727022 0 145180 23.807 23.3712 10.5334 0 236.866 1 1 236.866 -39.4071 152.14 0 -161.802 85.5265 -150.369 236.866 0 0 0 0 0 0 0 1234 9.1613
0.000303690353550833915 0.735331 0 393883 22.3116 21.9632 9.1433 0 279.209 1 1 279.209 19.4566 190.397 0 -258.942 -47.5089 93.0027 279.209 0 0 0 0 0 0 0 1234 9.80479
0.000303690353550833915 0.771041 1 174407 23.4844 8.02917 3.39253 0 256.3 1 1 382.727 15.812 185.616 288.409 -239.541 41.6303 81.0982 256.3 -27.4388 -13.1236 2.61283 30.5277 156.895 222.366 328.386 1234 9.27801
0.000303690353550833915 0.80653 0 252184 22.4537 22.0972 9.27365 0 422.05 1 1 422.05 11.0679 213.904 0 -343.777 -231.04 81.0222 422.05 0 0 0 0 0 0 0 1234 9.73862
0.000303690353550833915 0.819726 0 93850 23.561 23.1402 10.2998 0 363.706 1 1 363.706 31.5336 16.4631 0 297.289 87.8528 190.218 363.706 0 0 0 0 0 0 0 1234 9.25958
0.000303690353550833915 0.820356 0 148387 23.1952 22.7962 9.95892 0 134.967 1 1 134.967 7.85367 52.2456 0 81.8622 105.71 18.4424 134.967 0 0 0 0 0 0 0 1234 9.41102
0.000303690353550833915 0.821046 0 400142 24.6811 24.1906 11.3835 0 168.565 1 1 168.565 1.01803 333.85 0 151.287 -74.2794 2.99492 168.565 0 0 0 0 0 0 0 1234 8.83312
0.000303690353550833915 0.848983 1 129001 22.3046 21.9565 9.13689 0 200.443 1 1 213.681 29.2418 205.901 255.677 -150.304 -83.0005 103.427 200.443 -17.3971 3.02987 0.472547 17.6653 136.118 19.136 237.982 1234 9.8081
0.000303690353550833915 0.850944 1 156305 24.5023 8.40784 3.8242 0 44.922 1 1 177.337 13.3998 103.959 250.009 -31.0711 -5.64746 -31.9481 44.922 -11.9937 23.9868 8.47033 28.124 79.0817 45.0136 200.612 1234 8.88595
0.000303690353550833915 0.855785 0 138019 23.3105 22.9047 10.0658 0 305.334 1 1 305.334 -47.0067 312.88 0 141.681 -152.573 -223.332 305.334 0 0 0 0 0 0 0 1234 9.36258
0.000303690353550833915 0.869352 1 280785 23.8124 23.3762 10.5372 0 161.045 1 1 173.587 8.17599 123.777 233.227 -83.3625 135.638 24.2594 161.045 -9.69198 6.39211 0.201176 11.6118 170.061 152.645 84.5622 1234 9.15918
0.000303690353550833915 0.859887 1 145010 24.0156 23.5667 10.7279 0 112.905 1 1 114.422 27.0446 178.42 259.489 -100.193 2.05852 52.007 112.905 -1.50462 0.69748 0.00916301 1.65844 144.692 33.5705 290.929 1234 9.08004
0.000303690353550833915 0.925633 1 162703 22.5657 22.2029 9.37655 0 114.405 1 1 118.675 -4.41983 14.9382 157.684 112.23 20.6262 -8.20409 114.405 2.74471 10.6887 -0.63998 11.054 168.025 136.993 7.47082 1234 9.68728
0.000303690353550833915 0.964447 1 66829 23.6735 23.246 10.4065 0 313.127 1 1 314.823 53.2997 102.962 136.444 -44.7251 179.931 252.335 313.127 3.0743 4.03081 0.0502631 5.06965 115.816 2.19323 264.662 1234 9.21429
0.000303690353550833915 0.902983 1 237249 23.1935 22.7946 9.95702 0 223.568 1 1 222.862 -66.7239 358.048 328.916 89.9558 -0.573639 -204.672 223.568 -1.89245 -2.30995 -0.0249757 2.98628 71.1695 288.988 168.333 1234 9.41174
0.000303690353550833915 0.989472 0 234794 22.9911 22.6041 9.76948 0 318.984 1 1 318.984 -31.1491 228.443 0 -181.094 -204.281 -165 318.984 0 0 0 0 0 0 0 1234 9.49833
0.000303690353550833915 0.992709 1 276362 22.5448 8.04985 3.41348 0 412.408 1 1 408.678 -55.9171 21.2596 4.27554 203.752 127.577 -335.096 412.408 1.4399 -10.7309 -0.339527 10.8324 69.8492 300.451 142.544 1234 9.69074
0.000303690353550833915 1.06124 1 218875 23.6412 23.2156 10.3911 0 159.867 1 1 185.675 -49.6586 110.66 195.689 -25.2399 84.6131 -133.271 159.867 -10.8754 23.7157 -3.72144 26.3545 115.759 116.235 184.549 1234 9.22723
0.000303690353550833915 1.06202 0 270493 23.915 23.4726 10.6361 0 217.766 1 1 217.766 68.6898 243.164 0 -35.7272 -70.6163 202.876 217.766 0 0 0 0 0 0 0 1234 9.119
0.000303690353550833915 1.07937 1 343620 22.837 7.90836 3.28157 0 23.5975 1 0 151.115 27.7863 86.7495 199.041 -2.48767 22.4292 6.89826 23.5975 0 0 0 0 114.831 35.8767 107.944 1234 9.55406
0.000303690353550833915 1.10505 1 351650 23.5061 23.0886 4.94443 0 108.828 1 1 124.838 31.4271 135.545 303.364 -62.3006 87.0029 19.8134 108.828 -6.94892 -5.18298 8.19893 11.932 68.9514 48.6577 185.811 1234 9.28192
0.000303690353550833915 1.15012 0 258604 22.4381 22.0825 9.25936 0 315.041 1 1 315.041 -33.7481 74.2739 0 70.9997 252.148 -175.019 315.041 0 0 0 0 0 0 0 1234 9.74584
0.000303690353550833915 1.17224 0 348853 22.8247 22.4472 9.61492 0 148.988 1 1 148.988 -2.28674 156.02 0 -136.02 60.5033 -5.9447 148.988 0 0 0 0 0 0 0 1234 9.57109
0.000303690353550833915 1.17552 0 331091 23.0135 22.6254 9.78848 0 209.033 1 1 209.033 35.2035 295.257 0 72.8782 -154.474 120.504 209.033 0 0 0 0 0 0 0 1234 9.48863
0.000303690353550833915 1.19471 0 201278 22.9288 22.5454 9.71153 0 98.2914 1 1 98.2914 -42.3684 246.14 0 -29.3752 -66.414 -66.2381 98.2914 0 0 0 0 0 0 0 1234 9.5254
0.000303690353550833915 1.21814 1 365465 24.4259 23.951 11.1201 0 58.8368 1 1 58.3635 -65.775 215.489 141.209 -20.2145 -15.0832 -53.1568 58.8368 1.01167 1.56637 -0.0489866 1.86532 64.6876 35.963 109.854 1234 8.92572
0.000303690353550833915 1.29082 0 277833 23.186 22.7876 9.94958 0 98.8959 1 1 98.8959 -58.9008 306.324 0 30.2582 -41.1558 -84.682 98.8959 0 0 0 0 0 0 0 1234 9.4149
0.000303690353550833915 1.30211 1 301470 22.65 22.2826 9.45423 0 245.566 1 1 244.956 -71.7102 288.173 161.484 23.4359 -75.6696 -232.439 245.566 0.841799 3.64948 -0.094944 3.74651 71.9922 330.367 345.923 1234 9.64907
0.000303690353550833915 1.32031 0 160875 22.3086 21.9603 9.14051 0 262.125 1 1 262.125 -29.2495 325.459 0 188.389 -129.674 -128.078 262.125 0 0 0 0 0 0 0 1234 9.80623
0.000303690353550833915 1.32939 0 308561 22.514 22.1543 9.32924 0 304.521 1 1 304.521 -0.66421 270.456 0 2.4251 -304.491 -3.53012 304.521 0 0 0 0 0 0 0 1234 9.71086
0.000303690353550833915 1.37696 0 302114 23.982 23.5352 10.6969 0 152.205 1 1 152.205 73.9069 309.123 0 26.6221 -32.7315 146.24 152.205 0 0 0 0 0 0 0 1234 9.09301
0.000303690353550833915 1.3773 0 275934 24.4318 23.9565 11.1258 0 124.234 1 1 124.234 -70.1763 193.387 0 -40.9862 -9.75415 -116.872 124.234 0 0 0 0 0 0 0 1234 8.92356
0.000303690353550833915 1.42559 0 339927 22.9285 22.5451 9.71121 0 167.728 1 1 167.728 -57.8599 210.854 0 -76.6013 -45.7621 -142.024 167.728 0 0 0 0 0 0 0 1234 9.52553
0.000303690353550833915 1.44613 0 400110 28.9896 18.2122 17.7072 0 0 1 1 0 75.4854 300.71 0 0 -0 0 0 0 0 0 0 0 0 0 1234 9.02817
0.000303690353550833915 1.45126 1 176473 22.4087 22.0549 9.23241 0 150.233 1 1 165.388 -52.2989 262.056 351.387 -14.9171 -79.1822 -126.798 150.233 -1.20459 -20.2698 -1.99244 20.4031 115.831 50.132 103.503 1234 9.75946
0.000303690353550833915 1.45283 1 289909 24.1401 23.6833 10.8481 0 134.689 1 1 135.556 18.4926 218.206 250.976 -98.7628 -80.8713 42.9759 134.689 -2.04734 1.29262 0.00990285 2.42127 87.2634 128.371 81.8467 1234 9.03248
0.000303690353550833915 1.49604 1 112368 24.8584 24.3552 11.5345 0 215.116 1 1 207.993 -23.578 44.7868 294.648 142.409 138.354 -82.7807 215.116 -8.41758 -4.321 -0.256925 9.46534 22.8721 55.0067 357.447 1234 8.7704
0.000303690353550833915 1.57136 1 327779 22.495 7.86198 3.23977 0 227.411 1 1 219.784 24.084 139.81 118.912 -192.262 86.1388 85.6231 227.411 11.0724 8.2064 0.389678 13.7875 31.2766 299.527 91.8431 1234 9.70953
0.000303690353550833915 1.59273 0 400115 27.5926 17.7413 17.2315 0 0 1 1 0 -65.1469 174.516 0 -0 0 -0 0 0 0 0 0 0 0 0 1234 9.59324
0.000303690353550833915 1.60374 0 355176 24.4134 23.9391 11.108 0 190.095 1 1 190.095 -43.3321 269.145 0 -2.06254 -138.258 -130.448 190.095 0 0 0 0 0 0 0 1234 8.93034
0.000303690353550833915 1.6414 0 278227 24.3003 23.8335 11.0025 0 269.075 1 1 269.075 -64.4649 346.979 0 113.006 -26.134 -242.792 269.075 0 0 0 0 0 0 0 1234 8.97222
0.000303690353550833915 1.65996 0 400473 23.8341 23.9809 11.1508 0 102.086 1 1 102.086 -40.8399 285.016 0 20.0104 -74.5949 -66.759 102.086 0 0 0 0 0 0 0 1234 9.09004
0.000303690353550833915 1.68257 0 283197 24.6361 24.1474 11.3229 0 152.663 1 1 152.663 18.613 125.866 0 -84.7654 117.246 48.7261 152.663 0 0 0 0 0 0 0 1234 8.84931
0.000303690353550833915 1.74119 1 355804 23.0994 8.15121 3.50765 0 70.3221 1 1 151.761 21.6054 113.442 239.306 30.1599 62.9677 -8.40489 70.3221 -16.7011 11.6863 7.46518 21.7077 131.659 11.565 283.109 1234 9.4432
0.000303690353550833915 1.77439 0 387423 23.3634 22.9544 10.1166 0 151.645 1 1 151.645 64.1056 227.65 0 -44.6137 -48.9433 136.42 151.645 0 0 0 0 0 0 0 1234 9.3406
0.000303690353550833915 1.77996 0 323862 24.518 24.037 11.2085 0 103.031 1 1 103.031 81.5416 7.72999 0 15.0173 2.03842 101.911 103.031 0 0 0 0 0 0 0 1234 8.89202
0.000303690353550833915 1.78718 0 359769 23.6843 23.256 10.4167 0 129.613 1 1 129.613 51.2361 3.05082 0 81.037 4.31905 101.063 129.613 0 0 0 0 0 0 0 1234 9.20999
0.000303690353550833915 1.79724 1 261467 23.0794 7.97998 3.34699 0 134.852 1 1 239.398 34.3022 253.654 359.015 -83.8881 -71.891 77.3271 134.852 2.53209 -21.2173 5.51343 22.0677 125.987 157.601 139.389 1234 9.44853
0.000303690353550833915 1.79815 0 360255 24.212 23.7508 10.9176 0 226.623 1 1 226.623 69.7498 121.26 0 -40.7033 67.0515 212.615 226.623 0 0 0 0 0 0 0 1234 9.00528
0.000303690353550833915 1.79996 1 317947 22.9578 7.90134 3.27522 0 247.992 1 1 200.819 -12.3157 348.401 274.769 244.771 -7.36798 -39.156 247.992 -18.4833 -4.65871 -0.413966 19.0659 8.40768 5.70236 3.04984 1234 9.50037
0.000303690353550833915 1.82291 0 378173 23.922 23.4792 10.6403 0 218.072 1 1 218.072 73.6025 238.788 0 -31.9017 -52.651 209.202 218.072 0 0 0 0 0 0 0 1234 9.11625
0.000303690353550833915 1.83513 1 263522 24.4643 9.08918 4.55172 0 16.5129 1 1 70.8872 50.5823 159.359 199.562 -2.68957 3.28083 15.9586 16.5129 -6.67852 6.29964 4.92827 10.42 69.2447 39.0676 116.851 1234 8.91463
0.000303690353550833915 1.95309 1 324903 22.3403 7.94651 3.31628 0 11.0008 1 0 49.3493 -6.83177 158.457 235.034 -9.5894 5.36066 -0.569055 11.0008 0 0 0 0 27.3068 217.152 2.865 1234 9.78528
0.000303690353550833915 1.95319 0 340988 23.1465 22.7506 9.91309 0 203.044 1 1 203.044 -53.0176 191.605 0 -119.648 -24.5719 -162.196 203.044 0 0 0 0 0 0 0 1234 9.43165
0.000303690353550833915 1.99787 1 351627 23.1908 8.01645 3.3807 0 141.015 1 1 178.883 14.8606 40.6209 49.8227 54.9158 123.601 39.9034 141.015 16.0717 -7.96235 0.627356 17.9469 35.4327 275.866 142.999 1234 9.40106
0.000303690353550833915 2.01732 1 361755 24.1504 8.35323 3.77 0 121.726 1 1 175.04 56.4564 243.411 27.9937 -88.1576 -48.7607 68.3215 121.726 9.22769 -12.3251 8.36711 17.5233 77.2762 59.0358 201.714 1234 9.01708
0.000303690353550833915 2.04864 0 396922 24.3454 23.8757 11.0429 0 168.488 1 1 168.488 -12.9232 248.676 0 -59.7167 -152.978 -37.6814 168.488 0 0 0 0 0 0 0 1234 8.95544
0.000303690353550833915 2.05627 0 400476 22.6282 22.2647 9.43687 0 213.66 1 1 213.66 58.6158 212.83 0 -93.4965 -60.3247 182.4 213.66 0 0 0 0 0 0 0 1234 9.65856
0.000303690353550833915 2.16601 0 355044 24.7037 24.2108 11.3885 0 50.1822 1 1 50.1822 22.8901 169.962 0 -45.5228 8.0579 19.5191 50.1822 0 0 0 0 0 0 0 1234 8.8251
0.000303690353550833915 2.26138 1 374750 23.6211 8.6157 4.03608 0 123.115 1 1 112.623 40.9758 256.669 118.749 -30.6043 -103.481 59.2661 123.115 6.29618 5.25134 1.78207 8.39013 34.1797 299.229 275.116 1234 9.23431
0.000303690353550833915 2.28459 0 400465 24.273 23.8134 10.9819 0 151.877 1 1 151.877 31.2537 335.517 0 118.162 -53.8062 78.7982 151.877 0 0 0 0 0 0 0 1234 8.98178
0.000303690353550833915 2.41141 0 391426 24.8681 24.3642 11.5438 0 38.7091 1 1 38.7091 -46.5158 321.779 0 20.9274 -16.4809 -28.0859 38.7091 0 0 0 0 0 0 0 1234 8.76701
0.000303690353550833915 2.51581 1 395608 22.4234 8.01854 3.38265 0 237.421 1 1 228.144 -65.6583 250.146 190.923 -14.4165 -126.089 -200.655 237.421 -3.09893 10.4026 -0.76692 10.8815 56.5857 342.917 24.6723 1234 9.74789
0.000303690353550833915 2.73011 1 361260 23.433 8.65109 4.07308 0 222.9 1 1 254.008 -41.9837 72.1424 124.383 27.0139 147.253 -165.139 222.9 7.90627 6.71477 -0.549559 10.3875 120.028 27.3952 111.392 1234 9.31488
0.000303690353550833915 2.89401 0 189221 23.2175 22.8172 9.98007 0 215.563 1 1 215.563 19.8527 237.663 0 -108.451 -171.309 73.206 215.563 0 0 0 0 0 0 0 1234 9.40157
0.000303690353550833915 3.39496 0 129961 24.0305 23.5808 10.7437 0 253.902 1 1 253.902 -31.7253 264.527 0 -20.5961 -214.98 -133.514 253.902 0 0 0 0 0 0 0 1234 9.07432
0.000303690353550833915 3.5117 1 400216 24.6868 14.9256 14.3927 0 6.26764 2 0 0 6.31426 66.1582 301.8 -5.32682 -3.30277 0 6.26764 0 0 0 0 0 15.4068 248.564 1234 9.28382
0.000303690353550833915 3.63312 0 396749 22.352 22.0011 9.18016 0 188.975 1 1 188.975 -37.245 169.276 0 -147.807 27.9917 -114.372 188.975 0 0 0 0 0 0 0 1234 9.78589
0.000303690353550833915 3.64559 1 320554 22.8198 8.07883 3.439 0 428.756 1 1 411.08 -44.5725 231.059 90.1081 -225.627 -234.609 -279.075 428.756 10.9707 0.707694 -0.957582 11.0351 49.5589 85.072 89.3603 1234 9.56556
0.000303690353550833915 3.83618 0 400171 28.5364 18.1266 17.6207 0 0 1 1 0 14.9653 189.503 0 -0 -0 0 0 0 0 0 0 0 0 0 1234 9.40596
0.000332120691189494459 0.211363 1 101198 21.9129 21.5858 8.78305 0 97.1725 1 1 95.2375 60.7706 272.3 186.686 5.1476 -53.4276 81.003 97.1725 -2.17032 8.91181 1.08142 9.23581 51.9091 299.761 351.749 1234 9.99678
0.000332120691189494459 0.246099 0 222410 21.9964 21.665 8.8586 0 80.8624 1 1 80.8624 6.20897 14.0852 0 77.9712 19.5637 8.74568 80.8624 0 0 0 0 0 0 0 1234 9.95577
0.000332120691189494459 0.269077 0 187017 21.6403 21.3274 8.54006 0 261.775 1 1 261.775 52.0355 155.132 0 -146.105 67.7218 206.381 261.775 0 0 0 0 0 0 0 1234 10.1336
0.000332120691189494459 0.322052 1 19048 20.6156 7.72092 3.12552 0 224.757 1 1 206.522 49.8376 290.209 166.195 74.496 -173.668 121.678 224.757 0.898466 30.4954 5.89505 31.0729 32.6491 142.051 161.665 1234 10.6751
0.000332120691189494459 0.324286 1 109190 20.6365 20.3734 7.4049 0 223.933 1 1 222.589 45.5429 352.896 233.361 156.721 -21.3159 158.524 223.933 -2.83744 3.14952 0.206458 4.24419 65.5269 108 143.822 1234 10.6803
0.000332120691189494459 0.337974 1 400116 24.353 13.3762 11.3252 0 64.235 2 0 71.8836 62.4927 284.821 77.7642 37.7603 -28.734 43.2971 64.235 0 0 0 0 3.9072 40.4329 20.9095 1234 10.4783
0.000332120691189494459 0.355642 0 101015 21.73 21.4124 8.6202 0 149.718 1 1 149.718 34.4978 184.2 0 -123.058 -9.03675 84.7966 149.718 0 0 0 0 0 0 0 1234 10.0881
0.000332120691189494459 0.358839 1 57113 20.9379 20.6604 7.87663 0 445.395 1 1 446.388 4.50569 0.830142 3.52154 443.677 17.2996 35.0454 445.395 1.19867 -13.5388 0.0115413 13.5917 91.6773 22.638 25.8573 1234 10.5087
0.000332120691189494459 0.372277 0 46982 21.1364 20.8491 8.09665 0 156.394 1 1 156.394 30.412 238.535 0 -70.4025 -115.043 79.169 156.394 0 0 0 0 0 0 0 1234 10.3993
0.000332120691189494459 0.411016 0 400044 21.3621 21.193 8.41393 0 361.014 1 1 361.014 -70.4959 308.942 0 75.7586 -93.7491 -340.298 361.014 0 0 0 0 0 0 0 1234 10.2613
0.000332120691189494459 0.438511 0 40545 22.1322 21.7934 8.98185 0 359.311 1 1 359.311 -37.0298 256.368 0 -67.6044 -278.766 -216.388 359.311 0 0 0 0 0 0 0 1234 9.89
0.000332120691189494459 0.461475 1 54014 21.9671 7.60602 3.01698 0 342.279 1 1 300.696 37.307 22.2288 305.081 259.578 139.392 174.195 342.279 -12.6416 -11.0401 0.787671 16.8022 29.2828 316.648 356.401 1234 9.95855
0.000332120691189494459 0.488681 1 144670 21.0285 20.7465 8.00251 0 348.094 1 1 344.719 18.7085 294.141 212.194 135.208 -301.124 110.508 348.094 -2.11029 4.33171 0.0343811 4.81853 18.5619 152.231 140.429 1234 10.4585
0.000332120691189494459 0.484181 1 340643 21.2128 20.9216 8.16246 0 261.209 1 1 262.228 50.6536 96.643 209.543 -18.4544 163.634 202.765 261.209 -0.717561 1.41242 0.00915983 1.58427 127.55 329.9 276.112 1234 10.3579
0.000332120691189494459 0.505451 0 111762 22.0435 21.7094 8.90115 0 157.518 1 1 157.518 -38.8486 115.898 0 -53.5815 110.356 -98.8059 157.518 0 0 0 0 0 0 0 1234 9.93286
0.000332120691189494459 0.539602 0 69477 21.5248 21.2179 8.43717 0 202.256 1 1 202.256 10.5715 284.45 0 49.6117 -192.534 37.1063 202.256 0 0 0 0 0 0 0 1234 10.193
0.000332120691189494459 0.550657 0 59344 21.2974 21.002 8.23757 0 168.58 1 1 168.58 55.6181 274.815 0 7.99071 -94.8624 139.128 168.58 0 0 0 0 0 0 0 1234 10.3125
0.000332120691189494459 0.576145 1 132753 21.291 20.9959 8.23174 0 220.296 1 1 220.766 22.1818 296.281 306.987 101.583 -176.947 83.0711 220.296 -12.6495 -6.24935 0.135143 14.1097 45.6509 355.118 160.394 1234 10.316
0.000332120691189494459 0.576292 1 281424 21.3086 8.01647 3.39236 0 194.512 1 1 183.643 6.46237 21.144 346.801 140.103 133.696 18.2053 194.512 0.648423 -42.1162 0.563704 42.1249 4.96653 238.609 163.267 1234 10.2895
0.000332120691189494459 0.583796 0 102898 21.4855 21.1807 8.40219 0 423.937 1 1 423.937 -70.5688 135.999 0 -101.45 97.9706 -399.79 423.937 0 0 0 0 0 0 0 1234 10.2134
0.000332120691189494459 0.58795 1 137829 20.6493 20.3856 7.42406 0 403.152 1 1 402.74 -5.1074 237.623 232.177 -201.404 -347.4 -35.7896 403.152 -16.2936 11.762 -0.0320063 20.0954 25.5694 195.489 92.6018 1234 10.6728
0.000332120691189494459 0.599576 0 213800 20.5919 20.3308 7.33685 0 180.391 1 1 180.391 34.4147 178.895 0 -148.789 2.86871 101.953 180.391 0 0 0 0 0 0 0 1234 10.7062
0.000332120691189494459 0.617255 0 296225 21.1311 20.8441 8.09167 0 269.849 1 1 269.849 28.6026 194.832 0 -229.023 -60.6465 129.185 269.849 0 0 0 0 0 0 0 1234 10.4022
0.000332120691189494459 0.645799 0 567817 22.2853 9.91509 8.41045 0 266.124 1 1 266.124 -84.5786 53.7691 0 14.8607 20.2816 -264.933 266.124 0 0 0 0 0 0 0 1234 9.82212
0.000332120691189494459 0.649774 0 400307 20.9729 20.6945 7.93394 0 224.145 1 1 224.145 -10.1333 259.968 0 -38.4382 -217.275 -39.4358 224.145 0 0 0 0 0 0 0 1234 10.4891
0.000332120691189494459 0.697654 0 119786 21.835 21.5119 8.71298 0 157.293 1 1 157.293 -8.15499 258.819 0 -30.1911 -152.748 -22.3123 157.293 0 0 0 0 0 0 0 1234 10.0354
0.000332120691189494459 0.733154 0 33778 21.4566 21.1533 8.37689 0 193.391 1 1 193.391 -13.5387 243.526 0 -83.8166 -168.301 -45.2732 193.391 0 0 0 0 0 0 0 1234 10.2285
0.000332120691189494459 0.694403 1 171324 21.0167 20.7352 7.99134 0 272.558 1 1 272.238 -48.7429 170.02 135.018 -177.498 30.0475 -204.645 272.558 0.986555 1.48528 -0.00756775 1.78309 84.0875 85.1927 162.356 1234 10.465
0.000332120691189494459 0.695509 1 174191 20.6286 20.3659 7.39205 0 248.897 1 1 250.234 -36.6518 62.0762 97.8516 91.3621 176.908 -149.353 248.897 3.27427 0.538492 -0.0117858 3.31828 127.979 269.223 10.3507 1234 10.6848
0.000332120691189494459 0.777919 1 352446 21.5904 7.94283 3.31293 0 312.18 1 1 293.624 -30.1491 63.8801 286.599 138.072 241.924 -140.945 312.18 -9.50586 -3.57729 -0.794034 10.1877 33.5229 278.755 256.705 1234 10.166
0.000332120691189494459 0.755272 1 208592 20.892 20.6166 7.80257 0 253.089 1 1 251.563 -40.274 321.499 282.292 152.818 -119.43 -162.596 253.089 -2.49179 -0.020634 -0.0101296 2.4919 42.4941 293.949 95.1089 1234 10.5344
0.000332120691189494459 0.922116 0 400231 20.9785 20.7192 7.97513 0 337.067 1 1 337.067 1.48408 340.939 0 318.48 -110.039 8.72976 337.067 0 0 0 0 0 0 0 1234 10.4824
0.000332120691189494459 0.926893 1 48017 21.4992 21.1936 8.41449 0 208.359 1 1 209.375 -86.8389 313.633 51.7823 -1.10368 -9.04803 -208.159 208.359 9.21985 0.340433 -0.387793 9.23428 86.1581 160.536 356.73 1234 10.2063
0.000332120691189494459 0.99331 0 262953 20.8992 20.6234 7.81468 0 384.462 1 1 384.462 -1.79386 262.424 0 -50.6622 -380.92 -12.035 384.462 0 0 0 0 0 0 0 1234 10.5304
0.000332120691189494459 1.0083 1 23797 21.1976 7.96906 3.34834 0 46.6092 1 0 186.086 9.0045 129.074 276.708 -40.879 21.833 4.96396 46.6092 0 0 0 0 38.7253 248.198 150.012 1234 10.349
0.000332120691189494459 1.01674 1 302148 21.1636 20.875 8.11987 0 213.095 1 1 213.247 -82.4895 137.005 132.048 -21.9383 16.6958 -211.304 213.095 1.63599 2.30872 -0.0491048 2.83003 91.5632 343.605 248.496 1234 10.3845
0.000332120691189494459 1.03668 1 244310 21.0391 20.7567 8.01031 0 99.9384 1 1 100.067 58.3127 94.5889 73.2714 -7.80584 51.98 84.999 99.9384 3.51097 0.25796 0.0620341 3.52098 96.0868 17.5597 252.658 1234 10.4526
0.000332120691189494459 1.04051 0 329800 21.6204 21.3085 8.52236 0 295.927 1 1 295.927 63.6834 78.2125 0 26.8005 128.427 265.257 295.927 0 0 0 0 0 0 0 1234 10.1438
0.000332120691189494459 1.14191 0 136431 21.7538 21.4351 8.64158 0 356.478 1 1 356.478 20.3869 207.753 0 -295.71 -155.598 124.182 356.478 0 0 0 0 0 0 0 1234 10.076
0.000332120691189494459 1.14825 1 287996 21.8306 21.5078 8.70909 0 173.123 1 1 164.028 5.01933 130.247 29.2578 -111.286 131.852 14.2151 173.123 7.88111 -12.0334 0.0886824 14.3848 4.39263 228.498 156.479 1234 10.0376
0.000332120691189494459 1.18844 1 314625 21.2439 20.9514 8.19088 0 337.292 1 1 335.552 -17.8883 30.7655 296.468 276.821 162.994 -102.804 337.292 -2.34624 0.376578 -0.110975 2.37886 78.5812 356.962 245.825 1234 10.3411
0.000332120691189494459 1.19258 1 219817 22.214 7.61103 3.02122 0 363.377 1 1 328.681 -46.9325 147.996 84.5895 -264.397 101.233 -227.791 363.377 22.5854 0.568118 -1.34925 22.6328 37.4914 189.419 111.327 1234 9.83777
0.000332120691189494459 1.22302 1 329637 21.4728 21.1687 8.39117 0 163.244 1 1 161.255 -14.9531 3.41034 341.186 157.393 12.0843 -41.5912 163.244 -2.02739 -2.924 -0.00787721 3.55811 17.3825 28.3553 240.214 1234 10.22
0.000332120691189494459 1.38913 0 380248 21.1346 20.8474 8.09484 0 228.214 1 1 228.214 -46.2935 212.391 0 -133.153 -84.4721 -164.973 228.214 0 0 0 0 0 0 0 1234 10.4003
0.000332120691189494459 1.38927 1 307870 20.6193 20.3569 7.37833 0 233.848 1 1 231.234 67.2086 281.348 153.323 14.0293 -98.4223 211.663 233.848 5.3224 12.6061 0.715546 13.7024 65.1632 139.015 296.462 1234 10.6903
0.000332120691189494459 1.39653 0 155344 20.6185 20.3561 7.377 0 248.056 1 1 248.056 -39.6871 335.462 0 173.649 -79.2773 -158.407 248.056 0 0 0 0 0 0 0 1234 10.6907
0.000332120691189494459 1.40878 1 209503 21.8276 21.5049 8.70809 0 222.971 1 1 223.082 -75.0406 79.1867 291.171 18.6812 57.3227 -214.665 222.971 -11.1809 -0.610596 -0.558516 11.2115 87.5955 352.24 288.557 1234 10.0391
0.000332120691189494459 1.47894 1 393270 21.2024 20.9117 3.92233 0 138.868 1 1 139.139 78.5701 325.094 249.911 55.9229 -16.0022 126.098 138.868 -9.46644 1.83708 1.3971 9.74373 61.5599 281.615 66.7212 1234 10.3635
0.000332120691189494459 1.5614 0 315016 21.9353 21.6069 8.80311 0 300.545 1 1 300.545 43.9494 34.633 0 178.038 122.972 208.585 300.545 0 0 0 0 0 0 0 1234 9.98575
0.000332120691189494459 1.56403 0 322844 21.6943 21.3787 8.58836 0 117.895 1 1 117.895 -24.2661 318.183 0 80.102 -71.6615 -48.4521 117.895 0 0 0 0 0 0 0 1234 10.1061
0.000332120691189494459 1.59663 0 323435 20.8914 20.616 7.80146 0 309.316 1 1 309.316 -57.5071 272.096 0 6.0764 -166.052 -260.895 309.316 0 0 0 0 0 0 0 1234 10.5348
0.000332120691189494459 1.62444 0 237161 20.8284 20.5561 7.70292 0 292.595 1 1 292.595 19.7563 335.491 0 250.56 -114.235 98.9031 292.595 0 0 0 0 0 0 0 1234 10.5703
0.000332120691189494459 1.64154 1 364684 21.7305 21.4129 8.62064 0 400.773 1 1 391.254 -22.1501 90.218 333.132 3.07691 372.804 -147.061 400.773 -5.31932 -11.2399 -0.214188 12.4369 23.0095 335.652 68.9853 1234 10.0878
0.000332120691189494459 1.67978 1 400300 22.4795 13.5429 11.6656 0 17.4628 2 0 45.5714 -23.3883 327.351 230.611 -8.80074 10.8899 -10.4357 17.4628 0 0 0 0 0.932901 237.488 -178.321 1234 9.8808
0.000332120691189494459 1.71823 1 350086 21.3486 21.0507 8.28278 0 283.519 1 1 281.427 -7.52228 251.378 106.463 -91.5874 -265.779 -36.8223 283.519 3.05076 1.65386 -0.0102418 3.47023 8.51502 36.8403 236.152 1234 10.2853
0.000332120691189494459 1.74361 0 400369 22.2871 21.9396 15.0794 0 181.631 1 1 181.631 36.114 132.275 0 -98.703 108.57 107.052 181.631 0 0 0 0 0 0 0 1234 9.81633
0.000332120691189494459 1.75495 0 302870 21.0378 20.7554 8.01022 0 263.729 1 1 263.729 38.8705 69.3296 0 72.4799 192.113 165.506 263.729 0 0 0 0 0 0 0 1234 10.4533
0.000332120691189494459 1.75995 0 173044 20.6465 20.3829 7.41954 0 211.4 1 1 211.4 -63.2567 186.532 0 -94.5114 -10.8213 -188.787 211.4 0 0 0 0 0 0 0 1234 10.6744
0.000332120691189494459 1.7717 0 379389 20.8339 20.5614 7.71205 0 251.136 1 1 251.136 -62.7955 45.8525 0 79.9668 82.3825 -223.355 251.136 0 0 0 0 0 0 0 1234 10.5672
0.000332120691189494459 1.83636 0 376343 22.2726 21.9261 9.10755 0 158.332 1 1 158.332 17.8728 353.436 0 149.703 -17.2252 48.5929 158.332 0 0 0 0 0 0 0 1234 9.82317
0.000332120691189494459 1.84222 0 400156 23.8952 38.0841 16.5747 0 0 1 1 0 20.6605 183.918 0 -0 -0 0 0 0 0 0 0 0 0 0 1234 10.5929
0.000332120691189494459 1.91942 1 400456 24.1502 13.2019 10.9754 0 9.72535 2 0 61.3028 6.13218 106.505 21.98 -0.403377 9.09775 3.4133 9.72535 0 0 0 0 0.655153 6.85925 -2.10776 1234 9.87137
0.000332120691189494459 1.94638 1 231334 20.5355 7.68685 3.09591 0 465.316 1 1 509.375 -72.6484 35.75 142.048 86.7908 1.6774 -457.147 465.316 23.5373 38.1465 -5.7459 45.1904 91.2873 47.1793 61.4755 1234 10.7222
0.000332120691189494459 2.04685 0 400027 23.9113 38.6532 16.1016 0 0 1 1 0 25.7519 208.758 0 -0 -0 0 0 0 0 0 0 0 0 0 1234 10.6191
0.000332120691189494459 2.12855 0 347573 21.5461 21.2381 8.45627 0 245.851 1 1 245.851 -63.4719 330.591 0 95.6564 -53.9191 -219.967 245.851 0 0 0 0 0 0 0 1234 10.182
0.000332120691189494459 2.26141 0 287249 21.5372 21.2297 8.44816 0 293.914 1 1 293.914 67.1185 249.065 0 -40.8334 -106.738 270.786 293.914 0 0 0 0 0 0 0 1234 10.1866
0.000332120691189494459 2.33525 0 400438 21.7294 21.9593 9.13955 0 327.746 1 1 327.746 3.63907 90.8138 0 -4.6455 327.053 20.8024 327.746 0 0 0 0 0 0 0 1234 10.0104
0.000332120691189494459 2.3972 0 382626 21.9042 21.5776 8.77526 0 199.116 1 1 199.116 -11.4023 4.92813 0 194.465 16.7677 -39.3645 199.116 0 0 0 0 0 0 0 1234 10.0011
0.000332120691189494459 2.40685 0 400358 26.0674 17.2159 16.7011 0 0 1 1 0 -22.9011 339.648 0 0 -0 -0 0 0 0 0 0 0 0 0 1234 10.0633
0.000332120691189494459 2.42199 1 352496 21.6277 7.78518 3.17152 0 615.694 1 1 576.852 -0.320923 216.569 115.295 -496.81 -363.66 -3.20749 615.694 9.40477 4.87621 -0.00245564 10.5937 0.298519 221.843 44.6454 1234 10.1387
0.000332120691189494459 2.52592 1 383052 21.6865 21.3713 8.58158 0 268.592 1 1 270.19 0.309001 337.798 82.3221 250.111 -97.9081 0.250603 268.592 1.51797 -2.05057 0.749183 2.65901 12.9 47.901 50.4312 1234 10.1101
0.000332120691189494459 2.57953 0 381059 21.3387 21.0412 8.27401 0 423.096 1 1 423.096 6.33104 267.228 0 -20.3386 -420.023 46.656 423.096 0 0 0 0 0 0 0 1234 10.2906
0.000332120691189494459 2.64349 0 384996 21.3549 21.0568 8.28851 0 250.989 1 1 250.989 -6.07698 209.045 0 -218.192 -121.168 -26.5708 250.989 0 0 0 0 0 0 0 1234 10.282
0.000344015827989332999 0.0826029 1 117367 20.2599 20.014 6.77151 0 194.313 1 1 196.886 -10.8368 156.556 197.166 -176.122 73.2901 -36.9732 194.313 -1.38392 4.90769 -0.0221478 5.09913 156.215 324.696 213.191 1234 10.9045
0.000344015827989332999 0.221663 1 4473 20.0771 19.8395 6.50475 0 176.101 1 1 178.688 -0.778303 329.092 43.5317 151.062 -90.4762 -2.42604 176.101 2.33261 -1.42174 -0.000453002 2.73174 179.179 143.075 12.6242 1234 11.0175
0.000344015827989332999 0.28649 0 400204 20.1417 19.9012 6.59838 0 199.248 1 1 199.248 69.6401 179.344 0 -69.317 0.793168 186.8 199.248 0 0 0 0 0 0 0 1234 10.9773
0.000344015827989332999 0.362438 0 48731 20.371 20.1199 6.93668 0 339.089 1 1 339.089 -65.466 358.505 0 140.753 -3.67355 -308.474 339.089 0 0 0 0 0 0 0 1234 10.8372
0.000344015827989332999 0.385087 0 400159 23.4986 37.6781 16.9361 0 0 1 1 0 7.6492 245.818 0 -0 -0 0 0 0 0 0 0 0 0 0 1234 10.8595
0.000344015827989332999 0.47385 1 49086 20.0123 19.7776 6.41166 0 337.35 1 1 337.054 -47.2578 343.21 170.008 218.159 -73.3242 -246.647 337.35 1.58585 10.3395 -0.445676 10.4699 79.3706 324.311 200.062 1234 11.0583
0.000344015827989332999 0.509071 0 51908 20.1636 19.9221 6.63012 0 404.853 1 1 404.853 -51.2549 57.2233 0 137.171 213.038 -315.76 404.853 0 0 0 0 0 0 0 1234 10.9637
0.000344015827989332999 0.546307 0 102213 20.0026 19.7683 6.39777 0 267.747 1 1 267.747 -61.1888 349.668 0 126.942 -23.1432 -234.603 267.747 0 0 0 0 0 0 0 1234 11.0644
0.000344015827989332999 0.578438 1 93221 20.5497 20.2907 7.27222 0 301.009 1 1 303.158 -32.3013 159.249 298.511 -236.99 90.5849 -161.977 301.009 -2.9878 0.248653 -0.00970016 2.99815 145.281 284.764 74.8692 1234 10.7309
0.000344015827989332999 0.622035 0 295437 20.1255 19.8858 6.57495 0 434.049 1 1 434.049 -43.0113 243.726 0 -140.494 -284.596 -296.084 434.049 0 0 0 0 0 0 0 1234 10.9873
0.000344015827989332999 0.668981 0 504727 20.8248 34.9713 18.8513 0 0 1 1 0 35.1743 128.98 0 -0 0 0 0 0 0 0 0 0 0 0 1234 10.7775
0.000344015827989332999 0.70094 1 81508 19.979 19.7457 6.36397 0 235.381 1 1 232.162 -21.0139 229.188 70.7539 -146.615 -164.316 -83.1157 235.381 5.33971 0.235835 -0.0488958 5.34514 21.9515 73.9985 61.3249 1234 11.0794
0.000344015827989332999 0.709561 0 102984 20.4744 20.2187 7.15745 0 387.724 1 1 387.724 -28.5347 106.14 0 -94.6889 327.201 -185.212 387.724 0 0 0 0 0 0 0 1234 10.7754
0.000344015827989332999 0.860713 1 185064 20.1823 19.94 6.66652 0 372.408 1 1 369.115 62.9157 247.595 190.29 -61.9565 -164.592 328.266 372.408 -1.76084 9.23607 0.133241 9.40337 63.6807 163.509 73.59 1234 10.9521
0.000344015827989332999 0.89132 0 388291 20.4927 20.2362 7.18512 0 177.039 1 1 177.039 25.7293 184.472 0 -159.001 -12.4358 76.8562 177.039 0 0 0 0 0 0 0 1234 10.7646
0.000344015827989332999 0.89319 0 400278 20.5088 20.2512 7.20782 0 263.59 1 1 263.59 6.0685 298.305 0 124.285 -230.773 27.866 263.59 0 0 0 0 0 0 0 1234 10.755
0.000344015827989332999 0.896835 0 400242 19.9485 36.7983 17.6889 0 0 1 1 0 46.437 346.204 0 0 -0 0 0 0 0 0 0 0 0 0 1234 10.9022
0.000344015827989332999 0.954425 0 400463 20.4295 20.1756 7.09007 0 253.77 1 1 253.77 12.9042 308.482 0 153.925 -193.635 56.6724 253.77 0 0 0 0 0 0 0 1234 10.8021
0.000344015827989332999 1.02864 1 320462 20.034 19.7984 6.44286 0 265.398 1 1 262.383 -8.20115 359.463 327.421 262.747 -0.401254 -37.4162 265.398 -4.69568 -2.97328 -0.00659524 5.55786 8.02386 224.875 264.83 1234 11.0446
0.000344015827989332999 1.10615 1 300813 19.9856 19.752 6.37352 0 345.935 1 1 348.525 56.0014 343.698 357.244 186.919 -39.7257 288.364 345.935 -0.588356 -15.5544 0.213523 15.567 91.9197 82.1754 217.193 1234 11.0752
0.000344015827989332999 1.20092 0 227213 20.3067 20.0588 6.84105 0 187.526 1 1 187.526 -56.9829 234.352 0 -59.5509 -83.0339 -157.242 187.526 0 0 0 0 0 0 0 1234 10.876
0.000344015827989332999 1.246 0 188947 20.2331 19.9885 6.73204 0 324.444 1 1 324.444 -8.0147 347.708 0 313.91 -68.3983 -45.2363 324.444 0 0 0 0 0 0 0 1234 10.9209
0.000344015827989332999 1.28103 0 208037 20.1997 19.9567 6.68312 0 197.974 1 1 197.974 21.5915 148.857 0 -157.552 95.2031 72.8518 197.974 0 0 0 0 0 0 0 1234 10.9414
0.000344015827989332999 1.58341 1 368647 20.3222 20.0735 3.65336 0 202.752 1 1 210.024 -33.0109 67.5129 71.6022 32.2142 165.921 -111.986 202.752 12.3788 -2.79986 -0.377479 12.6971 72.8562 101.028 184.368 1234 10.8666
0.000344015827989332999 1.58497 1 241145 20.222 19.978 6.71585 0 203.475 1 1 208.345 -36.9376 159.443 225.776 -151.495 53.3314 -124.928 203.475 -4.89678 6.39537 -0.125075 8.05574 128.018 147.878 42.5942 1234 10.9277
0.000344015827989332999 1.66485 0 346497 20.2003 19.9573 6.684 0 472.321 1 1 472.321 -9.67574 186.6 0 -462.516 -53.5168 -79.384 472.321 0 0 0 0 0 0 0 1234 10.941
0.000344015827989332999 1.72486 0 375419 20.1025 19.8638 6.54143 0 307.402 1 1 307.402 47.7034 72.4241 0 62.4688 197.215 227.376 307.402 0 0 0 0 0 0 0 1234 11.0016
0.000344015827989332999 2.09473 0 356304 20.4331 20.1795 7.09665 0 73.6616 1 1 73.6616 20.5745 352.116 0 68.3114 -9.45906 25.8865 73.6616 0 0 0 0 0 0 0 1234 10.8
0.000344015827989332999 2.12824 0 348674 19.9852 19.7516 6.37292 0 244.817 1 1 244.817 26.1259 298.874 0 106.139 -192.479 107.804 244.817 0 0 0 0 0 0 0 1234 11.0755
0.000344015827989332999 2.44782 1 380588 20.0457 19.8095 6.45965 0 397.103 1 1 401.464 47.7319 179.897 194.296 -263.831 -17.0262 296.3 397.103 -5.11424 17.7983 0.280768 18.5207 95.4928 160.164 91.6163 1234 11.0373
0.000344015827989332999 2.60543 0 104098 20.3815 20.13 6.95248 0 328.805 1 1 328.805 -9.90823 342.276 0 308.525 -98.6078 -56.5776 328.805 0 0 0 0 0 0 0 1234 10.8309
0.000344015827989332999 2.99457 1 390534 20.3027 7.58771 3.01112 0 137.506 1 1 178.985 -34.1754 268.843 266.485 63.1081 -92.0008 -80.3819 137.506 -37.2215 -8.73784 -3.69735 38.4117 36.078 239.644 302.214 1234 10.8611
0.000363116515581104256 0.283227 0 62711 19.3925 19.1843 5.56128 0 134.3 1 1 134.3 61.6459 334.328 0 57.4858 -27.631 118.188 134.3 0 0 0 0 0 0 0 1234 11.4673
0.000363116515581104256 0.295011 0 85861 19.3119 19.107 5.45554 0 206.26 1 1 206.26 -67.4346 12.7856 0 77.1872 17.5161 -190.469 206.26 0 0 0 0 0 0 0 1234 11.5232
0.000363116515581104256 0.359483 1 83864 19.2887 19.0847 5.42498 0 188.74 1 1 195.389 2.97516 137.544 192.554 -141.7 124.264 10.1166 188.74 -2.07694 8.79816 0.00909988 9.03999 175.846 119.056 233.466 1234 11.5393
0.000363116515581104256 0.385421 0 400073 19.1659 18.9696 5.27053 0 608.355 1 1 608.355 -6.87559 316.624 0 439.013 -414.8 -72.8285 608.355 0 0 0 0 0 0 0 1234 11.6256
0.000363116515581104256 0.395489 0 316588 19.7086 19.487 5.98631 0 317.097 1 1 317.097 -50.0707 25.8758 0 183.121 88.8233 -243.161 317.097 0 0 0 0 0 0 0 1234 11.2543
0.000363116515581104256 0.414214 0 62924 19.3234 19.1181 5.47043 0 285.694 1 1 285.694 62.1127 103.7 0 -31.6495 129.827 252.517 285.694 0 0 0 0 0 0 0 1234 11.5151
0.000363116515581104256 0.482429 0 400319 19.1973 18.9984 5.30893 0 392.316 1 1 392.316 30.5878 190.228 0 -332.358 -59.9681 199.633 392.316 0 0 0 0 0 0 0 1234 11.6034
0.000363116515581104256 0.486388 0 261734 19.2392 19.0372 5.36142 0 267.267 1 1 267.267 -46.4802 141.746 0 -144.524 113.949 -193.805 267.267 0 0 0 0 0 0 0 1234 11.5741
0.000363116515581104256 0.514408 0 260402 19.3373 19.1314 5.48845 0 209 1 1 209 -11.1963 281.083 0 39.4109 -201.198 -40.5817 209 0 0 0 0 0 0 0 1234 11.5055
0.000363116515581104256 0.591441 1 36804 19.4015 19.193 5.57215 0 258.958 1 1 267.327 58.7175 295.743 75.5171 40.6651 -122.737 224.368 258.958 18.1359 -3.809 1.25713 18.5741 102.91 71.5349 184.215 1234 11.4611
0.000363116515581104256 0.591587 0 234862 19.2924 19.0883 5.43 0 291.497 1 1 291.497 40.3989 159.449 0 -207.863 77.9264 188.921 291.497 0 0 0 0 0 0 0 1234 11.5367
0.000363116515581104256 0.626181 0 200469 19.5888 19.3725 5.82293 0 177.499 1 1 177.499 -51.3659 353.781 0 110.168 -12.006 -138.654 177.499 0 0 0 0 0 0 0 1234 11.3339
0.000363116515581104256 0.626423 0 400323 19.7688 19.5444 6.06964 0 413.159 1 1 413.159 82.0867 321.873 0 44.7452 -35.1193 409.225 413.159 0 0 0 0 0 0 0 1234 11.2148
0.000363116515581104256 0.640038 1 201814 19.884 19.6549 6.2305 0 140.786 1 1 142.945 30.7217 299.092 31.8344 56.2767 -106.767 72.487 140.786 4.24196 -0.68327 0.214637 4.302 64.7861 231.765 28.8586 1234 11.1401
0.000363116515581104256 0.643375 0 158069 19.2837 19.0799 5.41885 0 447.075 1 1 447.075 -3.12386 230.383 0 -284.653 -343.882 -24.3632 447.075 0 0 0 0 0 0 0 1234 11.5428
0.000363116515581104256 0.653382 0 122898 19.9193 19.6886 6.28036 0 535.859 1 1 535.859 1.02625 74.0826 0 146.936 515.231 9.59746 535.859 0 0 0 0 0 0 0 1234 11.1175
0.000363116515581104256 0.665072 0 254852 19.7411 19.5182 6.03114 0 194.904 1 1 194.904 1.37454 107.314 0 -57.9885 186.019 4.67535 194.904 0 0 0 0 0 0 0 1234 11.2329
0.000363116515581104256 0.691864 1 145641 19.5676 19.3521 5.79462 0 387.35 1 1 377.254 44.9059 105.807 6.84764 -76.0902 271.778 265.305 387.35 3.28237 -20.6206 0.435967 20.8848 41.3871 3.83148 189.961 1234 11.3481
0.000363116515581104256 0.711276 0 400064 19.6067 19.4562 5.94217 0 202.879 1 1 202.879 -19.9007 73.5585 0 53.9932 182.963 -69.0582 202.879 0 0 0 0 0 0 0 1234 11.3168
0.000363116515581104256 0.717137 1 169455 19.2629 19.06 5.3918 0 298.176 1 1 298.47 -70.8406 358.996 142.085 97.1925 -3.1367 -281.874 298.176 0.877779 1.58821 -0.0219282 1.81477 92.7635 294.789 275.356 1234 11.5574
0.000363116515581104256 0.73741 0 148231 19.6938 19.4729 5.96631 0 104.313 1 1 104.313 8.0225 161.483 0 -97.9446 32.8047 14.5582 104.313 0 0 0 0 0 0 0 1234 11.2641
0.000363116515581104256 0.747512 0 400062 19.0893 18.919 5.20382 0 237.835 1 1 237.835 11.6434 354.869 0 232.008 -20.8309 48 237.835 0 0 0 0 0 0 0 1234 11.6762
0.000363116515581104256 0.774983 1 275845 19.2641 19.0611 3.71832 0 299.312 1 1 336.021 -22.0278 114.012 173.743 -124.051 242.557 -123.955 299.312 0.842434 18.2881 -0.329577 18.3105 149.434 302.299 319.586 1234 11.5566
0.000363116515581104256 0.792468 0 168934 19.08 18.8844 5.15823 0 479.252 1 1 479.252 -24.5942 326.125 0 361.802 -242.895 -199.46 479.252 0 0 0 0 0 0 0 1234 11.6876
0.000363116515581104256 0.894162 0 346723 19.5492 19.3344 5.76967 0 436.483 1 1 436.483 -32.5148 234.178 0 -215.416 -298.442 -234.617 436.483 0 0 0 0 0 0 0 1234 11.3605
0.000363116515581104256 0.946161 1 189469 19.6116 19.3942 5.85384 0 282.303 1 1 283.615 -30.655 63.8547 201.792 108.218 217.001 -144.549 282.303 -0.985193 2.92679 -0.0275399 3.08828 141.399 38.4138 142.799 1234 11.3186
0.000363116515581104256 0.949983 1 143767 19.3511 19.1445 5.50626 0 712.746 1 1 719.555 -58.0117 140.969 262.065 -281.904 238.535 -609.621 712.746 -14.8066 1.97961 -0.223041 14.94 116.203 203.862 40.3297 1234 11.4959
0.000363116515581104256 1.05756 0 198275 19.5404 19.3259 5.7573 0 205.733 1 1 205.733 -2.29462 359.922 0 205.568 -0.279154 -8.23714 205.733 0 0 0 0 0 0 0 1234 11.3665
0.000363116515581104256 1.07444 0 253978 19.5021 19.2894 5.7068 0 237.911 1 1 237.911 -65.4759 105.39 0 -26.2081 95.2099 -216.448 237.911 0 0 0 0 0 0 0 1234 11.3923
0.000363116515581104256 1.11768 0 400430 19.7881 19.5631 6.09667 0 120.878 1 1 120.878 11.6742 39.8162 0 90.9262 75.8005 24.4593 120.878 0 0 0 0 0 0 0 1234 11.2021
0.000363116515581104256 1.21951 1 319136 19.3921 19.184 5.56079 0 146.226 1 1 150.832 -64.6898 185.501 207.01 -55.4234 -17.7901 -134.141 146.226 -7.47825 14.0729 -0.778263 15.9554 84.2886 274.292 178.085 1234 11.4675
0.000363116515581104256 1.2601 0 51796 19.5179 19.3044 5.72779 0 112.313 1 1 112.313 -26.1259 15.4834 0 97.1782 26.9195 -49.4565 112.313 0 0 0 0 0 0 0 1234 11.3816
0.000363116515581104256 1.29876 0 136842 19.3579 19.1511 5.51546 0 492.841 1 1 492.841 21.0641 81.3785 0 68.9432 454.712 177.133 492.841 0 0 0 0 0 0 0 1234 11.4912
0.000363116515581104256 1.55895 0 329651 19.1371 18.9393 5.23034 0 330.061 1 1 330.061 41.016 309.935 0 159.863 -190.957 216.609 330.061 0 0 0 0 0 0 0 1234 11.6466
0.000363116515581104256 1.60036 1 338488 19.8434 19.6162 6.17375 0 412.758 1 1 411.512 38.9637 180.953 103.392 -321.518 -6.38281 258.756 412.758 1.74541 1.13922 0.00522378 2.08429 67.0854 205.404 137.401 1234 11.1663
0.000363116515581104256 1.73923 1 337383 19.8152 19.5891 6.13409 0 481.462 1 1 477.787 7.22314 104.666 23.528 -126.673 460.6 60.064 481.462 7.27052 -2.32505 0.00369045 7.63324 150.935 237.334 287.777 1234 11.1845
0.000363116515581104256 1.88355 1 341718 19.6803 19.46 5.26003 0 357.757 1 1 338.238 8.96381 58.3293 12.7175 163.31 313.991 52.2437 357.757 6.53131 -23.0638 0.111937 23.971 10.046 292.253 49.3643 1234 11.273
0.000363116515581104256 1.90817 0 359477 19.5925 19.376 5.82804 0 303.615 1 1 303.615 -32.5907 141.154 0 -199.232 160.45 -163.537 303.615 0 0 0 0 0 0 0 1234 11.3314
0.000363116515581104256 2.04779 0 303119 19.18 18.9804 5.28471 0 549.987 1 1 549.987 33.8412 318.908 0 344.28 -300.245 306.284 549.987 0 0 0 0 0 0 0 1234 11.616
0.000363116515581104256 2.2531 0 352765 19.5366 19.3224 5.75295 0 248.21 1 1 248.21 51.8759 42.1933 0 113.531 102.919 195.261 248.21 0 0 0 0 0 0 0 1234 11.369
0.000363116515581104256 2.44884 1 341623 19.1191 18.922 5.20734 0 295.199 1 1 289.877 -42.2029 347.694 279.48 217.471 -45.0041 -194.482 295.199 -7.70087 -0.448292 -0.0712999 7.71423 40.4433 35.2304 295.528 1234 11.6594
0.000363116515581104256 2.79998 1 345815 19.7426 19.5196 4.61825 0 277.048 1 1 315.663 28.879 323.808 67.6125 178.504 -153.149 146.415 277.048 20.8414 -6.95416 1.18791 22.0031 144.213 244.236 114.099 1234 11.2319
0.000363116515581104256 3.08378 0 395121 19.2011 19.0007 5.31217 0 369.056 1 1 369.056 58.4877 8.44634 0 190.807 28.3336 314.631 369.056 0 0 0 0 0 0 0 1234 11.601
0.000376725565658793632 0.211271 0 400016 18.5636 18.3888 4.53045 0 410.696 1 1 410.696 7.38833 118.724 0 -195.738 357.167 52.8129 410.696 0 0 0 0 0 0 0 1234 12.0741
0.000376725565658793632 0.212229 1 32181 18.5081 18.3345 4.46476 0 178.343 1 1 181.031 -5.45813 147.201 310.037 -145.839 101.234 -17.0025 178.343 -5.14925 -3.18529 -0.0586819 6.05511 169.19 192.659 42.8821 1234 12.1177
0.000376725565658793632 0.237084 0 30041 18.622 18.4443 4.59829 0 412.577 1 1 412.577 39.2996 256.175 0 -76.2926 -310.021 261.316 412.577 0 0 0 0 0 0 0 1234 12.029
0.000376725565658793632 0.249653 0 8035 18.6446 18.466 4.62528 0 250.309 1 1 250.309 -11.338 270.045 0 0.193385 -245.424 -49.21 250.309 0 0 0 0 0 0 0 1234 12.0117
0.000376725565658793632 0.223719 1 59995 19.0159 18.8228 5.07744 0 330.589 1 1 334.927 39.2994 324.008 7.95576 208.264 -144.816 212 330.589 1.16098 -7.19417 0.0374667 7.28734 128.425 302.716 79.9633 1234 11.734
0.000376725565658793632 0.315904 0 83315 18.9007 18.7122 4.93416 0 111.747 1 1 111.747 -19.142 336.646 0 96.9193 -41.849 -36.6429 111.747 0 0 0 0 0 0 0 1234 11.8185
0.000376725565658793632 0.401994 1 325066 18.8008 18.6162 4.81241 0 486.404 1 1 483.291 61.7221 24.521 324.189 213.431 100.084 425.464 486.404 -5.35319 -5.08179 0.0428866 7.38126 60.4741 127.795 310.365 1234 11.893
0.000376725565658793632 0.464921 0 85514 18.6557 18.4766 4.63816 0 253.544 1 1 253.544 -1.34136 264.594 0 -23.8807 -252.347 -5.93521 253.544 0 0 0 0 0 0 0 1234 12.0032
0.000376725565658793632 0.481473 0 400093 18.659 18.5776 4.76404 0 333.646 1 1 333.646 -33.1111 39.5263 0 215.562 177.861 -182.259 333.646 0 0 0 0 0 0 0 1234 11.978
0.000376725565658793632 0.483142 0 400409 18.806 18.6249 4.82355 0 336.888 1 1 336.888 59.4411 220.431 0 -130.378 -111.081 290.096 336.888 0 0 0 0 0 0 0 1234 11.8887
0.000376725565658793632 0.488656 0 108331 18.9592 18.7685 5.00714 0 709.733 1 1 709.733 33.0894 106.542 0 -169.301 570.018 387.477 709.733 0 0 0 0 0 0 0 1234 11.7754
0.000376725565658793632 0.469626 1 268046 18.8721 18.6848 4.89927 0 267.716 1 1 268.295 74.3663 192.427 252.488 -68.2809 -17.0345 258.301 267.716 -3.12956 2.07678 0.026433 3.75605 95.0188 317.29 310.137 1234 11.8397
0.000376725565658793632 0.521324 1 10088 18.8594 18.6725 4.8837 0 178.037 1 1 178.15 -13.6875 291.984 291.712 69.7309 -158.306 -42.1158 178.037 -5.10551 -2.01291 -0.011223 5.488 65.9961 235.825 131.191 1234 11.8492
0.000376725565658793632 0.535987 0 151218 18.9641 18.7732 5.01281 0 419.13 1 1 419.13 20.119 232.237 0 -241.014 -311.123 144.169 419.13 0 0 0 0 0 0 0 1234 11.7718
0.000376725565658793632 0.552036 0 241737 18.5741 18.3981 4.54164 0 311.687 1 1 311.687 -63.7792 132.066 0 -92.2657 102.235 -279.614 311.687 0 0 0 0 0 0 0 1234 12.0661
0.000376725565658793632 0.609255 0 400496 18.8992 18.72 4.94425 0 417.948 1 1 417.948 13.9638 105.95 0 -111.455 389.983 100.854 417.948 0 0 0 0 0 0 0 1234 11.8168
0.000376725565658793632 0.641934 0 251883 18.701 18.5203 4.69235 0 286.749 1 1 286.749 38.525 181.157 0 -224.288 -4.5306 178.603 286.749 0 0 0 0 0 0 0 1234 11.9685
0.000376725565658793632 0.64729 0 168409 18.6462 18.4676 4.62673 0 274.791 1 1 274.791 -41.0275 319.506 0 157.648 -134.614 -180.379 274.791 0 0 0 0 0 0 0 1234 12.0104
0.000376725565658793632 0.662781 0 136000 18.5453 18.3704 4.50793 0 299.654 1 1 299.654 3.99882 314.977 0 211.288 -211.456 20.8967 299.654 0 0 0 0 0 0 0 1234 12.0886
0.000376725565658793632 0.750806 1 49356 18.5675 18.3918 4.53393 0 218.318 1 1 218.887 -74.5375 341.829 84.8764 53.2784 -19.1441 -210.85 218.318 2.16823 0.894257 -0.0294816 2.34559 90.503 214.825 353.556 1234 12.0713
0.000376725565658793632 0.785492 0 43570 18.8002 18.6157 4.8117 0 100.297 1 1 100.297 6.21146 112.276 0 -37.7956 92.2668 10.8519 100.297 0 0 0 0 0 0 0 1234 11.8934
0.000376725565658793632 0.854799 0 192496 18.5282 18.3538 4.48775 0 207.64 1 1 207.64 12.2499 134.808 0 -143 143.96 44.0562 207.64 0 0 0 0 0 0 0 1234 12.1019
0.000376725565658793632 0.88425 1 56918 18.5425 18.3677 4.50453 0 707.137 1 1 706.925 4.67297 230.518 230.449 -443.819 -547.495 57.588 707.137 -4.63506 4.20195 0.00117946 6.25621 34.1468 158.402 227.666 1234 12.0908
0.000376725565658793632 0.92269 0 400018 17.5572 33.2151 19.6367 0 10.2471 1 1 10.2471 -5.98103 292.644 0 3.92375 -9.40574 -1.06774 10.2471 0 0 0 0 0 0 0 1234 12.0579
0.000376725565658793632 0.935519 0 72906 18.9798 18.7883 5.03237 0 217.488 1 1 217.488 -50.0595 180.946 0 -139.607 -2.30555 -166.75 217.488 0 0 0 0 0 0 0 1234 11.7603
0.000376725565658793632 0.989328 1 224829 18.8577 18.6708 4.8815 0 451.703 1 1 446.255 -3.10458 139.014 43.1619 -341.395 294.789 -24.1642 451.703 5.32151 -2.76271 -0.00129485 5.99592 3.5318 355.368 36.2541 1234 11.8505
0.000376725565658793632 1.11374 1 160126 18.5916 7.70156 4.52455 0 273.179 1 1 273.179 -9.27719 233.316 0 -161.064 -216.208 -44.0395 273.179 0 0 0 0 0 0 0 1234 12.0805
0.000376725565658793632 1.11849 0 235536 18.6046 18.4275 4.57756 0 333.544 1 1 333.544 36.5193 25.2468 0 242.45 114.33 198.489 333.544 0 0 0 0 0 0 0 1234 12.0425
0.000376725565658793632 1.33737 0 112063 18.8108 18.6258 4.82424 0 189.66 1 1 189.66 -57.7812 263.051 0 -12.2335 -100.375 -160.456 189.66 0 0 0 0 0 0 0 1234 11.8855
0.000376725565658793632 1.37215 0 400145 18.7121 18.6209 4.81856 0 366.944 1 1 366.944 -54.8094 242.835 0 -96.5485 -188.142 -299.881 366.944 0 0 0 0 0 0 0 1234 11.9404
0.000376725565658793632 1.85982 0 373384 18.7572 18.5742 4.75957 0 180.504 1 1 180.504 -48.818 236.236 0 -66.0556 -98.8067 -135.851 180.504 0 0 0 0 0 0 0 1234 11.9258
0.000376725565658793632 1.96884 0 355306 18.5354 18.3608 4.49654 0 179.224 1 1 179.224 66.853 25.5185 0 63.5784 30.3506 164.796 179.224 0 0 0 0 0 0 0 1234 12.0963
0.000376725565658793632 1.99111 0 358499 18.7574 18.5744 4.75987 0 221.544 1 1 221.544 2.08046 331.114 0 193.852 -106.95 8.04267 221.544 0 0 0 0 0 0 0 1234 11.9257
0.000376725565658793632 2.03532 0 288746 18.5313 18.3569 4.49157 0 370.481 1 1 370.481 27.5422 169.403 0 -322.892 60.4093 171.311 370.481 0 0 0 0 0 0 0 1234 12.0995
0.000376725565658793632 2.30168 1 386513 18.7215 18.54 4.71652 0 259.689 1 1 259.121 11.9955 12.2017 213.499 249.731 49.9016 50.8188 259.689 -2.1495 4.15275 1.03404 4.78904 99.6971 15.7815 54.5882 1234 11.9529
0.000376725565658793632 2.49554 0 377791 18.7356 18.5535 4.7334 0 292.34 1 1 292.34 23.0448 340.019 0 252.819 -91.9223 114.437 292.34 0 0 0 0 0 0 0 1234 11.9422
0.000394797488613704843 0.214222 0 170575 17.8603 17.71 3.90303 0 224.777 1 1 224.777 -53.2527 24.2366 0 122.628 55.2053 -180.11 224.777 0 0 0 0 0 0 0 1234 12.6574
0.000394797488613704843 0.272804 1 44608 18.3099 18.1436 4.25249 0 479.766 1 1 479.052 17.0985 99.3489 65.8142 -76.4592 452.208 140.846 479.766 2.20779 -0.45196 0.000742095 2.25358 62.3942 159.23 30.2902 1234 12.276
0.000394797488613704843 0.368512 1 22067 17.8989 17.7471 3.9323 0 302.881 1 1 319.016 20.4743 93.5318 153.223 -24.4296 280.734 111.035 302.881 6.89359 15.5405 0.125901 17.0013 154.13 117.694 233.63 1234 12.6237
0.000394797488613704843 0.403794 0 400080 18.4142 18.2439 4.35774 0 420.52 1 1 420.52 -24.4886 95.1464 0 -34.3277 381.149 -174.311 420.52 0 0 0 0 0 0 0 1234 12.1918
0.000394797488613704843 0.404463 0 55690 17.7627 17.6155 3.82872 0 273.769 1 1 273.769 17.105 265 0 -22.8042 -260.664 80.5216 273.769 0 0 0 0 0 0 0 1234 12.7437
0.000394797488613704843 0.437746 0 86268 18.0639 17.9064 4.05947 0 267.599 1 1 267.599 14.177 205.406 0 -234.356 -111.313 65.54 267.599 0 0 0 0 0 0 0 1234 12.4815
0.000394797488613704843 0.480721 0 400106 17.8988 17.7527 3.93676 0 273.637 1 1 273.637 -52.5901 41.2249 0 125.033 109.554 -217.353 273.637 0 0 0 0 0 0 0 1234 12.623
0.000394797488613704843 0.536795 0 400068 17.8784 17.7271 3.9168 0 492.025 1 1 492.025 34.5841 310.267 0 261.826 -309.092 279.28 492.025 0 0 0 0 0 0 0 1234 12.6416
0.000394797488613704843 0.559017 0 400183 19.5154 33.2759 19.6723 0 4.1241 1 1 4.1241 -18.3338 59.2987 0 1.99873 3.36607 -1.29725 4.1241 0 0 0 0 0 0 0 1234 12.2823
0.000394797488613704843 0.641373 0 161729 17.7681 17.6207 3.83251 0 427.434 1 1 427.434 46.7145 102.939 0 -65.6224 285.622 311.149 427.434 0 0 0 0 0 0 0 1234 12.7389
0.000394797488613704843 0.683324 0 186229 18.2867 18.1212 4.23411 0 348.527 1 1 348.527 32.4165 180.893 0 -294.181 -4.58301 186.835 348.527 0 0 0 0 0 0 0 1234 12.2951
0.000394797488613704843 0.804229 1 230560 18.0556 17.8983 4.05322 0 624.946 1 1 621.075 34.1525 279.373 167.964 82.9332 -512.02 348.59 624.946 0.923127 5.33787 0.0206141 5.41714 34.8125 25.4574 84.9403 1234 12.4886
0.000394797488613704843 0.818164 0 214298 17.8489 17.6989 3.89386 0 357.342 1 1 357.342 64.771 157.804 0 -141.025 57.5412 323.255 357.342 0 0 0 0 0 0 0 1234 12.6674
0.000394797488613704843 0.825865 1 77137 17.8178 17.6688 3.87054 0 314.379 1 1 311.672 46.6467 75.1359 296.362 60.3518 209.789 226.231 314.379 -6.08729 -3.0643 0.0979701 6.81576 55.9414 288.586 218.2 1234 12.6949
0.000394797488613704843 0.845609 1 109805 18.3946 18.2253 4.33369 0 401.008 1 1 401.144 -29.0203 201.844 11.402 -326.379 -128.264 -194.506 401.008 1.05929 -3.11599 -0.0337321 3.2913 82.4688 163.384 134.057 1234 12.2075
0.000394797488613704843 0.849546 0 199138 18.1159 17.9566 4.09986 0 330.121 1 1 330.121 2.45655 180.197 0 -329.816 -1.13217 14.1496 330.121 0 0 0 0 0 0 0 1234 12.4374
0.000394797488613704843 0.852964 1 318198 18.2263 18.063 4.18674 0 220.554 1 1 219.266 -13.8444 325.871 209.822 176.994 -120.717 -52.3872 220.554 -0.790587 1.59528 -0.0219738 1.78057 20.2744 100.961 198.923 1234 12.3451
0.000394797488613704843 0.964793 1 187312 18.1714 18.0102 4.14379 0 452.221 1 1 450.419 -27.7495 164.008 61.3961 -385.333 109.742 -209.712 452.221 2.19963 0.0664522 -0.00145999 2.20064 38.8114 154.515 73.1068 1234 12.3908
0.000394797488613704843 1.11051 0 63770 17.8413 17.6915 3.88831 0 392.512 1 1 392.512 -3.13376 32.2581 0 331.432 209.184 -21.4575 392.512 0 0 0 0 0 0 0 1234 12.6741
0.000394797488613704843 1.23478 0 356401 18.1543 17.9936 4.1302 0 328.358 1 1 328.358 -67.1876 254.119 0 -34.8375 -122.45 -302.674 328.358 0 0 0 0 0 0 0 1234 12.4051
0.000394797488613704843 1.25514 0 143003 18.1389 17.9787 4.11807 0 402.048 1 1 402.048 11.0404 59.3527 0 201.152 339.489 76.9922 402.048 0 0 0 0 0 0 0 1234 12.4181
0.000394797488613704843 1.33488 0 394879 18.1437 17.9833 4.1215 0 427.799 1 1 427.799 20.7408 274.897 0 34.1499 -398.614 151.501 427.799 0 0 0 0 0 0 0 1234 12.414
0.000394797488613704843 1.44826 1 270865 17.889 17.7376 3.92489 0 236.06 1 1 235.73 -55.7997 201.547 146.456 -123.588 -49.4148 -194.958 236.06 0.49847 1.04517 -0.00283316 1.15795 69.4135 64.0751 246.133 1234 12.6323
0.000394797488613704843 1.50341 1 377384 17.8256 17.6764 3.87633 0 483.474 1 1 497.513 5.6883 105.723 182.788 -132.652 462.306 49.2391 483.474 -0.834056 13.9384 0.0172069 13.9633 173.805 203.446 320.767 1234 12.6879
0.000394797488613704843 1.58322 1 177845 18.1287 17.9689 4.11023 0 50.7147 1 1 45.3769 -15.9887 74.1692 327.955 12.5147 47.7066 -11.8084 50.7147 -5.38621 -9.84243 -0.245656 11.2225 11.3859 334.185 356.201 1234 12.4266
0.000394797488613704843 1.6175 1 310763 18.3977 18.2283 4.33729 0 264.554 1 1 262.145 -12.5856 149.863 105.376 -225.886 125.322 -57.0868 264.554 5.00044 3.11481 -0.00895945 5.89122 45.1789 228.166 82.8524 1234 12.205
0.000394797488613704843 1.63752 1 307556 17.9392 17.7862 3.96332 0 421.446 1 1 421.355 -2.47293 17.7954 14.8023 398.111 137.091 -18.171 421.446 3.2737 -11.6815 -0.00305255 12.1315 24.2876 307.085 279.039 1234 12.5886
0.000394797488613704843 1.64557 0 289590 18.0672 17.9096 4.06218 0 624.456 1 1 624.456 21.7495 117.97 0 -272.027 512.254 231.391 624.456 0 0 0 0 0 0 0 1234 12.4787
0.000394797488613704843 1.76059 0 241676 18.4197 18.2494 4.36263 0 276.982 1 1 276.982 -27.0326 176.045 0 -246.134 17.0161 -125.888 276.982 0 0 0 0 0 0 0 1234 12.1875
0.000394797488613704843 1.81507 1 355110 18.0922 17.9338 4.08159 0 333.138 1 1 333.441 -4.78984 238.508 48.6959 -176.456 -281.321 -26.5051 333.138 5.9992 -3.9841 -0.444906 7.21536 30.3166 90.0337 129.991 1234 12.4575
0.000394797488613704843 1.83781 0 352218 18.388 18.219 4.32639 0 334.422 1 1 334.422 -34.7763 155.658 0 -250.271 113.221 -190.746 334.422 0 0 0 0 0 0 0 1234 12.2127
0.000394797488613704843 1.86708 0 400371 17.753 17.6143 3.82753 0 281.465 1 1 281.465 49.8959 149.411 0 -156.082 92.2652 215.285 281.465 0 0 0 0 0 0 0 1234 12.7492
0.000394797488613704843 2.22169 1 370374 17.8406 17.6908 3.88776 0 321.808 1 1 320.1 -13.207 288.111 236.552 98.6747 -297.448 -73.1287 321.808 -1.76567 1.257 -0.00103925 2.1674 15.56 227.584 20.6024 1234 12.6748
0.000394797488613704843 2.24166 0 379601 18.2707 18.1058 4.22141 0 226.678 1 1 226.678 -13.1954 69.6973 0 76.5763 206.982 -51.7444 226.678 0 0 0 0 0 0 0 1234 12.3083
0.000394797488613704843 2.28901 0 196395 18.2066 18.044 4.17103 0 596.51 1 1 596.51 5.545 263.547 0 -66.7299 -589.957 57.6392 596.51 0 0 0 0 0 0 0 1234 12.3614
0.000394797488613704843 2.30325 0 361272 18.0752 17.9173 4.06813 0 181.641 1 1 181.641 33.3273 54.9799 0 87.0947 124.291 99.7972 181.641 0 0 0 0 0 0 0 1234 12.4719
0.000394797488613704843 2.34222 1 390833 17.9653 17.8113 3.98327 0 108.196 1 1 106.817 32.1939 187.951 136.394 -90.8892 -14.5912 56.8556 108.196 2.19657 3.01025 0.0191982 3.72651 42.8044 343.826 211.726 1234 12.566
0.000394797488613704843 3.08285 0 400451 18.2724 18.1078 4.22308 0 115.378 1 1 115.378 -15.9756 177.271 0 -110.796 5.28178 -31.7552 115.378 0 0 0 0 0 0 0 1234 12.3067
0.000403188155548319413 0.249666 0 92018 17.6515 17.5082 3.74495 0 398.993 1 1 398.993 -37.1382 178.961 0 -318.018 5.7656 -240.888 398.993 0 0 0 0 0 0 0 1234 12.8436
0.000403188155548319413 0.30318 0 175733 17.6084 17.4664 3.71257 0 296.348 1 1 296.348 -6.20146 85.1798 0 24.756 293.572 -32.0129 296.348 0 0 0 0 0 0 0 1234 12.8828
0.000403188155548319413 0.514829 0 128674 17.595 17.4535 3.7026 0 651.313 1 1 651.313 -42.7557 86.4987 0 29.2064 477.338 -442.159 651.313 0 0 0 0 0 0 0 1234 12.895
0.000403188155548319413 0.615517 0 269948 17.715 17.5696 3.79256 0 415.805 1 1 415.805 -2.66417 313.668 0 286.793 -300.45 -19.3274 415.805 0 0 0 0 0 0 0 1234 12.7863
0.000403188155548319413 0.659825 0 311782 17.5509 17.4109 3.66967 0 508.629 1 1 508.629 7.82318 3.57055 0 502.917 31.3814 69.2328 508.629 0 0 0 0 0 0 0 1234 12.9354
0.000403188155548319413 0.662823 1 157351 17.6993 17.5543 3.78061 0 346.768 1 1 334.674 30.3389 177.859 16.1767 -302.422 18.8433 168.623 346.768 14.0804 -8.54929 0.0946818 16.4729 28.5315 46.4955 261.047 1234 12.8005
0.000403188155548319413 0.817264 0 82683 17.4742 17.3366 3.61302 0 300.772 1 1 300.772 1.69367 170.851 0 -296.816 47.8039 8.88953 300.772 0 0 0 0 0 0 0 1234 13.0065
0.000403188155548319413 0.88214 0 203464 17.4612 17.3241 3.60351 0 496.936 1 1 496.936 -16.8497 221.617 0 -355.561 -315.869 -144.043 496.936 0 0 0 0 0 0 0 1234 13.0186
0.000403188155548319413 0.904401 0 270135 17.5961 17.4546 3.70347 0 329.282 1 1 329.282 -61.102 247.478 0 -60.9506 -146.991 -288.28 329.282 0 0 0 0 0 0 0 1234 12.894
0.000403188155548319413 1.02448 0 171068 17.6598 17.5162 3.75104 0 388.845 1 1 388.845 -30.0548 72.1537 0 103.145 320.368 -194.745 388.845 0 0 0 0 0 0 0 1234 12.836
0.000403188155548319413 1.10148 1 226399 17.6356 17.4929 3.73305 0 258.228 1 1 256.412 28.1346 43.4428 277.167 167.043 155.514 120.805 258.228 -2.95139 0.0365687 0.0236797 2.95172 40.3072 22.6782 355.766 1234 12.858
0.000403188155548319413 1.39639 0 278335 17.4988 17.3603 3.63102 0 169.292 1 1 169.292 0.721861 100.867 0 -31.9129 166.243 2.13283 169.292 0 0 0 0 0 0 0 1234 12.9836
0.000403188155548319413 1.60317 0 310671 17.7053 17.5601 3.7853 0 516.513 1 1 516.513 -67.9444 47.7428 0 130.426 143.551 -478.714 516.513 0 0 0 0 0 0 0 1234 12.7951
0.000403188155548319413 1.67702 0 280639 17.4949 17.3566 3.62814 0 259.012 1 1 259.012 -29.9078 202.735 0 -207.075 -86.7683 -129.145 259.012 0 0 0 0 0 0 0 1234 12.9872
0.000403188155548319413 1.75026 1 305268 17.4608 17.3237 3.60318 0 362.598 1 1 369.596 -0.647945 232.961 313.886 -216.167 -291.087 -4.17747 362.598 -7.67065 -4.38779 -0.000561931 8.83694 179.138 77.3691 59.7238 1234 13.019
0.000403188155548319413 1.96494 0 360863 17.7356 17.5894 3.80829 0 204.707 1 1 204.707 8.75661 16.4978 0 193.991 57.4549 31.1641 204.707 0 0 0 0 0 0 0 1234 12.7679
0.000403188155548319413 2.046 0 185028 17.6644 17.5206 3.75452 0 312.755 1 1 312.755 9.41904 104.712 0 -78.3589 298.422 51.1835 312.755 0 0 0 0 0 0 0 1234 12.8319
0.000403188155548319413 2.97186 0 238018 17.6792 17.5348 3.76566 0 501.089 1 1 501.089 -67.5906 60.1768 0 95.002 165.727 -463.248 501.089 0 0 0 0 0 0 0 1234 12.8186
0.000417988180639621964 0.317644 0 400004 17.0341 16.9105 3.29546 0 118.206 1 1 118.206 -44.0428 31.9245 0 72.1168 44.9316 -82.1761 118.206 0 0 0 0 0 0 0 1234 13.431
0.000417988180639621964 0.475037 0 92487 17.0633 16.9386 3.31606 0 241.603 1 1 241.603 49.8078 33.2038 0 130.462 85.3844 184.557 241.603 0 0 0 0 0 0 0 1234 13.402
0.000417988180639621964 0.595152 0 400012 17.2241 17.098 3.43357 0 169.394 1 1 169.394 -46.6924 358.701 0 116.16 -2.63446 -123.265 169.394 0 0 0 0 0 0 0 1234 13.2437
0.000417988180639621964 0.631168 0 32071 17.216 17.0867 3.42492 0 422.997 1 1 422.997 13.2474 301.185 0 213.204 -352.243 96.9328 422.997 0 0 0 0 0 0 0 1234 13.2519
0.000417988180639621964 0.637471 0 144071 17.4158 17.2801 3.57002 0 480.534 1 1 480.534 79.6589 76.2153 0 20.5535 83.7752 472.728 480.534 0 0 0 0 0 0 0 1234 13.0611
0.000417988180639621964 0.644601 0 146338 17.1488 17.0215 3.37674 0 320.655 1 1 320.655 11.6418 200.302 0 -294.549 -108.968 64.7059 320.655 0 0 0 0 0 0 0 1234 13.3176
0.000417988180639621964 0.680954 0 100487 17.3717 17.2375 3.53801 0 427.741 1 1 427.741 12.087 81.256 0 63.5835 413.397 89.5675 427.741 0 0 0 0 0 0 0 1234 13.1027
0.000417988180639621964 0.70577 0 164273 17.2531 17.1227 3.45162 0 487.822 1 1 487.822 60.8438 318.034 0 176.711 -158.923 426.012 487.822 0 0 0 0 0 0 0 1234 13.216
0.000417988180639621964 0.708372 0 27835 17.3749 17.2406 3.54011 0 413.834 1 1 413.834 10.5001 93.4825 0 -24.7172 406.153 75.4163 413.834 0 0 0 0 0 0 0 1234 13.0997
0.000417988180639621964 0.719357 0 137313 17.4502 17.3135 3.59548 0 415.15 1 1 415.15 52.7283 274.382 0 19.2096 -250.678 330.365 415.15 0 0 0 0 0 0 0 1234 13.0289
0.000417988180639621964 0.760999 1 168826 17.226 17.0963 3.43201 0 271.492 1 1 270.92 -58.8372 168.624 133.712 -139.319 24.6455 -231.712 271.492 2.29361 3.34525 -0.0273371 4.05612 85.5783 51.1687 354.167 1234 13.2423
0.000417988180639621964 0.809566 0 400129 17.0795 17.0847 3.42358 0 226.792 1 1 226.792 -38.2756 177.227 0 -177.832 8.61471 -140.485 226.792 0 0 0 0 0 0 0 1234 13.3504
0.000417988180639621964 0.900196 0 368519 17.133 17.0063 3.36548 0 408.236 1 1 408.236 -0.0624638 126.813 0 -244.616 326.833 -0.445058 408.236 0 0 0 0 0 0 0 1234 13.333
0.000417988180639621964 0.965838 0 400443 16.9651 16.866 3.26309 0 230.048 1 1 230.048 45.8627 219.209 0 -124.131 -101.27 165.099 230.048 0 0 0 0 0 0 0 1234 13.4931
0.000417988180639621964 0.985791 1 243222 17.3758 17.2414 3.54078 0 269.174 1 1 269.292 27.2161 120.561 305.101 -119.482 207.502 122.97 269.174 -2.51299 -1.37804 0.0459234 2.86639 103.571 261.11 250.468 1234 13.0989
0.000417988180639621964 1.06341 0 126471 17.4203 17.2845 3.57343 0 396.669 1 1 396.669 -71.424 252.568 0 -37.8549 -120.561 -376.004 396.669 0 0 0 0 0 0 0 1234 13.0569
0.000417988180639621964 1.08445 1 173143 17.3107 17.1785 3.49348 0 453.08 1 1 451.471 -34.1811 247.039 84.6696 -150.044 -344.269 -253.47 453.08 5.83016 0.416698 -0.0480018 5.84523 47.7363 314.798 242.03 1234 13.1607
0.000417988180639621964 1.15725 0 330507 17.0158 16.8927 3.28232 0 139.852 1 1 139.852 65.9147 235.497 0 -32.3292 -47.0335 127.676 139.852 0 0 0 0 0 0 0 1234 13.4494
0.000417988180639621964 1.18009 0 8083 17.1329 17.0061 3.36536 0 714.069 1 1 714.069 16.2793 355.621 0 683.438 -52.3354 200.167 714.069 0 0 0 0 0 0 0 1234 13.3331
0.000417988180639621964 1.27417 0 202521 16.9928 16.8702 3.26607 0 401.016 1 1 401.016 -56.4303 35.1883 0 181.222 127.782 -334.132 401.016 0 0 0 0 0 0 0 1234 13.4725
0.000417988180639621964 1.29666 0 329018 17.1692 17.0414 3.39158 0 288.432 1 1 288.432 55.7988 298.918 0 78.398 -141.912 238.553 288.432 0 0 0 0 0 0 0 1234 13.2975
0.000417988180639621964 1.35008 0 156036 17.27 17.139 3.46388 0 249.748 1 1 249.748 -19.7639 228.143 0 -156.833 -175.058 -84.4512 249.748 0 0 0 0 0 0 0 1234 13.1998
0.000417988180639621964 1.35788 0 280914 17.0411 16.9172 3.30021 0 394.108 1 1 394.108 -42.2985 178.548 0 -291.408 7.385 -265.232 394.108 0 0 0 0 0 0 0 1234 13.4241
0.000417988180639621964 1.59029 0 400351 17.1745 17.0546 4.88951 0 384.398 1 1 384.398 30.9823 21.9232 0 305.723 123.044 197.878 384.398 0 0 0 0 0 0 0 1234 13.2914
0.000417988180639621964 1.59466 0 400512 17.1212 16.9946 3.35686 0 233.082 1 1 233.082 6.43557 299.68 0 114.685 -201.227 26.1252 233.082 0 0 0 0 0 0 0 1234 13.3447
0.000417988180639621964 2.11236 0 364673 17.29 17.1583 3.47856 0 397.969 1 1 397.969 -36.5249 192.564 0 -312.149 -69.5663 -236.86 397.969 0 0 0 0 0 0 0 1234 13.1806
0.000417988180639621964 2.20323 0 310511 17.262 17.1312 3.45823 0 345.797 1 1 345.797 -23.9883 216.23 0 -254.847 -186.722 -140.584 345.797 0 0 0 0 0 0 0 1234 13.2075
0.000417988180639621964 2.35334 0 348866 17.1278 17.0012 3.36193 0 225.963 1 1 225.963 48.806 238.774 0 -77.151 -127.262 170.033 225.963 0 0 0 0 0 0 0 1234 13.3381
0.000417988180639621964 2.45397 0 272359 17.4248 17.2888 3.57679 0 399.32 1 1 399.32 20.4194 136.784 0 -272.729 256.252 139.318 399.32 0 0 0 0 0 0 0 1234 13.0527
0.000437862120172308157 0.272414 1 23461 16.845 16.727 3.163 0 413.621 1 1 412.352 21.2721 257.868 183.655 -80.6315 -377.101 149.587 413.621 -0.0978131 1.56497 0.00291195 1.56803 21.6124 135.175 205.7 1234 13.6229
0.000437862120172308157 0.306792 1 16213 16.9444 16.8234 3.23224 0 214.35 1 1 212.086 -51.4509 61.9185 3.01944 61.7759 121.041 -165.767 214.35 0.319788 -4.68993 -0.021053 4.70087 53.8039 263.842 201.8 1234 13.5213
0.000437862120172308157 0.331038 0 400046 16.6068 16.4983 3.00165 0 234.165 1 1 234.165 -49.9678 43.9857 0 108.372 104.602 -179.296 234.165 0 0 0 0 0 0 0 1234 13.8729
0.000437862120172308157 0.452681 0 400218 16.6463 16.534 3.02659 0 519.539 1 1 519.539 19.2977 297.129 0 223.594 -436.403 171.695 519.539 0 0 0 0 0 0 0 1234 13.8312
0.000437862120172308157 0.499758 0 400293 16.6225 16.5135 3.01233 0 474.412 1 1 474.412 -79.2697 345.288 0 85.4329 -22.4323 -466.117 474.412 0 0 0 0 0 0 0 1234 13.8561
0.000437862120172308157 0.589304 0 97447 16.8522 16.734 3.16791 0 304.271 1 1 304.271 5.22016 263.456 0 -34.5315 -301.035 27.6835 304.271 0 0 0 0 0 0 0 1234 13.6155
0.000437862120172308157 0.59989 0 75211 16.7589 16.6434 3.10356 0 219.163 1 1 219.163 -58.1564 145.64 0 -95.454 65.2614 -186.177 219.163 0 0 0 0 0 0 0 1234 13.7123
0.000437862120172308157 0.625705 1 168786 16.6995 16.5857 3.06266 0 270.116 1 1 260.673 3.73537 55.3195 339.057 154.527 220.906 16.8703 270.116 -10.8276 -9.43365 0.0305565 14.3608 4.51545 132.586 18.0938 1234 13.7748
0.000437862120172308157 0.722288 0 400478 16.7449 16.6312 4.36006 0 293.924 1 1 293.924 -38.7963 240.138 0 -114.061 -198.662 -184.159 293.924 0 0 0 0 0 0 0 1234 13.7268
0.000437862120172308157 0.891981 1 247001 16.9586 16.8372 3.24223 0 315.222 1 1 320.11 41.2096 147.999 257.464 -197.539 126.392 210.637 315.222 -6.7455 1.46668 0.054637 6.90332 135.46 222.905 306.609 1234 13.5069
0.000437862120172308157 0.894598 1 239973 16.8405 27.6463 16.7721 0 110.382 1 1 110.382 34.3461 108.044 0 -28.2297 86.6535 62.2762 110.382 0 0 0 0 0 0 0 1234 13.9273
0.000437862120172308157 0.904937 1 263164 16.6113 16.5001 3.00278 0 257.254 1 1 258.274 20.8379 133.908 167.531 -167.71 172.085 91.8683 257.254 0.32845 1.7671 0.00122212 1.79737 147.232 176.495 141.573 1234 13.8685
0.000437862120172308157 0.964981 0 301237 16.8879 16.7686 3.19268 0 529.553 1 1 529.553 41.7456 54.7358 0 228.112 322.602 352.589 529.553 0 0 0 0 0 0 0 1234 13.5789
0.000437862120172308157 1.03155 0 400249 16.6514 16.5392 3.03008 0 316.089 1 1 316.089 22.1897 288.195 0 91.3893 -278.045 119.379 316.089 0 0 0 0 0 0 0 1234 13.8257
0.000437862120172308157 1.04634 0 200709 16.9222 16.8018 3.21669 0 451.626 1 1 451.626 34.2178 141.17 0 -290.922 234.161 253.968 451.626 0 0 0 0 0 0 0 1234 13.544
0.000437862120172308157 1.05565 0 400431 16.6793 16.567 3.0496 0 218.209 1 1 218.209 -42.0812 193.603 0 -157.41 -38.0914 -146.24 218.209 0 0 0 0 0 0 0 1234 13.7957
0.000437862120172308157 1.14065 0 400088 16.8493 16.7404 3.17253 0 297.005 1 1 297.005 -37.5239 72.0697 0 72.5177 224.114 -180.903 297.005 0 0 0 0 0 0 0 1234 13.6152
0.000437862120172308157 1.19536 0 196544 16.6939 16.5803 3.05901 0 309.249 1 1 309.249 19.977 162.142 0 -276.638 89.1275 105.653 309.249 0 0 0 0 0 0 0 1234 13.7807
0.000437862120172308157 1.22583 0 283139 16.6299 16.5181 3.01538 0 701.778 1 1 701.778 51.7746 344.206 0 417.837 -118.187 551.304 701.778 0 0 0 0 0 0 0 1234 13.8487
0.000437862120172308157 1.28703 0 236672 16.8854 16.7663 3.19091 0 621.352 1 1 621.352 -61.2709 79.3468 0 55.2121 293.517 -544.865 621.352 0 0 0 0 0 0 0 1234 13.5814
0.000437862120172308157 1.37981 0 299531 16.7978 16.6811 3.13035 0 112.795 1 1 112.795 56.3575 62.0421 0 29.2966 55.1968 93.9034 112.795 0 0 0 0 0 0 0 1234 13.6718
0.000437862120172308157 1.39691 0 383381 16.6127 16.5014 3.00369 0 278.707 1 1 278.707 -3.7228 111.256 0 -100.83 259.198 -18.0963 278.707 0 0 0 0 0 0 0 1234 13.8671
0.000437862120172308157 1.4071 1 237512 16.6293 16.5176 3.01499 0 277.521 1 1 275.412 17.4461 67.7696 264.635 106.833 243.279 80.1234 277.521 -12.8569 1.16125 0.634477 12.9248 41.5896 75.8406 349.69 1234 13.8493
0.000437862120172308157 1.50895 0 400133 16.7478 30.0883 17.3371 0 89.3222 1 1 89.3222 55.8004 326.489 0 41.8607 -27.7188 73.877 89.3222 0 0 0 0 0 0 0 1234 13.6514
0.000437862120172308157 1.65102 0 232605 16.9618 16.8403 3.24457 0 281.671 1 1 281.671 25.7292 221.727 0 -189.375 -168.889 122.278 281.671 0 0 0 0 0 0 0 1234 13.5037
0.000437862120172308157 1.70592 0 504728 16.7713 29.5209 14.9881 0 73.5122 1 1 73.5122 17.3683 36.8613 0 56.1347 42.0878 21.9444 73.5122 0 0 0 0 0 0 0 1234 13.5078
0.000437862120172308157 1.7271 0 400039 16.7926 30.4451 17.6511 0 124.636 1 1 124.636 -16.1074 43.4113 0 86.9859 82.2911 -34.5788 124.636 0 0 0 0 0 0 0 1234 13.5165
0.000437862120172308157 1.77046 0 400460 16.824 16.708 3.14926 0 241.493 1 1 241.493 10.4772 306.533 0 141.361 -190.807 43.9142 241.493 0 0 0 0 0 0 0 1234 13.6443
0.000437862120172308157 1.89715 0 189759 16.8891 16.7698 3.19357 0 195.602 1 1 195.602 63.593 337.195 0 80.193 -33.7175 175.192 195.602 0 0 0 0 0 0 0 1234 13.5777
0.000437862120172308157 1.93229 0 400516 16.6851 16.5757 3.05559 0 227.014 1 1 227.014 68.7315 262.339 0 -10.9781 -81.6115 211.552 227.014 0 0 0 0 0 0 0 1234 13.7881
0.000437862120172308157 2.09142 1 330942 16.8556 16.7372 3.17029 0 238.005 1 1 240.872 -24.3472 317.984 39.7713 160.921 -144.556 -99.2694 238.005 2.48092 -2.85389 -0.00826917 3.7815 154.821 254.202 309.071 1234 13.6121
0.000437862120172308157 2.36423 0 400525 19.015 30.9125 18.056 0 68.1449 1 1 68.1449 38.0352 182.048 0 -53.6389 -1.91791 41.9872 68.1449 0 0 0 0 0 0 0 1234 13.6253
0.000437862120172308157 2.89996 0 375300 16.9231 16.8027 3.21738 0 808.739 1 1 808.739 20.4103 172.46 0 -751.413 99.453 282.04 808.739 0 0 0 0 0 0 0 1234 13.543
0.000437862120172308157 3.2508 0 400037 16.9624 21.6342 8.83018 0 114.491 1 1 114.491 -73.1412 52.0138 0 20.436 26.1699 -109.57 114.491 0 0 0 0 0 0 0 1234 13.9326
0.000437862120172308157 4.05932 0 400071 18.3337 30.4341 17.6501 0 41.1203 1 1 41.1203 -4.78498 171.165 0 -40.4907 6.29365 -3.43011 41.1203 0 0 0 0 0 0 0 1234 13.9014
0.000456304349759919365 0.299045 0 400060 17.5815 28.6592 15.975 0 60.366 1 1 60.366 -36.5042 346.33 0 47.1484 -11.4677 -35.9107 60.366 0 0 0 0 0 0 0 1234 14.5393
0.000456304349759919365 1.20542 0 400040 15.3442 27.2962 14.5912 0 75.3738 1 1 75.3738 2.44864 331.769 0 66.3471 -35.6217 3.22025 75.3738 0 0 0 0 0 0 0 1234 14.7091
0.000456304349759919365 1.37511 0 400253 17.981 29.0167 16.3278 0 78.8692 1 1 78.8692 20.0596 65.6576 0 30.5369 67.4985 27.0519 78.8692 0 0 0 0 0 0 0 1234 14.6048
0.000456304349759919365 3.22747 0 400540 17.0576 28.3129 15.6267 0 32.5491 1 1 32.5491 -21.2523 181.417 0 -30.3263 -0.749981 -11.7983 32.5491 0 0 0 0 0 0 0 1234 14.3659
0.00047111455194990908 4.29208 0 400289 15.7642 15.6761 3.21465 0 68.8175 1 1 68.8175 -17.3602 323.979 0 53.1245 -38.6266 -20.5336 68.8175 0 0 0 0 0 0 0 1234 14.8452
0.000494832292790723586 0.629027 0 400144 15.1487 26.6192 13.8917 0 230.678 1 1 230.678 1.14742 143.485 0 -185.359 137.232 4.61931 230.678 0 0 0 0 0 0 0 1234 15.9783
0.000494832292790723586 1.07798 0 400486 16.2488 26.9376 14.2201 0 127.14 1 1 127.14 -54.563 156.659 0 -67.6841 29.2074 -103.588 127.14 0 0 0 0 0 0 0 1234 15.8394
0.000494832292790723586 1.13812 0 400104 15.8775 27.5569 14.8594 0 180.731 1 1 180.731 81.3383 259.863 0 -4.79056 -26.7931 178.67 180.731 0 0 0 0 0 0 0 1234 15.2846
0.000494832292790723586 3.48037 0 400101 16.3352 27.5185 14.8216 0 161.493 1 1 161.493 -48.378 91.6043 0 -3.00316 107.224 -120.723 161.493 0 0 0 0 0 0 0 1234 15.63
0.000494832292790723586 3.52884 0 400298 13.8958 26.1482 13.3983 0 108.02 1 1 108.02 -6.06281 232.57 0 -65.2862 -85.2982 -11.4089 108.02 0 0 0 0 0 0 0 1234 15.8246
0.000519366938356489896 0.759552 0 400271 14.6124 26.4817 13.7456 0 55.8862 1 1 55.8862 37.4334 341.422 0 42.0645 -14.1383 33.9698 55.8862 0 0 0 0 0 0 0 1234 16.0795
0.000519366938356489896 6.54678 0 400238 14.9133 26.3949 13.6546 0 184.887 1 1 184.887 -26.5218 117.49 0 -76.3622 146.751 -82.5589 184.887 0 0 0 0 0 0 0 1234 16.0487
0.00053811372282677023 0.405388 0 400008 16.0161 26.2429 13.4986 0 140.353 1 1 140.353 28.4443 227.345 0 -83.6207 -90.7614 66.8508 140.353 0 0 0 0 0 0 0 1234 16.9385
0.00053811372282677023 0.535139 0 400095 15.352 25.554 12.7796 0 150.117 1 1 150.117 5.40076 136.287 0 -108.024 103.278 14.1293 150.117 0 0 0 0 0 0 0 1234 16.9289
0.00053811372282677023 0.541872 0 400393 13.3951 24.8308 12.0273 0 90.3844 1 1 90.3844 66.1032 173.731 0 -36.3949 3.998 82.6364 90.3844 0 0 0 0 0 0 0 1234 17.2358
0.00053811372282677023 1.79396 0 400377 13.8035 24.6397 11.8271 0 200.886 1 1 200.886 -35.1703 236.13 0 -91.5184 -136.346 -115.712 200.886 0 0 0 0 0 0 0 1234 17.1124
0.000545647332884258802 1.23024 0 400063 11.9966 24.0385 11.2091 0 131.608 1 1 131.608 -6.02524 59.3309 0 66.7597 112.574 -13.8144 131.608 0 0 0 0 0 0 0 1234 17.5142
0.000545647332884258802 3.19957 0 400023 15.5935 25.5654 12.7924 0 249.802 1 1 249.802 -52.5678 337.732 0 140.512 -57.5361 -198.361 249.802 0 0 0 0 0 0 0 1234 17.4035
0.00058617272585570826 0.834019 0 400197 13.9611 23.5702 10.7331 0 416.98 1 1 416.98 10.1592 288.402 0 129.569 -389.455 73.5486 416.98 0 0 0 0 0 0 0 1234 18.6821
0.00058617272585570826 1.07575 0 400415 14.1549 23.9369 11.1057 0 176.98 1 1 176.98 -13.2915 305.484 0 99.981 -140.25 -40.6885 176.98 0 0 0 0 0 0 0 1234 18.7227
0.00058617272585570826 1.48836 0 400206 14.2349 24.1615 11.3375 0 242.65 1 1 242.65 -23.4468 18.9032 0 210.609 72.1204 -96.5499 242.65 0 0 0 0 0 0 0 1234 18.1703
0.00058617272585570826 2.02518 0 400177 13.4086 23.4167 10.5796 0 382.087 1 1 382.087 7.5792 97.0888 0 -46.7403 375.853 50.3959 382.087 0 0 0 0 0 0 0 1234 18.8225
0.00058617272585570826 2.66853 0 400301 14.2813 24.5307 11.7152 0 164.217 1 1 164.217 -19.2828 178.438 0 -154.947 4.2264 -54.2295 164.217 0 0 0 0 0 0 0 1234 17.9472
0.00058617272585570826 3.04158 0 400002 13.3037 23.794 10.962 0 154.668 1 1 154.668 -56.5684 138.707 0 -64.0237 56.233 -129.077 154.668 0 0 0 0 0 0 0 1234 18.4998
0.000611133941768603238 0.537662 0 400028 13.8307 23.4689 10.6327 0 260.222 1 1 260.222 -83.353 340.984 0 28.4774 -9.8147 -258.473 260.222 0 0 0 0 0 0 0 1234 18.984
0.000611133941768603238 0.650343 0 400205 14.3576 23.8203 10.989 0 177.432 1 1 177.432 57.4255 21.745 0 88.7311 35.3911 149.52 177.432 0 0 0 0 0 0 0 1234 19.1726
0.000611133941768603238 1.18342 0 400331 13.2939 18.8353 5.0936 0 260.942 1 1 260.942 50.6664 86.1944 0 10.9773 165.029 201.83 260.942 0 0 0 0 0 0 0 1234 19.5145
0.000637253885661259343 1.17451 0 400224 13.1107 22.4884 9.65453 0 137.224 1 1 137.224 7.2309 16.8189 0 130.31 39.3899 17.2722 137.224 0 0 0 0 0 0 0 1234 20.249
0.000637253885661259343 1.66173 0 400341 13.2522 22.4375 9.60404 0 250.671 1 1 250.671 65.6682 151.786 0 -91.0109 48.8274 228.405 250.671 0 0 0 0 0 0 0 1234 20.3842
0.000637253885661259343 2.68857 0 400021 11.2854 21.8588 9.04456 0 342.705 1 1 342.705 -54.1777 197.48 0 -191.314 -60.2462 -277.877 342.705 0 0 0 0 0 0 0 1234 20.0651
0.000668336296185957873 1.50906 0 400117 11.0985 21.0278 8.26028 0 240.034 1 1 240.034 16.5771 128.358 0 -142.768 180.399 68.4829 240.034 0 0 0 0 0 0 0 1234 21.3758
0.000668336296185957873 2.20755 0 400105 11.8558 21.1277 8.35286 0 483.094 1 1 483.094 32.6768 219.865 0 -312.114 -260.646 260.822 483.094 0 0 0 0 0 0 0 1234 21.5211
0.00072013114087653065 1.50489 0 400283 10.6632 20.0431 6.81679 0 362.915 1 1 362.915 -23.1706 297.688 0 155.027 -295.438 -142.796 362.915 0 0 0 0 0 0 0 1234 22.5383
0.000866580300101842181 3.43278 0 408176 9.94514 18.0466 4.17342 0 159.649 1 1 159.649 -0.801886 40.3342 0 121.685 103.322 -2.2343 159.649 0 0 0 0 0 0 0 1234 27.3358
